file,page,text,font_size,is_bold,x0,y0,color,is_italic,casing,text_length,is_underline,font_family,stopword_ratio
CZOP2ITFIK5GAH4SD3GJI755X7QFUHM3.pdf,0,Department of Veterans Affairs,12.0,True,72.0,36.46784973144531,#000000,False,mixed,30,True,TimesNewRomanPS-BoldMT,0.25
CZOP2ITFIK5GAH4SD3GJI755X7QFUHM3.pdf,0,VHA DIRECTIVE  1605,12.0,True,406.80914306640625,36.46784973144531,#000000,False,mixed,19,True,TimesNewRomanPS-BoldMT,0.0
CZOP2ITFIK5GAH4SD3GJI755X7QFUHM3.pdf,0,Veterans Health Administration,12.0,True,72.0,50.26777648925781,#000000,False,capitalized,30,True,TimesNewRomanPS-BoldMT,0.0
CZOP2ITFIK5GAH4SD3GJI755X7QFUHM3.pdf,0,Transmittal Sheet,12.0,True,442.2906494140625,50.26777648925781,#000000,False,capitalized,17,True,TimesNewRomanPS-BoldMT,0.0
CZOP2ITFIK5GAH4SD3GJI755X7QFUHM3.pdf,0,"Washington, DC  20420",12.0,True,72.0,64.06770324707031,#000000,False,mixed,21,True,TimesNewRomanPS-BoldMT,0.0
CZOP2ITFIK5GAH4SD3GJI755X7QFUHM3.pdf,0,"March 17, 2005",12.0,True,454.9209289550781,64.06770324707031,#000000,False,sentence,14,True,TimesNewRomanPS-BoldMT,0.0
CZOP2ITFIK5GAH4SD3GJI755X7QFUHM3.pdf,0,VHA PRIVACY PROGRAM,12.0,True,230.340087890625,91.66773986816406,#000000,False,all_caps,19,True,TimesNewRomanPS-BoldMT,0.0
CZOP2ITFIK5GAH4SD3GJI755X7QFUHM3.pdf,0,1.  REASON FOR ISSUE.  This Veterans Health Administration (VHA) Directive establishes,12.0,True,72.0,119.14765930175781,#000000,False,mixed,86,True,TimesNewRomanPS-BoldMT,0.18181818181818182
CZOP2ITFIK5GAH4SD3GJI755X7QFUHM3.pdf,0,"a VHA-wide program for the protection of the privacy of veterans, their dependents, and",12.0,False,72.0,132.9475860595703,#000000,False,mixed,87,True,TimesNewRomanPSMT,0.5333333333333333
CZOP2ITFIK5GAH4SD3GJI755X7QFUHM3.pdf,0,"beneficiaries in accordance with Federal privacy statutes and regulations, as well as establishes",12.0,False,72.0,146.7475128173828,#000000,False,mixed,97,True,TimesNewRomanPSMT,0.38461538461538464
CZOP2ITFIK5GAH4SD3GJI755X7QFUHM3.pdf,0,privacy policies to comply with the Department of Veterans Affairs (VA) Directive 6502.,12.0,False,72.0,160.5474395751953,#000000,False,mixed,87,True,TimesNewRomanPSMT,0.3076923076923077
CZOP2ITFIK5GAH4SD3GJI755X7QFUHM3.pdf,0,2.  SUMMARY OF CONTENTS/MAJOR CHANGES.  This VHA Directive sets forth:,12.0,True,72.0,188.14747619628906,#000000,False,mixed,70,True,TimesNewRomanPS-BoldMT,0.18181818181818182
CZOP2ITFIK5GAH4SD3GJI755X7QFUHM3.pdf,0,a.  Policy for the VHA Privacy Program. This policy requires VA-wide compliance with all,12.0,False,90.0,215.74732971191406,#000000,False,mixed,88,True,TimesNewRomanPSMT,0.4
CZOP2ITFIK5GAH4SD3GJI755X7QFUHM3.pdf,0,"applicable privacy laws, regulations, Executive Orders and implementation policies, guidance,",12.0,False,72.0,229.54725646972656,#000000,False,mixed,93,True,TimesNewRomanPSMT,0.1
CZOP2ITFIK5GAH4SD3GJI755X7QFUHM3.pdf,0,"directives, and handbooks.",12.0,False,72.0,243.34718322753906,#000000,False,mixed,26,True,TimesNewRomanPSMT,0.3333333333333333
CZOP2ITFIK5GAH4SD3GJI755X7QFUHM3.pdf,0,"b.  Provision of the Freedom of Information Act, Privacy Act, Title 38 United States Code",12.0,False,90.0,270.9470520019531,#000000,False,mixed,89,True,TimesNewRomanPSMT,0.2
CZOP2ITFIK5GAH4SD3GJI755X7QFUHM3.pdf,0,"(U.S.C.) (U.S.C. Sections 5701, 5705, 7332), and Standard of Privacy of Individually-",12.0,False,72.0,284.7469787597656,#000000,False,mixed,85,True,TimesNewRomanPSMT,0.3125
CZOP2ITFIK5GAH4SD3GJI755X7QFUHM3.pdf,0,"Identifiable Health Information, 45 Code of Federal Regulations (CFR) Parts 160 and 164, hence",12.0,False,72.0,298.54693603515625,#000000,False,mixed,94,True,TimesNewRomanPSMT,0.14285714285714285
CZOP2ITFIK5GAH4SD3GJI755X7QFUHM3.pdf,0,Health Insurance Portability and Accountability Act (HIPAA) Privacy Rule.,12.0,False,72.0,312.3468322753906,#000000,False,mixed,73,True,TimesNewRomanPSMT,0.1111111111111111
CZOP2ITFIK5GAH4SD3GJI755X7QFUHM3.pdf,0,c.  Responsibilities for implementing and managing the VHA-wide Privacy Program; and,12.0,False,90.0,339.94671630859375,#000000,False,mixed,84,True,TimesNewRomanPSMT,0.3333333333333333
CZOP2ITFIK5GAH4SD3GJI755X7QFUHM3.pdf,0,d.  References related to the VHA Privacy Program.,12.0,False,90.0,367.5465393066406,#000000,False,mixed,50,True,TimesNewRomanPSMT,0.375
CZOP2ITFIK5GAH4SD3GJI755X7QFUHM3.pdf,0,3.  RELATED HANDBOOKS.  VHA Handbook 1605.1 and VHA Handbook 1605.2.,12.0,True,72.0,395.0865478515625,#000000,False,mixed,68,True,TimesNewRomanPS-BoldMT,0.08333333333333333
CZOP2ITFIK5GAH4SD3GJI755X7QFUHM3.pdf,0,4.  RESPONSIBLE OFFICE.  The VHA Office of Health Data and Informatics (19F) is,12.0,True,72.0,422.68658447265625,#000000,False,mixed,79,True,TimesNewRomanPS-BoldMT,0.3076923076923077
CZOP2ITFIK5GAH4SD3GJI755X7QFUHM3.pdf,0,responsible for the contents of this Directive.  Questions may be referred to the VHA Privacy,12.0,False,72.0,436.4864807128906,#000000,False,mixed,93,True,TimesNewRomanPSMT,0.4666666666666667
CZOP2ITFIK5GAH4SD3GJI755X7QFUHM3.pdf,0,Officer at 727-320-1839.,12.0,False,72.0,450.28643798828125,#000000,False,sentence,24,True,TimesNewRomanPSMT,0.2
CZOP2ITFIK5GAH4SD3GJI755X7QFUHM3.pdf,0,5.  RESCISSIONS.  None.,12.0,True,72.0,477.886474609375,#000000,False,mixed,23,True,TimesNewRomanPS-BoldMT,0.0
CZOP2ITFIK5GAH4SD3GJI755X7QFUHM3.pdf,0,6.  RECERTIFICATION.  This VHA Directive is scheduled for recertification on or before the,12.0,True,72.0,505.4863586425781,#000000,False,mixed,90,True,TimesNewRomanPS-BoldMT,0.5384615384615384
CZOP2ITFIK5GAH4SD3GJI755X7QFUHM3.pdf,0,last day of March 2010.,12.0,False,72.00018310546875,519.2862548828125,#000000,False,mixed,23,True,TimesNewRomanPSMT,0.2
CZOP2ITFIK5GAH4SD3GJI755X7QFUHM3.pdf,0,"S/ Jonathan Perlin, MD, PhD, MSHA, FACP",12.0,False,283.5001525878906,574.4859008789062,#000000,False,mixed,39,True,TimesNewRomanPSMT,0.14285714285714285
CZOP2ITFIK5GAH4SD3GJI755X7QFUHM3.pdf,0,Acting Under Secretary for Health,12.0,False,283.5001525878906,588.2858276367188,#000000,False,mixed,33,True,TimesNewRomanPSMT,0.4
CZOP2ITFIK5GAH4SD3GJI755X7QFUHM3.pdf,0,DISTRIBUTION: CO:,12.0,False,72.00018310546875,615.8856811523438,#000000,False,all_caps,17,True,TimesNewRomanPSMT,0.0
CZOP2ITFIK5GAH4SD3GJI755X7QFUHM3.pdf,0,E-mailed 3/22/2005,12.0,False,217.00685119628906,615.8856811523438,#000000,False,sentence,18,True,TimesNewRomanPSMT,0.0
CZOP2ITFIK5GAH4SD3GJI755X7QFUHM3.pdf,0,FLD:,12.0,False,167.4000701904297,629.6856079101562,#000000,False,all_caps,4,True,TimesNewRomanPSMT,0.0
CZOP2ITFIK5GAH4SD3GJI755X7QFUHM3.pdf,0,"VISN, MA, DO, OC, OCRO, and 200 – E-mailed 3/22/2005",12.0,False,216.8997802734375,629.6856079101562,#000000,False,mixed,52,True,TimesNewRomanPSMT,0.25
CZOP2ITFIK5GAH4SD3GJI755X7QFUHM3.pdf,0,T-1,12.0,True,522.0,742.6679077148438,#000000,False,sentence,3,True,TimesNewRomanPS-BoldMT,0.5
CZOP2ITFIK5GAH4SD3GJI755X7QFUHM3.pdf,1,"March 17, 2005",12.0,True,72.0,36.46803283691406,#000000,False,sentence,14,True,TimesNewRomanPS-BoldMT,0.0
CZOP2ITFIK5GAH4SD3GJI755X7QFUHM3.pdf,1,VHA DIRECTIVE 1605,12.0,True,415.32757568359375,36.46803283691406,#000000,False,mixed,18,True,TimesNewRomanPS-BoldMT,0.0
CZOP2ITFIK5GAH4SD3GJI755X7QFUHM3.pdf,1,1,12.0,True,534.0,742.6679077148438,#000000,False,mixed,1,True,TimesNewRomanPS-BoldMT,0.0
CZOP2ITFIK5GAH4SD3GJI755X7QFUHM3.pdf,1,VHA PRIVACY PROGRAM,12.0,True,228.11993408203125,77.86781311035156,#000000,False,all_caps,19,True,TimesNewRomanPS-BoldMT,0.0
CZOP2ITFIK5GAH4SD3GJI755X7QFUHM3.pdf,1,1.  PURPOSE: This VHA Directive provides policy and responsibilities for the VHA Privacy,12.0,True,72.0,105.34773254394531,#000000,False,mixed,88,True,TimesNewRomanPS-BoldMT,0.3076923076923077
CZOP2ITFIK5GAH4SD3GJI755X7QFUHM3.pdf,1,Program; and covers the responsibilities and requirements for compliance with all Federal,12.0,False,72.0,119.14759826660156,#000000,False,mixed,89,True,TimesNewRomanPSMT,0.5
CZOP2ITFIK5GAH4SD3GJI755X7QFUHM3.pdf,1,confidentiality laws and regulations.,12.0,False,72.0001220703125,132.9474639892578,#000000,False,mixed,37,True,TimesNewRomanPSMT,0.25
CZOP2ITFIK5GAH4SD3GJI755X7QFUHM3.pdf,1,2.  BACKGROUND: The VHA Privacy Program applies to:,12.0,True,72.0,160.5474395751953,#000000,False,mixed,51,True,TimesNewRomanPS-BoldMT,0.25
CZOP2ITFIK5GAH4SD3GJI755X7QFUHM3.pdf,1,a.  Personal data that identifies an individual (herein referred to as “individually-identifiable,12.0,False,89.99543762207031,188.1472930908203,#000000,False,mixed,97,True,TimesNewRomanPSMT,0.38461538461538464
CZOP2ITFIK5GAH4SD3GJI755X7QFUHM3.pdf,1,"information”) that is collected, created, transmitted, used, processed, stored, or disposed of by or",12.0,False,72.00009155273438,201.94715881347656,#000000,False,mixed,100,True,TimesNewRomanPSMT,0.42857142857142855
CZOP2ITFIK5GAH4SD3GJI755X7QFUHM3.pdf,1,for VHA; and,12.0,False,72.00010681152344,215.7470245361328,#000000,False,mixed,12,True,TimesNewRomanPSMT,0.6666666666666666
CZOP2ITFIK5GAH4SD3GJI755X7QFUHM3.pdf,1,"b.  VHA components pertaining to all individually-identifiable information, which is",12.0,False,90.00018310546875,243.3470001220703,#000000,False,mixed,84,True,TimesNewRomanPSMT,0.36363636363636365
CZOP2ITFIK5GAH4SD3GJI755X7QFUHM3.pdf,1,"maintained in any medium, including hard copy, microfilm, and electronic format and by",12.0,False,72.00021362304688,257.1468811035156,#000000,False,mixed,86,True,TimesNewRomanPSMT,0.38461538461538464
CZOP2ITFIK5GAH4SD3GJI755X7QFUHM3.pdf,1,"information systems administrated by, or otherwise under the authority or control of, the",12.0,False,72.00021362304688,270.9467468261719,#000000,False,mixed,89,True,TimesNewRomanPSMT,0.5384615384615384
CZOP2ITFIK5GAH4SD3GJI755X7QFUHM3.pdf,1,Department of Veterans Affairs (VA).,12.0,False,72.00021362304688,284.7466125488281,#000000,False,mixed,36,True,TimesNewRomanPSMT,0.2
CZOP2ITFIK5GAH4SD3GJI755X7QFUHM3.pdf,1,3.  POLICY:  It is VHA policy that a VHA-wide Privacy Program be implemented through the,12.0,True,72.00018310546875,312.3466491699219,#000000,False,mixed,88,True,TimesNewRomanPS-BoldMT,0.4375
CZOP2ITFIK5GAH4SD3GJI755X7QFUHM3.pdf,1,VHA Privacy Office in the Office of Health Data and Informatics.,12.0,False,72.00018310546875,326.1465148925781,#000000,False,mixed,64,True,TimesNewRomanPSMT,0.36363636363636365
CZOP2ITFIK5GAH4SD3GJI755X7QFUHM3.pdf,1,4.  RESPONSIBILITIES,12.0,True,72.00018310546875,353.8665466308594,#000000,False,mixed,20,True,TimesNewRomanPS-BoldMT,0.0
CZOP2ITFIK5GAH4SD3GJI755X7QFUHM3.pdf,1,a.  VHA Chief Health Informatics Officer (CHIO). The VHA CHIO is responsible for:,12.0,True,90.00018310546875,381.3464660644531,#000000,False,mixed,81,True,TimesNewRomanPSMT,0.3076923076923077
CZOP2ITFIK5GAH4SD3GJI755X7QFUHM3.pdf,1,(1)  Ensuring that Department-wide privacy policies and procedures are implemented,12.0,False,89.99990844726562,408.88800048828125,#000000,False,mixed,82,True,TimesNewRomanPSMT,0.2727272727272727
CZOP2ITFIK5GAH4SD3GJI755X7QFUHM3.pdf,1,through the VHA Privacy Program; and,12.0,False,72.00027465820312,422.6878662109375,#000000,False,mixed,36,True,TimesNewRomanPSMT,0.5
CZOP2ITFIK5GAH4SD3GJI755X7QFUHM3.pdf,1,(2)  Seeking technical guidance and requirements for the protection of all privacy–protected,12.0,False,90.00261688232422,450.28778076171875,#000000,False,mixed,92,True,TimesNewRomanPSMT,0.38461538461538464
CZOP2ITFIK5GAH4SD3GJI755X7QFUHM3.pdf,1,data from the VA Privacy Service for the development and approval of cyber security,12.0,False,71.9998550415039,464.087646484375,#000000,False,mixed,83,True,TimesNewRomanPSMT,0.42857142857142855
CZOP2ITFIK5GAH4SD3GJI755X7QFUHM3.pdf,1,"acquisitions, budgeting, and funding.",12.0,False,71.99993896484375,477.88751220703125,#000000,False,mixed,37,True,TimesNewRomanPSMT,0.25
CZOP2ITFIK5GAH4SD3GJI755X7QFUHM3.pdf,1,b.  VHA Privacy Officer.  The VHA Privacy Officer is responsible for:,12.0,True,90.00009155273438,505.4874572753906,#000000,False,mixed,69,True,TimesNewRomanPSMT,0.2727272727272727
CZOP2ITFIK5GAH4SD3GJI755X7QFUHM3.pdf,1,(1)  Performing all privacy duties and responsibilities as designated by the VA Privacy,12.0,False,89.99989318847656,533.0877685546875,#000000,False,mixed,87,True,TimesNewRomanPSMT,0.38461538461538464
CZOP2ITFIK5GAH4SD3GJI755X7QFUHM3.pdf,1,Service and VHA CHIO;,12.0,False,71.99990844726562,546.8876342773438,#000000,False,mixed,21,True,TimesNewRomanPSMT,0.25
CZOP2ITFIK5GAH4SD3GJI755X7QFUHM3.pdf,1,(2)  Developing and implementing a VHA Privacy Program;,12.0,False,89.99401092529297,574.487548828125,#000000,False,mixed,55,True,TimesNewRomanPSMT,0.25
CZOP2ITFIK5GAH4SD3GJI755X7QFUHM3.pdf,1,"(3)  Developing, issuing, reviewing, and coordinating privacy policy for VHA in conjunction",12.0,False,89.99761962890625,602.08740234375,#000000,False,mixed,91,True,TimesNewRomanPSMT,0.25
CZOP2ITFIK5GAH4SD3GJI755X7QFUHM3.pdf,1,with policy efforts by VA;,12.0,False,72.00003051757812,615.8872680664062,#000000,False,mixed,26,True,TimesNewRomanPSMT,0.4
CZOP2ITFIK5GAH4SD3GJI755X7QFUHM3.pdf,1,"(4)  Coordinating requirements and monitoring compliance with all Federal privacy law,",12.0,False,85.49989318847656,643.4871826171875,#000000,False,mixed,86,True,TimesNewRomanPSMT,0.2727272727272727
CZOP2ITFIK5GAH4SD3GJI755X7QFUHM3.pdf,1,"regulations, and guidance with VHA;",12.0,False,71.99989318847656,657.2870483398438,#000000,False,mixed,35,True,TimesNewRomanPSMT,0.4
CZOP2ITFIK5GAH4SD3GJI755X7QFUHM3.pdf,1,(5)  Issuing direction to facility-level Privacy Officers regarding all aspects of implementing,12.0,False,85.5000228881836,684.886962890625,#000000,False,mixed,95,True,TimesNewRomanPSMT,0.23076923076923078
CZOP2ITFIK5GAH4SD3GJI755X7QFUHM3.pdf,1,the VHA Privacy Program;,12.0,False,71.9998779296875,698.6868286132812,#000000,False,mixed,24,True,TimesNewRomanPSMT,0.25
CZOP2ITFIK5GAH4SD3GJI755X7QFUHM3.pdf,2,VHA DIRECTIVE 1605,12.0,True,72.0,36.46803283691406,#000000,False,mixed,18,True,TimesNewRomanPS-BoldMT,0.0
CZOP2ITFIK5GAH4SD3GJI755X7QFUHM3.pdf,2,"March 17, 2005",12.0,True,460.329833984375,36.46803283691406,#000000,False,sentence,14,True,TimesNewRomanPS-BoldMT,0.0
CZOP2ITFIK5GAH4SD3GJI755X7QFUHM3.pdf,2,2,12.0,True,72.0,742.66796875,#000000,False,mixed,1,True,TimesNewRomanPS-BoldMT,0.0
CZOP2ITFIK5GAH4SD3GJI755X7QFUHM3.pdf,2,(6)  Establishing requirements for the responsibilities of facility-level Privacy Officers and,12.0,False,85.5,77.74806213378906,#000000,False,mixed,94,True,TimesNewRomanPSMT,0.3333333333333333
CZOP2ITFIK5GAH4SD3GJI755X7QFUHM3.pdf,2,"providing implementation guidance, as needed;",12.0,False,71.99998474121094,91.54792785644531,#000000,False,mixed,45,True,TimesNewRomanPSMT,0.2
CZOP2ITFIK5GAH4SD3GJI755X7QFUHM3.pdf,2,(7)  Providing VHA-specific privacy training tools and periodically monitoring compliance,12.0,False,85.5,119.14784240722656,#000000,False,mixed,89,True,TimesNewRomanPSMT,0.09090909090909091
CZOP2ITFIK5GAH4SD3GJI755X7QFUHM3.pdf,2,with the annual training requirement;,12.0,False,71.9998779296875,132.9477081298828,#000000,False,mixed,37,True,TimesNewRomanPSMT,0.4
CZOP2ITFIK5GAH4SD3GJI755X7QFUHM3.pdf,2,"(8)  Examining new or pending legislation, in conjunction with the Office of General",12.0,False,85.49981689453125,160.54762268066406,#000000,False,mixed,84,True,TimesNewRomanPSMT,0.38461538461538464
CZOP2ITFIK5GAH4SD3GJI755X7QFUHM3.pdf,2,"Counsel, to determine the actual or potential impact of such legislation on privacy policy and/or",12.0,False,71.99981689453125,174.3474884033203,#000000,False,sentence,97,True,TimesNewRomanPSMT,0.5
CZOP2ITFIK5GAH4SD3GJI755X7QFUHM3.pdf,2,practice at VHA;,12.0,False,71.99957275390625,188.14735412597656,#000000,False,mixed,16,True,TimesNewRomanPSMT,0.3333333333333333
CZOP2ITFIK5GAH4SD3GJI755X7QFUHM3.pdf,2,"(9)  Establishing VHA policy on the reporting, tracking, resolution, and auditing of VHA",12.0,False,85.49483489990234,215.74732971191406,#000000,False,mixed,88,True,TimesNewRomanPSMT,0.3076923076923077
CZOP2ITFIK5GAH4SD3GJI755X7QFUHM3.pdf,2,privacy violations and complaints;,12.0,False,71.99961853027344,229.5471954345703,#000000,False,mixed,34,True,TimesNewRomanPSMT,0.25
CZOP2ITFIK5GAH4SD3GJI755X7QFUHM3.pdf,2,(10)  Ensuring VHA resolves all privacy breaches in a timely fashion and in accordance with,12.0,False,85.4996337890625,257.1471252441406,#000000,False,mixed,91,True,TimesNewRomanPSMT,0.4
CZOP2ITFIK5GAH4SD3GJI755X7QFUHM3.pdf,2,applicable law;,12.0,False,71.9996337890625,270.9469909667969,#000000,False,mixed,15,True,TimesNewRomanPSMT,0.0
CZOP2ITFIK5GAH4SD3GJI755X7QFUHM3.pdf,2,(11)  Reporting all actual or suspected breaches of privacy of individually-identifiable,12.0,False,85.4996337890625,298.5469055175781,#000000,False,mixed,88,True,TimesNewRomanPSMT,0.3333333333333333
CZOP2ITFIK5GAH4SD3GJI755X7QFUHM3.pdf,2,information observed or received at the national level to the tracking service designated by the,12.0,False,71.9996337890625,312.3467712402344,#000000,False,mixed,96,True,TimesNewRomanPSMT,0.4666666666666667
CZOP2ITFIK5GAH4SD3GJI755X7QFUHM3.pdf,2,VA Privacy Service;,12.0,False,71.9996337890625,326.1466369628906,#000000,False,mixed,19,True,TimesNewRomanPSMT,0.0
CZOP2ITFIK5GAH4SD3GJI755X7QFUHM3.pdf,2,(12)  Coordinating investigation of and response to privacy complaints received from the,12.0,False,85.50444030761719,353.7466125488281,#000000,False,mixed,88,True,TimesNewRomanPSMT,0.4166666666666667
CZOP2ITFIK5GAH4SD3GJI755X7QFUHM3.pdf,2,"Department of Health and Human Services, Office of Civil Rights;",12.0,False,71.9996337890625,367.5464782714844,#000000,False,mixed,64,True,TimesNewRomanPSMT,0.3
CZOP2ITFIK5GAH4SD3GJI755X7QFUHM3.pdf,2,(13)  Maintaining a Notice of Privacy Practices; and,12.0,False,85.4996337890625,395.0865173339844,#000000,False,mixed,52,True,TimesNewRomanPSMT,0.375
CZOP2ITFIK5GAH4SD3GJI755X7QFUHM3.pdf,2,"(14)  Providing expert guidance to the field in regard to the Privacy Act, Title 38 United",12.0,False,85.50455474853516,422.6863708496094,#000000,False,mixed,90,True,TimesNewRomanPSMT,0.3125
CZOP2ITFIK5GAH4SD3GJI755X7QFUHM3.pdf,2,"States Code (U.S.C.) Sections 5701 and 7332, Health Insurance Portability and Accountability",12.0,False,71.99964904785156,436.4862365722656,#000000,False,mixed,92,True,TimesNewRomanPSMT,0.21428571428571427
CZOP2ITFIK5GAH4SD3GJI755X7QFUHM3.pdf,2,"Act (HIPAA) Privacy Rule, and other applicable Federal privacy laws.",12.0,False,71.99966430664062,450.2861022949219,#000000,False,mixed,68,True,TimesNewRomanPSMT,0.2
CZOP2ITFIK5GAH4SD3GJI755X7QFUHM3.pdf,2,c.  Veterans Integrated Service Network (VISN) Director and Chief Program Officers.,12.0,True,85.4996337890625,477.8860778808594,#000000,False,mixed,83,True,TimesNewRomanPSMT,0.09090909090909091
CZOP2ITFIK5GAH4SD3GJI755X7QFUHM3.pdf,2,The VISN Directors and Chief Program Officers are responsible for:,12.0,False,71.999755859375,491.6878967285156,#000000,False,mixed,66,True,TimesNewRomanPSMT,0.4
CZOP2ITFIK5GAH4SD3GJI755X7QFUHM3.pdf,2,"(1)  Ensuring compliance within their respective programs with all Federal laws, regulations,",12.0,False,85.5022201538086,519.2877807617188,#000000,False,mixed,93,True,TimesNewRomanPSMT,0.25
CZOP2ITFIK5GAH4SD3GJI755X7QFUHM3.pdf,2,"VA regulation and policies, and VHA policies relating to privacy;",12.0,False,71.99980163574219,533.087646484375,#000000,False,mixed,65,True,TimesNewRomanPSMT,0.3
CZOP2ITFIK5GAH4SD3GJI755X7QFUHM3.pdf,2,(2)  Ensuring that all personnel within their respective programs attend annual privacy,12.0,False,85.49981689453125,560.6875610351562,#000000,False,mixed,87,True,TimesNewRomanPSMT,0.25
CZOP2ITFIK5GAH4SD3GJI755X7QFUHM3.pdf,2,training in accordance with applicable requirements and VHA privacy policy;,12.0,False,71.99983215332031,574.4874267578125,#000000,False,mixed,75,True,TimesNewRomanPSMT,0.3
CZOP2ITFIK5GAH4SD3GJI755X7QFUHM3.pdf,2,(3)  Ensuring that all personnel within their respective programs attend privacy training,12.0,False,85.49981689453125,602.0873413085938,#000000,False,mixed,89,True,TimesNewRomanPSMT,0.25
CZOP2ITFIK5GAH4SD3GJI755X7QFUHM3.pdf,2,"before they are granted access to any individually–identifiable information, and that personnel",12.0,False,71.99981689453125,615.88720703125,#000000,False,mixed,95,True,TimesNewRomanPSMT,0.5384615384615384
CZOP2ITFIK5GAH4SD3GJI755X7QFUHM3.pdf,2,receive the follow-up privacy training periodically;,12.0,False,71.99981689453125,629.6871337890625,#000000,False,mixed,52,True,TimesNewRomanPSMT,0.2857142857142857
CZOP2ITFIK5GAH4SD3GJI755X7QFUHM3.pdf,2,(4)  Implementing the requirements of the VHA Privacy Program; and,12.0,False,85.49981689453125,657.2870483398438,#000000,False,mixed,66,True,TimesNewRomanPSMT,0.4
CZOP2ITFIK5GAH4SD3GJI755X7QFUHM3.pdf,2,(5)  Designating an individual to provide guidance and oversight to ensure compliance with,12.0,False,85.4974136352539,684.8869018554688,#000000,False,mixed,90,True,TimesNewRomanPSMT,0.38461538461538464
CZOP2ITFIK5GAH4SD3GJI755X7QFUHM3.pdf,2,privacy regulations for their respective programs.,12.0,False,71.99981689453125,698.686767578125,#000000,False,mixed,50,True,TimesNewRomanPSMT,0.3333333333333333
CZOP2ITFIK5GAH4SD3GJI755X7QFUHM3.pdf,3,"March 17, 2005",12.0,True,72.0,36.46803283691406,#000000,False,sentence,14,True,TimesNewRomanPS-BoldMT,0.0
CZOP2ITFIK5GAH4SD3GJI755X7QFUHM3.pdf,3,VHA DIRECTIVE 1605,12.0,True,415.32757568359375,36.46803283691406,#000000,False,mixed,18,True,TimesNewRomanPS-BoldMT,0.0
CZOP2ITFIK5GAH4SD3GJI755X7QFUHM3.pdf,3,3,12.0,True,534.0,742.6679077148438,#000000,False,mixed,1,True,TimesNewRomanPS-BoldMT,0.0
CZOP2ITFIK5GAH4SD3GJI755X7QFUHM3.pdf,3,d.  Medical Center Director.  The Medical Center Director is responsible for:,12.0,True,90.0,77.74787902832031,#000000,False,mixed,77,True,TimesNewRomanPSMT,0.36363636363636365
CZOP2ITFIK5GAH4SD3GJI755X7QFUHM3.pdf,3,(1)  Ensuring there is a Privacy Officer at the facility; and,12.0,False,90.0048599243164,105.34785461425781,#000000,False,mixed,61,True,TimesNewRomanPSMT,0.5454545454545454
CZOP2ITFIK5GAH4SD3GJI755X7QFUHM3.pdf,3,(2)  Ensuring facility policies and procedures consistent with polices contained in this,12.0,False,85.50005340576172,132.9477081298828,#000000,False,mixed,88,True,TimesNewRomanPSMT,0.3333333333333333
CZOP2ITFIK5GAH4SD3GJI755X7QFUHM3.pdf,3,Directive are established and distributed to all employees.,12.0,False,72.00006103515625,146.74757385253906,#000000,False,sentence,59,True,TimesNewRomanPSMT,0.5
CZOP2ITFIK5GAH4SD3GJI755X7QFUHM3.pdf,3,e.  Privacy Officer. The Privacy Officer is assigned responsibility for:,12.0,True,85.50005340576172,174.3474884033203,#000000,False,mixed,72,True,TimesNewRomanPSMT,0.3
CZOP2ITFIK5GAH4SD3GJI755X7QFUHM3.pdf,3,(1)  Developing facility privacy policies consistent with national privacy policies and,12.0,False,85.50007629394531,201.94789123535156,#000000,False,mixed,87,True,TimesNewRomanPSMT,0.18181818181818182
CZOP2ITFIK5GAH4SD3GJI755X7QFUHM3.pdf,3,monitoring compliance with such privacy policies;,12.0,False,72.00009155273438,215.7477569580078,#000000,False,mixed,49,True,TimesNewRomanPSMT,0.3333333333333333
CZOP2ITFIK5GAH4SD3GJI755X7QFUHM3.pdf,3,(2)  Reviewing or auditing all programs at the facility on a periodic basis to determine which,12.0,False,85.50007629394531,243.34767150878906,#000000,False,mixed,94,True,TimesNewRomanPSMT,0.5
CZOP2ITFIK5GAH4SD3GJI755X7QFUHM3.pdf,3,"programs collect, maintain, and store individually-identifiable information in order to ensure",12.0,False,72.00006103515625,257.1475524902344,#000000,False,mixed,94,True,TimesNewRomanPSMT,0.25
CZOP2ITFIK5GAH4SD3GJI755X7QFUHM3.pdf,3,compliance with facility privacy policies;,12.0,False,72.00004577636719,270.9474182128906,#000000,False,mixed,42,True,TimesNewRomanPSMT,0.2
CZOP2ITFIK5GAH4SD3GJI755X7QFUHM3.pdf,3,"(3)  Reporting, in a timely manner, all actual or suspected breaches of privacy of all",12.0,False,85.50007629394531,298.5473937988281,#000000,False,mixed,86,True,TimesNewRomanPSMT,0.4666666666666667
CZOP2ITFIK5GAH4SD3GJI755X7QFUHM3.pdf,3,individually-identifiable information to the tracking service designated by the VA Privacy,12.0,False,72.00007629394531,312.3472595214844,#000000,False,mixed,90,True,TimesNewRomanPSMT,0.3333333333333333
CZOP2ITFIK5GAH4SD3GJI755X7QFUHM3.pdf,3,Service; and,12.0,False,72.00007629394531,326.1471252441406,#000000,False,sentence,12,True,TimesNewRomanPSMT,0.5
CZOP2ITFIK5GAH4SD3GJI755X7QFUHM3.pdf,3,(4)  Providing expert guidance to the facility on all privacy related matters such as Privacy,12.0,False,85.50007629394531,353.7471008300781,#000000,False,mixed,93,True,TimesNewRomanPSMT,0.4
CZOP2ITFIK5GAH4SD3GJI755X7QFUHM3.pdf,3,"Act (PA), Freedom of Information Act (FOIA), HIPAA and 38 U.S.C.",12.0,False,72.00006103515625,367.5469665527344,#000000,False,mixed,64,True,TimesNewRomanPSMT,0.23076923076923078
CZOP2ITFIK5GAH4SD3GJI755X7QFUHM3.pdf,3,f.  VHA Personnel.  All VHA personnel are responsible for:,12.0,True,85.50007629394531,395.0870056152344,#000000,False,mixed,58,True,TimesNewRomanPSMT,0.3333333333333333
CZOP2ITFIK5GAH4SD3GJI755X7QFUHM3.pdf,3,"(1)  Complying with all Federal laws and regulations, VA regulations and policies, and VHA",12.0,False,85.5000228881836,422.6878662109375,#000000,False,mixed,90,True,TimesNewRomanPSMT,0.35714285714285715
CZOP2ITFIK5GAH4SD3GJI755X7QFUHM3.pdf,3,policies relating to privacy;,12.0,False,72.00015258789062,436.48773193359375,#000000,False,mixed,29,True,TimesNewRomanPSMT,0.25
CZOP2ITFIK5GAH4SD3GJI755X7QFUHM3.pdf,3,"(2)  Completing privacy training at the time of employment, annually thereafter, and within 6",12.0,False,85.50469970703125,464.087646484375,#000000,False,mixed,93,True,TimesNewRomanPSMT,0.2857142857142857
CZOP2ITFIK5GAH4SD3GJI755X7QFUHM3.pdf,3,months of a significant change in Federal law and regulation or VHA privacy policy;,12.0,False,72.00003051757812,477.88751220703125,#000000,False,mixed,83,True,TimesNewRomanPSMT,0.35714285714285715
CZOP2ITFIK5GAH4SD3GJI755X7QFUHM3.pdf,3,(3)  Reporting all actual or suspected breaches of privacy in a timely and complete manner to,12.0,False,85.5000228881836,505.4874572753906,#000000,False,mixed,93,True,TimesNewRomanPSMT,0.4375
CZOP2ITFIK5GAH4SD3GJI755X7QFUHM3.pdf,3,the appropriate privacy official; and,12.0,False,72.00001525878906,519.2872314453125,#000000,False,mixed,37,True,TimesNewRomanPSMT,0.4
CZOP2ITFIK5GAH4SD3GJI755X7QFUHM3.pdf,3,"(4)  Using, disclosing, or requesting individually-identifiable information to the minimum",12.0,False,85.5000228881836,546.88720703125,#000000,False,mixed,90,True,TimesNewRomanPSMT,0.2727272727272727
CZOP2ITFIK5GAH4SD3GJI755X7QFUHM3.pdf,3,amount necessary required to perform their specific job function and to accomplish the intended,12.0,False,72.00003051757812,560.6870727539062,#000000,False,mixed,95,True,TimesNewRomanPSMT,0.35714285714285715
CZOP2ITFIK5GAH4SD3GJI755X7QFUHM3.pdf,3,"purpose of the use, disclosure, or request.",12.0,False,72.00001525878906,574.4869384765625,#000000,False,mixed,43,True,TimesNewRomanPSMT,0.42857142857142855
CZOP2ITFIK5GAH4SD3GJI755X7QFUHM3.pdf,3,5.  REFERENCES,12.0,True,72.0000228881836,602.20703125,#000000,False,mixed,14,True,TimesNewRomanPS-BoldMT,0.0
CZOP2ITFIK5GAH4SD3GJI755X7QFUHM3.pdf,3,a.  Title 38 U.S.C. 5701.,12.0,False,89.99990844726562,629.6868896484375,#000000,False,mixed,25,True,TimesNewRomanPSMT,0.2857142857142857
CZOP2ITFIK5GAH4SD3GJI755X7QFUHM3.pdf,3,b.  Title 38 U.S.C. 5705.,12.0,False,90.0001449584961,657.2867431640625,#000000,False,mixed,25,True,TimesNewRomanPSMT,0.14285714285714285
CZOP2ITFIK5GAH4SD3GJI755X7QFUHM3.pdf,3,c.  Title 38 U.S.C. 7332.,12.0,False,89.99990844726562,684.8865966796875,#000000,False,mixed,25,True,TimesNewRomanPSMT,0.14285714285714285
CZOP2ITFIK5GAH4SD3GJI755X7QFUHM3.pdf,4,VHA DIRECTIVE 1605,12.0,True,72.0,36.46803283691406,#000000,False,mixed,18,True,TimesNewRomanPS-BoldMT,0.0
CZOP2ITFIK5GAH4SD3GJI755X7QFUHM3.pdf,4,"March 17, 2005",12.0,True,460.329833984375,36.46803283691406,#000000,False,sentence,14,True,TimesNewRomanPS-BoldMT,0.0
CZOP2ITFIK5GAH4SD3GJI755X7QFUHM3.pdf,4,4,12.0,True,72.0,742.66796875,#000000,False,mixed,1,True,TimesNewRomanPS-BoldMT,0.0
CZOP2ITFIK5GAH4SD3GJI755X7QFUHM3.pdf,4,d.  Title 38 Code of Federal Regulations (CFR) §§1.500-527.,12.0,False,89.9939956665039,63.94813537597656,#000000,False,mixed,59,True,TimesNewRomanPSMT,0.18181818181818182
CZOP2ITFIK5GAH4SD3GJI755X7QFUHM3.pdf,4,e.  Title 38 CFR §§17.500-511.,12.0,False,90.0001220703125,91.54798889160156,#000000,False,mixed,30,True,TimesNewRomanPSMT,0.0
CZOP2ITFIK5GAH4SD3GJI755X7QFUHM3.pdf,4,f.  Title 38 CFR §§1.460-496.,12.0,False,90.0001220703125,119.14784240722656,#000000,False,mixed,29,True,TimesNewRomanPSMT,0.0
CZOP2ITFIK5GAH4SD3GJI755X7QFUHM3.pdf,4,g.  Title 38 CFR §§1.550-557.,12.0,False,89.99988555908203,146.74769592285156,#000000,False,mixed,29,True,TimesNewRomanPSMT,0.0
CZOP2ITFIK5GAH4SD3GJI755X7QFUHM3.pdf,4,h.  Title 38 CFR §§1.575-582.,12.0,False,89.99988555908203,174.34754943847656,#000000,False,mixed,29,True,TimesNewRomanPSMT,0.0
CZOP2ITFIK5GAH4SD3GJI755X7QFUHM3.pdf,4,"i.  Title 45 CFR, Parts 160 and 164.",12.0,False,90.0,201.94740295410156,#000000,False,mixed,36,True,TimesNewRomanPSMT,0.25
CZOP2ITFIK5GAH4SD3GJI755X7QFUHM3.pdf,4,j.  Public Law 104-191.,12.0,False,90.0,229.54725646972656,#000000,False,mixed,23,True,TimesNewRomanPSMT,0.0
CZOP2ITFIK5GAH4SD3GJI755X7QFUHM3.pdf,4,"k.  Office of Management and Budget (OMB) Circular A-130, Appendix I.",12.0,False,90.0,257.1471252441406,#000000,False,mixed,69,True,TimesNewRomanPSMT,0.3333333333333333
CZOP2ITFIK5GAH4SD3GJI755X7QFUHM3.pdf,4,l.  VA Directive 6502,12.0,False,90.0,284.7469787597656,#000000,False,mixed,21,True,TimesNewRomanPSMT,0.0
CZOP2ITFIK5GAH4SD3GJI755X7QFUHM3.pdf,4,6.  DEFINITIONS,12.0,True,72.0,312.4669494628906,#000000,False,mixed,15,True,TimesNewRomanPS-BoldMT,0.0
CZOP2ITFIK5GAH4SD3GJI755X7QFUHM3.pdf,4,"a.  Compliance.  For the purpose of this Directive, the term “compliance” means the act of",12.0,True,90.0,339.9468688964844,#000000,False,mixed,90,True,TimesNewRomanPSMT,0.5333333333333333
CZOP2ITFIK5GAH4SD3GJI755X7QFUHM3.pdf,4,"complying with policies, procedures, directives, laws, and other legal guidance.",12.0,False,71.99988555908203,353.7478942871094,#000000,False,mixed,80,True,TimesNewRomanPSMT,0.3
CZOP2ITFIK5GAH4SD3GJI755X7QFUHM3.pdf,4,b.  Individually-Identifiable Information.  Individually-identifiable information is any,12.0,True,89.99990844726562,381.3478088378906,#000000,False,mixed,88,True,TimesNewRomanPSMT,0.2222222222222222
CZOP2ITFIK5GAH4SD3GJI755X7QFUHM3.pdf,4,"information, including health information maintained by VHA, pertaining to an individual that",12.0,False,72.0001220703125,395.0880126953125,#000000,False,mixed,93,True,TimesNewRomanPSMT,0.3333333333333333
CZOP2ITFIK5GAH4SD3GJI755X7QFUHM3.pdf,4,"also identifies the individual and, except for individually-identifiable health information, is",12.0,False,72.0001220703125,408.88787841796875,#000000,False,mixed,95,True,TimesNewRomanPSMT,0.3333333333333333
CZOP2ITFIK5GAH4SD3GJI755X7QFUHM3.pdf,4,retrieved by the individual’s name or other unique identifier.  Individually-identifiable health,12.0,False,71.9998779296875,422.687744140625,#000000,False,mixed,96,True,TimesNewRomanPSMT,0.38461538461538464
CZOP2ITFIK5GAH4SD3GJI755X7QFUHM3.pdf,4,information is covered regardless of whether or not the information is retrieved by name.,12.0,False,72.0,436.48760986328125,#000000,False,mixed,89,True,TimesNewRomanPSMT,0.5
CZOP2ITFIK5GAH4SD3GJI755X7QFUHM3.pdf,4,"c.  Personnel.  For the purpose of this Directive, the term “personnel” includes those",12.0,True,90.00031280517578,464.08770751953125,#000000,False,mixed,86,True,TimesNewRomanPSMT,0.46153846153846156
CZOP2ITFIK5GAH4SD3GJI755X7QFUHM3.pdf,4,officers and employees of the Department; consultants and attending clinicians; without,12.0,False,71.9998779296875,477.88787841796875,#000000,False,mixed,87,True,TimesNewRomanPSMT,0.36363636363636365
CZOP2ITFIK5GAH4SD3GJI755X7QFUHM3.pdf,4,compensation (WOC) employees; contractors; others employed on a fee basis; medical students,12.0,False,71.9998779296875,491.687744140625,#000000,False,mixed,91,True,TimesNewRomanPSMT,0.16666666666666666
CZOP2ITFIK5GAH4SD3GJI755X7QFUHM3.pdf,4,"and other trainees; and volunteer workers rendering uncompensated services, excluding patient",12.0,False,71.9998779296875,505.4875793457031,#000000,False,mixed,93,True,TimesNewRomanPSMT,0.2727272727272727
CZOP2ITFIK5GAH4SD3GJI755X7QFUHM3.pdf,4,"volunteers, providing a service at the direction of VA staff.  NOTE:  Compensated Work",12.0,True,71.99989318847656,519.2874755859375,#000000,True,mixed,86,True,TimesNewRomanPSMT,0.3076923076923077
CZOP2ITFIK5GAH4SD3GJI755X7QFUHM3.pdf,4,Therapy (CWT) workers are not VHA personnel; they are patients receiving active treatment or,12.0,False,71.999755859375,533.147216796875,#000000,True,mixed,92,True,TimesNewRomanPS-ItalicMT,0.35714285714285715
CZOP2ITFIK5GAH4SD3GJI755X7QFUHM3.pdf,4,therapy.,12.0,False,71.999755859375,546.9470825195312,#000000,True,mixed,8,True,TimesNewRomanPS-ItalicMT,0.0
CZOP2ITFIK5GAH4SD3GJI755X7QFUHM3.pdf,4,d.  VHA Privacy Program.  The VHA Privacy Program is the effort within VHA to,12.0,True,89.99989318847656,574.487548828125,#000000,False,mixed,77,True,TimesNewRomanPSMT,0.35714285714285715
CZOP2ITFIK5GAH4SD3GJI755X7QFUHM3.pdf,4,establish and implement privacy policies and practices that comply with the requirements of all,12.0,False,72.0,588.2877807617188,#000000,False,mixed,95,True,TimesNewRomanPSMT,0.5
CZOP2ITFIK5GAH4SD3GJI755X7QFUHM3.pdf,4,"applicable Federal privacy laws and regulations, VA regulations and VA privacy policies.  The",12.0,False,72.0,602.087646484375,#000000,False,mixed,93,True,TimesNewRomanPSMT,0.23076923076923078
CZOP2ITFIK5GAH4SD3GJI755X7QFUHM3.pdf,4,"VHA Privacy Program at a minimum should address privacy policies, privacy training, use and",12.0,False,71.9998779296875,615.8875122070312,#000000,False,mixed,91,True,TimesNewRomanPSMT,0.2857142857142857
CZOP2ITFIK5GAH4SD3GJI755X7QFUHM3.pdf,4,"disclosure of information, individual’s privacy rights, privacy complaints, notice of privacy",12.0,False,71.9998779296875,629.6873779296875,#000000,False,mixed,93,True,TimesNewRomanPSMT,0.25
CZOP2ITFIK5GAH4SD3GJI755X7QFUHM3.pdf,4,practices and privacy compliance monitoring.,12.0,False,71.9996337890625,643.4873046875,#000000,False,mixed,44,True,TimesNewRomanPSMT,0.2
test1.pdf,0,A Principled Framework for Responsible Data Sharing Between,14.0,True,95.29049682617188,150.76617431640625,#000000,False,mixed,59,False,Arial-BoldMT,0.375
test1.pdf,0,Humanitarian Organizations and Donors,14.0,True,171.8922576904297,170.26617431640625,#000000,False,mixed,37,False,Arial-BoldMT,0.25
test1.pdf,0,Humanitarian Data and Trust Initiative,12.0,True,198.310546875,206.15672302246094,#000000,False,mixed,38,False,Arial-BoldMT,0.2
test1.pdf,0,March 2023,12.0,True,273.3134765625,222.65672302246094,#000000,False,sentence,10,False,Arial-BoldMT,0.0
test1.pdf,0,I.,11.0,True,83.89203643798828,254.10198974609375,#000000,False,all_caps,2,False,Arial-BoldMT,1.0
test1.pdf,0,Background,11.0,True,108.0,254.10198974609375,#000000,False,capitalized,10,False,Arial-BoldMT,0.0
test1.pdf,0,"In September 2020, the Humanitarian Data and Trust Initiative (HDTI) initiated a dialogue",11.0,False,72.0,269.10198974609375,#000000,False,mixed,89,False,ArialMT,0.3076923076923077
test1.pdf,0,1,6.600000381469727,False,410.0631408691406,268.7292175292969,#000000,False,mixed,1,False,ArialMT,0.0
test1.pdf,0,process related to responsible data sharing between humanitarian organizations and donors.,11.0,False,72.0,284.10198974609375,#000000,False,mixed,90,False,ArialMT,0.2727272727272727
test1.pdf,0,"The goal was to examine and build a common understanding around the objectives, risks and",11.0,False,72.0,299.10198974609375,#000000,False,sentence,89,False,ArialMT,0.4666666666666667
test1.pdf,0,constraints related to this type of data sharing in humanitarian action in order to develop a,11.0,False,72.0,314.10198974609375,#000000,False,mixed,93,False,ArialMT,0.4375
test1.pdf,0,framework for collective action in this area.,11.0,False,72.0,329.10198974609375,#000000,False,mixed,45,False,ArialMT,0.42857142857142855
test1.pdf,0,The dialogue consisted of two meetings convened through Wilton Park (in September 2020,11.0,False,72.0,359.10198974609375,#000000,False,mixed,86,False,ArialMT,0.3076923076923077
test1.pdf,0,2,6.600000381469727,False,415.39849853515625,358.7292175292969,#000000,False,mixed,1,False,ArialMT,0.0
test1.pdf,0,3,6.600000381469727,False,518.6683959960938,358.7292175292969,#000000,False,mixed,1,False,ArialMT,0.0
test1.pdf,0,"and in September 2021 ), two pieces of independent research (conducted by the Global Public",11.0,False,72.0,374.10198974609375,#000000,False,mixed,91,False,ArialMT,0.35714285714285715
test1.pdf,0,4,6.600000381469727,False,186.2801055908203,373.7292175292969,#000000,False,mixed,1,False,ArialMT,0.0
test1.pdf,0,"Policy Institute and the University of Manchester in 2020-2021), and a series of stakeholder",11.0,False,72.0,389.10198974609375,#000000,False,mixed,92,False,ArialMT,0.4666666666666667
test1.pdf,0,5,6.600000381469727,False,142.8695526123047,388.7292175292969,#000000,False,mixed,1,False,ArialMT,0.0
test1.pdf,0,6,6.600000381469727,False,310.2784423828125,388.7292175292969,#000000,False,mixed,1,False,ArialMT,0.0
test1.pdf,0,consultations. This framework is the primary output of this process.,11.0,False,72.0,404.10198974609375,#000000,False,mixed,68,False,ArialMT,0.5
test1.pdf,0,II.,11.0,True,80.83805847167969,434.10198974609375,#000000,False,all_caps,3,False,Arial-BoldMT,0.0
test1.pdf,0,Rationale and Context,11.0,True,108.0,434.10198974609375,#000000,False,mixed,21,False,Arial-BoldMT,0.3333333333333333
test1.pdf,0,Humanitarian organizations increasingly recognize incentives to collect and share,11.0,False,72.0,449.10198974609375,#000000,False,sentence,81,False,ArialMT,0.2222222222222222
test1.pdf,0,"disaggregated data from their operations for various purposes such as improved coordination,",11.0,False,72.0,464.10198974609375,#000000,False,mixed,92,False,ArialMT,0.4166666666666667
test1.pdf,0,"more efficient service provision, accountability and transparency. At the same time, they have to",11.0,False,72.0,479.10198974609375,#000000,False,mixed,97,False,ArialMT,0.5714285714285714
test1.pdf,0,ensure that data is exclusively used for humanitarian purposes and does not cause harm to,11.0,False,72.0,494.10198974609375,#000000,False,mixed,89,False,ArialMT,0.4666666666666667
test1.pdf,0,vulnerable populations. This requires collective action to mitigate the risks related to sharing,11.0,False,72.0,509.10198974609375,#000000,False,mixed,96,False,ArialMT,0.3076923076923077
test1.pdf,0,disaggregated data in and about humanitarian contexts. These risks include the risk of,11.0,False,72.0,524.1019897460938,#000000,False,mixed,86,False,ArialMT,0.46153846153846156
test1.pdf,0,"re-identification, violations of the rights to privacy and data protection, data breaches, and the",11.0,False,72.0,539.1019897460938,#000000,False,mixed,98,False,ArialMT,0.4666666666666667
test1.pdf,0,potential use of data outside of humanitarian purposes.,11.0,False,72.0,554.1019897460938,#000000,False,mixed,55,False,ArialMT,0.25
test1.pdf,0,"6 Fast, Larissa. 2022. Data Sharing Between Humanitarian Organizations and Donors: Toward Understanding and Articulating",8.0,False,72.0,688.0198364257812,#000000,False,mixed,120,False,ArialMT,0.2
test1.pdf,0,"Responsible Practice. NCHS Paper 06, April. Bergen: Norwegian Centre for Humanitarian Studies. Available here:",8.0,False,72.0,700.9378051757812,#000000,False,mixed,110,False,ArialMT,0.14285714285714285
test1.pdf,0,https://www.humanitarianstudies.no/resource/data-sharing-between-humanitarian-organisations-and-donors/,8.0,False,72.0,710.6878051757812,#000000,False,mixed,103,False,ArialMT,0.25
test1.pdf,0,"5 Global Public Policy Institute, “Risks Associated with Humanitarian Data Sharing with Donors,” September 2021. Available here:",8.0,False,72.0,668.5198364257812,#000000,False,mixed,128,False,ArialMT,0.17647058823529413
test1.pdf,0,https://www.gppi.net/2021/09/06/data-sharing-with-humanitarian-donors.,8.0,False,72.0,681.4378051757812,#000000,False,mixed,70,False,ArialMT,0.08333333333333333
test1.pdf,0,4 The Wilton Park Report is available here: https://www.wiltonpark.org.uk/wp-content/uploads/2021/07/WP1777V2-Report.pdf.,8.0,False,72.0,658.7698364257812,#000000,False,mixed,121,False,ArialMT,0.14285714285714285
test1.pdf,0,"3 For more information on the September 2020 meeting, see: “Responsible Data Sharing with Donors: Accountability, Transparency",8.0,False,72.0,629.5198364257812,#000000,False,mixed,126,False,ArialMT,0.29411764705882354
test1.pdf,0,"and Data Protection in Humanitarian Action”, 17 - 18 September 2020. Available here:",8.0,False,72.0,642.4378051757812,#000000,False,mixed,84,False,ArialMT,0.25
test1.pdf,0,https://www.wiltonpark.org.uk/wp-content/uploads/2020/08/WP1777V-Report-1.pdf,8.0,False,72.0,652.1878051757812,#000000,False,mixed,77,False,ArialMT,0.0
test1.pdf,0,"2 Wilton Park is an executive agency of the UK Foreign, Commonwealth & Development Office (FCDO) providing a global forum for",8.0,False,72.0,610.0198364257812,#000000,False,mixed,125,False,ArialMT,0.3
test1.pdf,0,strategic discussion.,8.0,False,72.0,622.9378051757812,#000000,False,mixed,21,False,ArialMT,0.0
test1.pdf,0,"1 The Humanitarian Data and Trust Initiative was launched in 2020 by the Government of Switzerland, the International Committee of",8.0,False,72.0,580.7698364257812,#000000,False,mixed,130,False,ArialMT,0.45
test1.pdf,0,the Red Cross (ICRC) and the United Nations Office for Coordination of Humanitarian Affairs (UN OCHA) Centre for Humanitarian,8.0,False,72.0,593.6878051757812,#000000,False,mixed,125,False,ArialMT,0.3157894736842105
test1.pdf,0,Data. Learn more here: https://centre.humdata.org/introducing-the-humanitarian-data-and-trust-initiative/,8.0,False,72.0,603.4378051757812,#000000,False,mixed,105,False,ArialMT,0.26666666666666666
test1.pdf,0,1,8.0,False,535.5551147460938,730.1878051757812,#000000,False,mixed,1,False,ArialMT,0.0
test1.pdf,1,"Donors have an important role in the humanitarian data ecosystem, both as drivers of increased",11.0,False,72.0,87.60198974609375,#000000,False,sentence,94,False,ArialMT,0.4666666666666667
test1.pdf,1,"data collection and analysis, and as direct users of data. In recent years, donors have begun to",11.0,False,72.0,102.60198974609375,#000000,False,mixed,96,False,ArialMT,0.4117647058823529
test1.pdf,1,"increasingly request various forms of disaggregated data, such as household-level survey",11.0,False,72.0,117.60198974609375,#000000,False,mixed,88,False,ArialMT,0.25
test1.pdf,1,"results and data about the delivery of assistance disaggregated by demographics, geographical",11.0,False,72.0,132.60198974609375,#000000,False,mixed,93,False,ArialMT,0.4166666666666667
test1.pdf,1,"location and/or group dimensions (e.g. ethnicity, protection status, etc.).",11.0,False,72.0,147.60198974609375,#000000,False,mixed,75,False,ArialMT,0.18181818181818182
test1.pdf,1,Concerns around requests for such data have led humanitarian organizations and donors to,11.0,False,72.0,177.60198974609375,#000000,False,sentence,88,False,ArialMT,0.38461538461538464
test1.pdf,1,develop new practices and frameworks that place more emphasis on data responsibility: the,11.0,False,72.0,192.60198974609375,#000000,False,mixed,89,False,ArialMT,0.38461538461538464
test1.pdf,1,"safe, ethical and effective management of data. Data responsibility requires humanitarian",11.0,False,72.0,207.60198974609375,#000000,False,mixed,89,False,ArialMT,0.18181818181818182
test1.pdf,1,organizations and donors to take actions that help minimize risks and maximize benefits of data.,11.0,False,72.0,222.60198974609375,#000000,False,mixed,96,False,ArialMT,0.3333333333333333
test1.pdf,1,This is particularly challenging in cases where donors request personal and non-personal,11.0,False,72.0,237.60198974609375,#000000,False,sentence,88,False,ArialMT,0.38461538461538464
test1.pdf,1,"sensitive data. This includes, for example, requests for personal data related to the screening of",11.0,False,72.0,252.60198974609375,#000000,False,mixed,98,False,ArialMT,0.4
test1.pdf,1,aid recipients and requests for non-personal sensitive data for reporting on the delivery of,11.0,False,72.0,267.60198974609375,#000000,False,mixed,92,False,ArialMT,0.4
test1.pdf,1,different forms of aid.,11.0,False,72.0,282.60198974609375,#000000,False,mixed,23,False,ArialMT,0.25
test1.pdf,1,Humanitarian actors and donors recognize the risks and benefits associated with sharing such,11.0,False,72.0,312.60198974609375,#000000,False,sentence,92,False,ArialMT,0.38461538461538464
test1.pdf,1,"data, but the sector has yet to establish a common understanding of how to balance these risks",11.0,False,72.0,327.60198974609375,#000000,False,mixed,94,False,ArialMT,0.5294117647058824
test1.pdf,1,and benefits effectively in the context of data sharing between humanitarians and donors. This,11.0,False,72.0,342.60198974609375,#000000,False,mixed,94,False,ArialMT,0.5
test1.pdf,1,framework is designed to help advance data responsibility in this area.,11.0,False,72.0,357.60198974609375,#000000,False,mixed,71,False,ArialMT,0.36363636363636365
test1.pdf,1,III.,11.0,True,77.78407287597656,387.60198974609375,#000000,False,all_caps,4,False,Arial-BoldMT,0.0
test1.pdf,1,The Framework,11.0,True,108.0,387.60198974609375,#000000,False,capitalized,13,False,Arial-BoldMT,0.5
test1.pdf,1,Scope,11.0,True,72.0,417.60198974609375,#000000,False,capitalized,5,False,Arial-BoldMT,0.0
test1.pdf,1,The framework applies to situations where humanitarian organizations share disaggregated,11.0,False,72.0,432.60198974609375,#000000,False,sentence,88,False,ArialMT,0.3
test1.pdf,1,data with donors. Disaggregated data refers to data that is broken down by one or more,11.0,False,72.0,447.60198974609375,#000000,False,mixed,86,False,ArialMT,0.5
test1.pdf,1,"sub-categories; e.g. sex, age, disability, location, etc. The framework covers personal and",11.0,False,72.0,462.60198974609375,#000000,False,mixed,91,False,ArialMT,0.14285714285714285
test1.pdf,1,7,6.600000381469727,False,328.41583251953125,462.2291564941406,#000000,False,mixed,1,False,ArialMT,0.0
test1.pdf,1,non-personal sensitive data generated through or related to the delivery of humanitarian,11.0,False,72.0,477.60198974609375,#000000,False,mixed,88,False,ArialMT,0.38461538461538464
test1.pdf,1,assistance.,11.0,False,72.0,492.60198974609375,#000000,False,mixed,11,False,ArialMT,0.0
test1.pdf,1,Objectives,11.0,True,72.0,522.6019897460938,#000000,False,capitalized,10,False,Arial-BoldMT,0.0
test1.pdf,1,"This framework is designed to reinforce the overarching commitment to ‘do no harm’, while",11.0,False,72.0,537.6019897460938,#000000,False,sentence,89,False,ArialMT,0.5714285714285714
test1.pdf,1,minimizing the risks and maximizing the benefits of data in humanitarian action. It also aims to,11.0,False,72.0,552.6019897460938,#000000,False,mixed,96,False,ArialMT,0.4375
test1.pdf,1,support collective action for more responsible data sharing practices between humanitarian,11.0,False,72.0,567.6019897460938,#000000,False,mixed,90,False,ArialMT,0.2727272727272727
test1.pdf,1,organizations and donors.,11.0,False,72.0,582.6019897460938,#000000,False,mixed,25,False,ArialMT,0.3333333333333333
test1.pdf,1,"Individual entities are encouraged to adapt this framework to their own institutional context,",11.0,False,72.0,612.6019897460938,#000000,False,sentence,94,False,ArialMT,0.46153846153846156
test1.pdf,1,"including through relevant guidelines, procedures, templates and tools for data sharing where",11.0,False,72.0,627.6019897460938,#000000,False,mixed,93,False,ArialMT,0.3333333333333333
test1.pdf,1,appropriate. Adaptation and adoption of the framework should align with different donors’ and,11.0,False,72.0,642.6019897460938,#000000,False,mixed,93,False,ArialMT,0.46153846153846156
test1.pdf,1,"humanitarian organizations’ respective mandates, relevant legal, policy and regulatory",11.0,False,72.0,657.6019897460938,#000000,False,mixed,86,False,ArialMT,0.1111111111111111
test1.pdf,1,"frameworks, and the decisions of governing bodies.",11.0,False,72.0,672.6019897460938,#000000,False,mixed,50,False,ArialMT,0.42857142857142855
test1.pdf,1,7 A list of definitions for the interpretation of this framework can be found in Annex A.,8.0,False,72.0,708.7620239257812,#000000,False,mixed,89,False,Calibri,0.5882352941176471
test1.pdf,1,2,8.0,False,535.5551147460938,730.1878051757812,#000000,False,mixed,1,False,ArialMT,0.0
test1.pdf,2,Guidelines for Responsible Data Sharing Between Humanitarian Organizations and,11.0,True,72.0,117.60198974609375,#000000,False,mixed,78,False,Arial-BoldMT,0.3333333333333333
test1.pdf,2,Donors,11.0,True,72.0,132.60198974609375,#000000,False,capitalized,6,False,Arial-BoldMT,0.0
test1.pdf,2,The following guidelines build on and complement existing principles and guidance for data,11.0,False,72.0,147.60198974609375,#000000,False,sentence,90,False,ArialMT,0.38461538461538464
test1.pdf,2,responsibility (including data protection) in humanitarian action. This includes the Inter-Agency,11.0,False,72.0,162.60198974609375,#000000,False,mixed,97,False,ArialMT,0.25
test1.pdf,2,Standing Committee Operational Guidance on Data Responsibility and the ICRC Handbook on,11.0,False,72.0,177.60198974609375,#000000,False,mixed,87,False,ArialMT,0.3333333333333333
test1.pdf,2,8,6.600000381469727,False,394.0045166015625,177.229248046875,#000000,False,mixed,1,False,ArialMT,0.0
test1.pdf,2,Data Protection in Humanitarian Action. They also accounts for other frameworks for principled,11.0,False,72.0,192.60198974609375,#000000,False,mixed,94,False,ArialMT,0.38461538461538464
test1.pdf,2,9,6.600000381469727,False,264.45989990234375,192.229248046875,#000000,False,mixed,1,False,ArialMT,0.0
test1.pdf,2,"humanitarian action, including the Good Humanitarian Donorship Initiative’s 24 Principles and",11.0,False,72.0,207.60198974609375,#000000,False,mixed,93,False,ArialMT,0.25
test1.pdf,2,Good Practice of Humanitarian Donorship,11.0,False,72.0,222.60198974609375,#000000,False,mixed,39,False,ArialMT,0.2
test1.pdf,2,and the Donor Cash Forum Statement and Guiding,11.0,False,285.85003662109375,222.60198974609375,#000000,False,mixed,46,False,ArialMT,0.375
test1.pdf,2,10,6.600000381469727,False,275.45745849609375,222.229248046875,#000000,False,mixed,2,False,ArialMT,0.0
test1.pdf,2,Principles on Interoperability of Data Systems in Humanitarian Cash Programming.11,11.0,False,72.0,237.229248046875,#000000,False,mixed,82,False,ArialMT,0.2727272727272727
test1.pdf,2,1.,11.0,True,90.0,263.10198974609375,#000000,False,mixed,2,False,Arial-BoldMT,0.0
test1.pdf,2,Prioritize rights and needs of affected populations.,11.0,True,108.0,263.10198974609375,#000000,False,sentence,52,False,Arial-BoldMT,0.2857142857142857
test1.pdf,2,a.,11.0,True,126.0,278.10198974609375,#000000,False,mixed,2,False,Arial-BoldMT,1.0
test1.pdf,2,Donors should request data from humanitarian organizations in ways that put the,11.0,False,144.0,278.10198974609375,#000000,False,sentence,79,False,ArialMT,0.4166666666666667
test1.pdf,2,rights and needs of affected populations at the center.,11.0,False,144.0,293.10198974609375,#000000,False,mixed,55,False,ArialMT,0.4444444444444444
test1.pdf,2,b. Humanitarian organizations should ensure that data sharing processes are,11.0,True,126.0,308.10198974609375,#000000,False,mixed,75,False,Arial-BoldMT,0.3
test1.pdf,2,designed and implemented in ways that put the rights and needs of affected,11.0,False,144.0,323.10198974609375,#000000,False,mixed,74,False,ArialMT,0.46153846153846156
test1.pdf,2,populations at the center throughout the data lifecycle.,11.0,False,144.0,338.10198974609375,#000000,False,mixed,56,False,ArialMT,0.375
test1.pdf,2,c.,11.0,True,126.0,353.10198974609375,#000000,False,mixed,2,False,Arial-BoldMT,0.0
test1.pdf,2,Humanitarian organizations should ensure the possibility for the affected,11.0,False,144.0,353.10198974609375,#000000,False,sentence,73,False,ArialMT,0.4444444444444444
test1.pdf,2,"population to exercise their personal data protection rights, including the right to",11.0,False,144.0,368.10198974609375,#000000,False,mixed,84,False,ArialMT,0.3333333333333333
test1.pdf,2,"information, the right to access, the right to correction and the right to erasure.",11.0,False,144.0,383.10198974609375,#000000,False,mixed,83,False,ArialMT,0.5
test1.pdf,2,d. Humanitarian organizations should inform affected people about the planned,11.0,True,126.0,398.10198974609375,#000000,False,mixed,77,False,Arial-BoldMT,0.4
test1.pdf,2,sharing of their data and ensure that affected people understand the full data,11.0,False,144.0,413.10198974609375,#000000,False,mixed,78,False,ArialMT,0.38461538461538464
test1.pdf,2,"lifecycle’ (e.g., which entities will have access to the data at different stages and",11.0,False,144.0,428.10198974609375,#000000,False,mixed,85,False,ArialMT,0.4666666666666667
test1.pdf,2,for what purpose).,11.0,False,144.0,443.10198974609375,#000000,False,mixed,18,False,ArialMT,0.6666666666666666
test1.pdf,2,e.,11.0,True,126.0,458.10198974609375,#000000,False,mixed,2,False,Arial-BoldMT,0.0
test1.pdf,2,"Humanitarian organizations should ensure, to the greatest possible extent,",11.0,False,144.0,458.10198974609375,#000000,False,sentence,74,False,ArialMT,0.3333333333333333
test1.pdf,2,"adequate involvement of affected people in the design, implementation,",11.0,False,144.0,473.10198974609375,#000000,False,mixed,70,False,ArialMT,0.3333333333333333
test1.pdf,2,monitoring and evaluation of data management activities.,11.0,False,144.0,488.10198974609375,#000000,False,mixed,56,False,ArialMT,0.2857142857142857
test1.pdf,2,2.,11.0,True,90.0,518.1019897460938,#000000,False,mixed,2,False,Arial-BoldMT,0.0
test1.pdf,2,Specify and clearly communicate the purposes of data sharing and the type of,11.0,True,108.0,518.1019897460938,#000000,False,sentence,76,False,Arial-BoldMT,0.46153846153846156
test1.pdf,2,data required for these purposes in a given context.,11.0,True,108.0,533.1019897460938,#000000,False,mixed,52,False,Arial-BoldMT,0.4444444444444444
test1.pdf,2,a.,11.0,True,126.0,548.1019897460938,#000000,False,mixed,2,False,Arial-BoldMT,1.0
test1.pdf,2,Donors should specify and articulate the purposes of data sharing and the type of,11.0,False,144.0,548.1019897460938,#000000,False,sentence,81,False,ArialMT,0.5
test1.pdf,2,disaggregated data required for these purposes for all data requests in a given,11.0,False,144.0,563.1019897460938,#000000,False,mixed,79,False,ArialMT,0.46153846153846156
test1.pdf,2,context.,11.0,False,144.0,578.1019897460938,#000000,False,mixed,8,False,ArialMT,0.0
test1.pdf,2,b. Donors should uphold data minimization by only requesting the information,11.0,True,126.0,593.1019897460938,#000000,False,mixed,76,False,Arial-BoldMT,0.36363636363636365
test1.pdf,2,required to meet the specified purpose and striving to ensure that the data is not,11.0,False,144.0,608.1019897460938,#000000,False,mixed,82,False,ArialMT,0.5333333333333333
test1.pdf,2,used in any other way.,11.0,False,144.0,623.1019897460938,#000000,False,mixed,22,False,ArialMT,0.6
test1.pdf,2,11 Donor Cash Forum Statement and Guiding Principles on Interoperability of Data Systems in Humanitarian Cash Programming,8.0,False,72.0,697.7698364257812,#000000,False,mixed,121,False,ArialMT,0.23529411764705882
test1.pdf,2,(2022). Available here: https://www.calpnetwork.org/wp-content/uploads/ninja-forms/2/DCF-Interoperability-Statement-FINAL.pdf,8.0,False,72.0,710.6878051757812,#000000,False,mixed,125,False,ArialMT,0.05555555555555555
test1.pdf,2,10 https://www.ghdinitiative.org/assets/files/GHD%20Principles%20and%20Good%20Practice/GHD%20Principles.pdf,8.0,False,72.0,688.0198364257812,#00796B,False,mixed,107,False,ArialMT,0.0
test1.pdf,2,"9 ​ICRC, Handbook on Data Protection in Humanitarian Action (2020). Available here:",8.0,False,72.0,668.5198364257812,#000000,False,mixed,83,False,ArialMT,0.25
test1.pdf,2,https://www.icrc.org/en/data-protection-humanitarian-actionhandbook,8.0,False,72.0,681.4378051757812,#000000,False,mixed,67,False,ArialMT,0.0
test1.pdf,2,8 IASC Operational Guidance on Data Responsibility in Humanitarian Action (2021)). Available here::,8.0,False,72.0,649.0198364257812,#000000,False,mixed,99,False,ArialMT,0.23076923076923078
test1.pdf,2,https://interagencystandingcommittee.org/operational-response/iasc-operational-guidance-data-responsibility-humanitarian-action,8.0,False,72.0,661.9378051757812,#000000,False,mixed,127,False,ArialMT,0.0
test1.pdf,2,3,8.0,False,535.5551147460938,730.1878051757812,#000000,False,mixed,1,False,ArialMT,0.0
test1.pdf,3,c.,11.0,True,126.0,72.60198974609375,#000000,False,mixed,2,False,Arial-BoldMT,0.0
test1.pdf,3,Humanitarian organizations should document all requests for data and ensure,11.0,False,144.0,72.60198974609375,#000000,False,sentence,75,False,ArialMT,0.4
test1.pdf,3,consistency in responding to these requests over time.,11.0,False,144.0,87.60198974609375,#000000,False,mixed,54,False,ArialMT,0.5
test1.pdf,3,d. Donors should avoid making ad hoc requests for data that falls outside the terms,11.0,True,126.0,102.60198974609375,#000000,False,mixed,83,False,Arial-BoldMT,0.3333333333333333
test1.pdf,3,of established agreements and/or in addition to what is required to meet the,11.0,False,144.0,117.60198974609375,#000000,False,mixed,76,False,ArialMT,0.6428571428571429
test1.pdf,3,purpose(s) for data sharing as originally specified and agreed. Such requests,11.0,False,144.0,132.60198974609375,#000000,False,mixed,77,False,ArialMT,0.4166666666666667
test1.pdf,3,"should always be made in writing and should specify which data is required, the",11.0,False,144.0,147.60198974609375,#000000,False,mixed,79,False,ArialMT,0.5714285714285714
test1.pdf,3,"format desired, the intended use of the data, and the purposes of data sharing in",11.0,False,144.0,162.60198974609375,#000000,False,mixed,81,False,ArialMT,0.4666666666666667
test1.pdf,3,a given context.,11.0,False,144.0,177.60198974609375,#000000,False,mixed,16,False,ArialMT,0.3333333333333333
test1.pdf,3,3.,11.0,True,90.0,207.60198974609375,#000000,False,mixed,2,False,Arial-BoldMT,0.0
test1.pdf,3,Clarify and formalize requirements for responsible data sharing and establish,11.0,True,108.0,207.60198974609375,#000000,False,sentence,77,False,Arial-BoldMT,0.3
test1.pdf,3,appropriate agreements to support implementation in different contexts.,11.0,True,108.0,222.60198974609375,#000000,False,mixed,71,False,Arial-BoldMT,0.25
test1.pdf,3,a.,11.0,True,126.0,237.60198974609375,#000000,False,mixed,2,False,Arial-BoldMT,1.0
test1.pdf,3,Donors should clearly articulate their data requirements at the outset of a,11.0,False,144.0,237.60198974609375,#000000,False,sentence,75,False,ArialMT,0.5
test1.pdf,3,"collaboration, so that responsible data sharing practices can be agreed and",11.0,False,144.0,252.60198974609375,#000000,False,mixed,75,False,ArialMT,0.45454545454545453
test1.pdf,3,reflected in the grant agreement (and related documents). This includes,11.0,False,144.0,267.60198974609375,#000000,False,mixed,71,False,ArialMT,0.4
test1.pdf,3,specifying the ways in which data should be handled by all parties involved,11.0,False,144.0,282.60198974609375,#000000,False,mixed,75,False,ArialMT,0.5384615384615384
test1.pdf,3,across the data lifecycle in-line with sector-wide standards.,11.0,False,144.0,297.60198974609375,#000000,False,mixed,61,False,ArialMT,0.3
test1.pdf,3,b. Donors should monitor how these requirements are implemented in different,11.0,True,126.0,312.60198974609375,#000000,False,mixed,76,False,Arial-BoldMT,0.45454545454545453
test1.pdf,3,response environments as part of existing compliance and/or quality assurance,11.0,False,144.0,327.60198974609375,#000000,False,mixed,77,False,ArialMT,0.36363636363636365
test1.pdf,3,processes and offer support to their staff to foster consistent adherence to,11.0,False,144.0,342.60198974609375,#000000,False,mixed,76,False,ArialMT,0.4166666666666667
test1.pdf,3,agreed requirements over time.,11.0,False,144.0,357.60198974609375,#000000,False,mixed,30,False,ArialMT,0.25
test1.pdf,3,c.,11.0,True,126.0,372.60198974609375,#000000,False,mixed,2,False,Arial-BoldMT,0.0
test1.pdf,3,Humanitarian organizations and donors should include clear terms for,11.0,False,144.0,372.60198974609375,#000000,False,sentence,68,False,ArialMT,0.3333333333333333
test1.pdf,3,"responsible data sharing when negotiating relevant contracts and/or agreements,",11.0,False,144.0,387.60198974609375,#000000,False,mixed,79,False,ArialMT,0.3
test1.pdf,3,including with third parties.,11.0,False,144.0,402.60198974609375,#000000,False,mixed,29,False,ArialMT,0.25
test1.pdf,3,This includes defining responsibilities for responsible,11.0,False,283.921142578125,402.60198974609375,#000000,False,sentence,55,False,ArialMT,0.3333333333333333
test1.pdf,3,12,6.600000381469727,False,273.5285339355469,402.2292785644531,#000000,False,mixed,2,False,ArialMT,0.0
test1.pdf,3,data sharing throughout the data lifecycle and considerations regarding data,11.0,False,144.0,417.60198974609375,#000000,False,mixed,76,False,ArialMT,0.2
test1.pdf,3,"sensitivity, data security, and data retention and destruction, among others. The",11.0,False,144.0,432.60198974609375,#000000,False,mixed,81,False,ArialMT,0.2727272727272727
test1.pdf,3,"terms should also account for context-specific policy, legal and regulatory",11.0,False,144.0,447.60198974609375,#000000,False,mixed,75,False,ArialMT,0.2727272727272727
test1.pdf,3,"frameworks, as well as common protocols for responsible data sharing within the",11.0,False,144.0,462.60198974609375,#000000,False,mixed,79,False,ArialMT,0.3333333333333333
test1.pdf,3,humanitarian community (e.g. system-wide information sharing protocols).,11.0,False,144.0,477.60198974609375,#000000,False,mixed,72,False,ArialMT,0.0
test1.pdf,3,4.,11.0,True,90.0,507.60198974609375,#000000,False,mixed,2,False,Arial-BoldMT,0.0
test1.pdf,3,Use a common approach for assessing and mitigating risks related to data,11.0,True,108.0,507.60198974609375,#000000,False,sentence,72,False,Arial-BoldMT,0.3333333333333333
test1.pdf,3,sharing specific to humanitarian contexts.,11.0,True,108.0,522.6019897460938,#000000,False,mixed,42,False,Arial-BoldMT,0.2
test1.pdf,3,a.,11.0,True,126.0,537.6019897460938,#000000,False,mixed,2,False,Arial-BoldMT,1.0
test1.pdf,3,Humanitarian organizations and donors should conduct a data impact,11.0,False,144.0,537.6019897460938,#000000,False,sentence,66,False,ArialMT,0.3333333333333333
test1.pdf,3,"assessment for different data sharing activities, accounting to context-specific",11.0,False,144.0,552.6019897460938,#000000,False,mixed,80,False,ArialMT,0.2
test1.pdf,3,factors and dynamics that may influence the likelihood or severity of a risk related,11.0,False,144.0,567.6019897460938,#000000,False,mixed,84,False,ArialMT,0.42857142857142855
test1.pdf,3,to data sharing. This can be done jointly or by each collaborating organization.,11.0,False,144.0,582.6019897460938,#000000,False,mixed,80,False,ArialMT,0.5384615384615384
test1.pdf,3,b. Humanitarian organizations and donors should establish mitigation measures to,11.0,True,126.0,597.6019897460938,#000000,False,mixed,80,False,Arial-BoldMT,0.3
test1.pdf,3,"address potential risks related to data sharing, notably for the affected",11.0,False,144.0,612.6019897460938,#000000,False,mixed,73,False,ArialMT,0.2727272727272727
test1.pdf,3,populations and individuals or groups at risk.,11.0,False,144.0,627.6019897460938,#000000,False,mixed,46,False,ArialMT,0.42857142857142855
test1.pdf,3,c.,11.0,True,126.0,642.6019897460938,#000000,False,mixed,2,False,Arial-BoldMT,0.0
test1.pdf,3,Humanitarian organizations and donors should monitor the effectiveness of risk,11.0,False,144.0,642.6019897460938,#000000,False,sentence,78,False,ArialMT,0.4
test1.pdf,3,mitigation measures throughout the course of the data sharing activity.,11.0,False,144.0,657.6019897460938,#000000,False,mixed,71,False,ArialMT,0.3
test1.pdf,3,"12 This includes, inter alia, Third Party Monitors (TPMs), Financial Service Providers (FSPs), and individual and institutional",8.0,False,72.0,697.7698364257812,#000000,True,mixed,127,False,ArialMT,0.17647058823529413
test1.pdf,3,consultants involved in data management.,8.0,False,72.0,710.6878051757812,#000000,False,mixed,40,False,ArialMT,0.2
test1.pdf,3,4,8.0,False,535.5551147460938,730.1878051757812,#000000,False,mixed,1,False,ArialMT,0.0
test1.pdf,4,5.,11.0,True,90.0,72.60198974609375,#000000,False,mixed,2,False,Arial-BoldMT,0.0
test1.pdf,4,Invest in the capacity required to develop and uphold sector-wide approaches for,11.0,True,108.0,72.60198974609375,#000000,False,sentence,80,False,Arial-BoldMT,0.38461538461538464
test1.pdf,4,data responsibility throughout the data lifecycle.,11.0,True,108.0,87.60198974609375,#000000,False,mixed,50,False,Arial-BoldMT,0.16666666666666666
test1.pdf,4,a.,11.0,True,126.0,102.60198974609375,#000000,False,mixed,2,False,Arial-BoldMT,1.0
test1.pdf,4,Humanitarian organizations and donors should establish and maintain robust,11.0,False,144.0,102.60198974609375,#000000,False,sentence,74,False,ArialMT,0.3333333333333333
test1.pdf,4,policies and procedures for responsible data management. This includes,11.0,False,144.0,117.60198974609375,#000000,False,mixed,70,False,ArialMT,0.3333333333333333
test1.pdf,4,promoting the use of humanitarian standards and related frameworks for data,11.0,False,144.0,132.60198974609375,#000000,False,mixed,75,False,ArialMT,0.36363636363636365
test1.pdf,4,"responsibility, such as the IASC Operational Guidance on Data Responsibility.",11.0,False,144.0,147.60198974609375,#000000,False,mixed,77,False,ArialMT,0.4
test1.pdf,4,b. Humanitarian organizations and donors should establish appropriate tools and,11.0,True,126.0,162.60198974609375,#000000,False,mixed,79,False,Arial-BoldMT,0.3
test1.pdf,4,"services, including those required for data security across the different steps in",11.0,False,144.0,177.60198974609375,#000000,False,mixed,82,False,ArialMT,0.3333333333333333
test1.pdf,4,the data lifecycle.,11.0,False,144.0,192.60198974609375,#000000,False,mixed,19,False,ArialMT,0.3333333333333333
test1.pdf,4,c.,11.0,True,126.0,207.60198974609375,#000000,False,mixed,2,False,Arial-BoldMT,0.0
test1.pdf,4,Humanitarian organizations and donors should train staff on the requirements for,11.0,False,144.0,207.60198974609375,#000000,False,sentence,80,False,ArialMT,0.45454545454545453
test1.pdf,4,responsible data sharing and use. This should include clear instructions on how,11.0,False,144.0,222.60198974609375,#000000,False,mixed,79,False,ArialMT,0.4166666666666667
test1.pdf,4,the present framework applies in different operational settings and with different,11.0,False,144.0,237.60198974609375,#000000,False,mixed,82,False,ArialMT,0.36363636363636365
test1.pdf,4,counterparts.,11.0,False,144.0,252.60198974609375,#000000,False,mixed,13,False,ArialMT,0.0
test1.pdf,4,d. Humanitarian organizations and donors should offer financial and technical,11.0,True,126.0,267.60198974609375,#000000,False,mixed,77,False,Arial-BoldMT,0.4
test1.pdf,4,support to partners as required to uphold sector-wide standards for data,11.0,False,144.0,282.60198974609375,#000000,False,mixed,72,False,ArialMT,0.3333333333333333
test1.pdf,4,responsibility throughout the data lifecycle.,11.0,False,144.0,297.60198974609375,#000000,False,mixed,45,False,ArialMT,0.2
test1.pdf,4,6.,11.0,True,90.0,327.60198974609375,#000000,False,mixed,2,False,Arial-BoldMT,0.0
test1.pdf,4,"Contribute to joint advocacy, learning and development of additional guidelines",11.0,True,108.0,327.60198974609375,#000000,False,sentence,79,False,Arial-BoldMT,0.3
test1.pdf,4,for responsible data sharing.,11.0,True,108.0,342.60198974609375,#000000,False,mixed,29,False,Arial-BoldMT,0.25
test1.pdf,4,a.,11.0,True,126.0,357.60198974609375,#000000,False,mixed,2,False,Arial-BoldMT,1.0
test1.pdf,4,Humanitarian organizations and donors should proactively communicate about,11.0,False,144.0,357.60198974609375,#000000,False,sentence,74,False,ArialMT,0.375
test1.pdf,4,"the benefits of responsible data sharing, including lessons learned about",11.0,False,144.0,372.60198974609375,#000000,False,mixed,73,False,ArialMT,0.3
test1.pdf,4,mitigating risks.,11.0,False,144.0,387.60198974609375,#000000,False,mixed,17,False,ArialMT,0.0
test1.pdf,4,b. Humanitarian organizations and donors should support learning and,11.0,True,126.0,402.60198974609375,#000000,False,mixed,68,False,Arial-BoldMT,0.3333333333333333
test1.pdf,4,"accountability initiatives for the safe, ethical and effective management of data in",11.0,False,144.0,417.60198974609375,#000000,False,mixed,84,False,ArialMT,0.4166666666666667
test1.pdf,4,humanitarian action.,11.0,False,144.0,432.60198974609375,#000000,False,mixed,20,False,ArialMT,0.0
test1.pdf,4,c.,11.0,True,126.0,447.60198974609375,#000000,False,mixed,2,False,Arial-BoldMT,0.0
test1.pdf,4,Humanitarian organizations and donors should encourage regular evaluations of,11.0,False,144.0,447.60198974609375,#000000,False,sentence,77,False,ArialMT,0.3333333333333333
test1.pdf,4,how data is shared and used.,11.0,False,144.0,462.60198974609375,#000000,False,mixed,28,False,ArialMT,0.5
test1.pdf,4,d. Humanitarian organizations and donors should invest in research to close gaps in,11.0,True,126.0,477.60198974609375,#000000,False,mixed,83,False,Arial-BoldMT,0.46153846153846156
test1.pdf,4,evidence related to the risks and benefits of data in humanitarian settings.,11.0,False,144.0,492.60198974609375,#000000,False,mixed,76,False,ArialMT,0.4166666666666667
test1.pdf,4,e.,11.0,True,126.0,507.60198974609375,#000000,False,mixed,2,False,Arial-BoldMT,0.0
test1.pdf,4,Humanitarian organizations and donors should assess whether there are implicit,11.0,False,144.0,507.60198974609375,#000000,False,sentence,78,False,ArialMT,0.4
test1.pdf,4,conditionalities between the willingness to share disaggregated data and the,11.0,False,144.0,522.6019897460938,#000000,False,mixed,76,False,ArialMT,0.5
test1.pdf,4,"ability of different organizations to access and sustain funding, and take",11.0,False,144.0,537.6019897460938,#000000,False,mixed,74,False,ArialMT,0.36363636363636365
test1.pdf,4,corrective action to address this when identified.,11.0,False,144.0,552.6019897460938,#000000,False,mixed,50,False,ArialMT,0.42857142857142855
test1.pdf,4,f.,11.0,True,126.0,567.6019897460938,#000000,False,mixed,2,False,Arial-BoldMT,0.0
test1.pdf,4,Humanitarian organizations and donors should support inter-sectoral,11.0,False,144.0,567.6019897460938,#000000,False,sentence,67,False,ArialMT,0.25
test1.pdf,4,"collaboration across the humanitarian, development and peace nexus to foster",11.0,False,144.0,582.6019897460938,#000000,False,mixed,76,False,ArialMT,0.3
test1.pdf,4,complementarity in approaches to data responsibility.,11.0,False,144.0,597.6019897460938,#000000,False,mixed,53,False,ArialMT,0.3333333333333333
test1.pdf,4,5,8.0,False,535.5551147460938,730.1878051757812,#000000,False,mixed,1,False,ArialMT,0.0
test1.pdf,5,Annex A: Definitions,10.0,True,72.0,72.5472640991211,#000000,False,capitalized,20,False,Arial-BoldMT,0.3333333333333333
test1.pdf,5,"For the purposes of this framework, the following definitions apply:",10.0,False,72.0,99.5472640991211,#000000,False,sentence,68,False,ArialMT,0.5
test1.pdf,5,-,9.5,False,76.5,126.5198974609375,#000000,False,mixed,1,False,ArialMT,0.0
test1.pdf,5,“Data impact assessment” is a generic term that refers to multiple types of assessments. This includes,9.5,True,94.5,126.5198974609375,#000000,False,mixed,102,False,Arial-BoldMT,0.375
test1.pdf,5,"Data Protection Impact Assessments (DPIAs), the established tool and process in data protection law that",9.5,False,94.5,139.2698974609375,#000000,False,mixed,104,False,ArialMT,0.26666666666666666
test1.pdf,5,should be used (specifically) to assess personal data protection risks. Many organizations have specific,9.5,False,94.5,152.0198974609375,#000000,False,mixed,104,False,ArialMT,0.2857142857142857
test1.pdf,5,"policies, requirements and guidelines for how DIAs should be conducted.",9.5,False,94.5,164.7698974609375,#000000,False,mixed,71,False,ArialMT,0.5
test1.pdf,5,-,9.5,True,76.5,190.2698974609375,#000000,False,mixed,1,False,Arial-BoldMT,0.0
test1.pdf,5,“Data Management” refers to the design of data management activities and subsequent collection or,9.5,True,94.5,190.2698974609375,#000000,False,mixed,97,False,Arial-BoldMT,0.35714285714285715
test1.pdf,5,"receipt, storage, processing, analysis, sharing, use, and retention and destruction of data and information",9.5,False,94.5,203.0198974609375,#000000,False,mixed,107,False,ArialMT,0.2857142857142857
test1.pdf,5,by humanitarian actors. Such activities occur as part of humanitarian action throughout the planning and,9.5,False,94.5,215.7698974609375,#000000,False,mixed,104,False,ArialMT,0.4
test1.pdf,5,"response cycle across clusters/sectors and include, but are not limited to, situational analysis, needs",9.5,False,94.5,228.5198974609375,#000000,False,mixed,103,False,ArialMT,0.3333333333333333
test1.pdf,5,"assessments, population data management, registration and enrollment, case management,",9.5,False,94.5,241.2698974609375,#000000,False,mixed,86,False,ArialMT,0.1111111111111111
test1.pdf,5,"communicating with affected populations, protection monitoring, and response monitoring and evaluation.",9.5,False,94.5,254.0198974609375,#000000,False,mixed,103,False,ArialMT,0.2727272727272727
test1.pdf,5,-,9.5,True,76.5,279.5198974609375,#000000,False,mixed,1,False,Arial-BoldMT,0.0
test1.pdf,5,"“Data Responsibility’’ refers to the safe, ethical and effective management of personal and non-personal",9.5,True,94.5,279.5198974609375,#000000,False,mixed,104,False,Arial-BoldMT,0.3333333333333333
test1.pdf,5,data in humanitarian action.,9.5,False,94.5,292.2698974609375,#000000,False,mixed,28,False,ArialMT,0.25
test1.pdf,5,-,9.5,False,76.5,317.7698974609375,#000000,False,mixed,1,False,ArialMT,0.0
test1.pdf,5,"“Data Sharing” includes all acts that make data accessible on paper, via electronic means or the internet,",9.5,True,94.5,317.7698974609375,#000000,False,mixed,106,False,Arial-BoldMT,0.29411764705882354
test1.pdf,5,"or through other methods to a recipient: a natural or legal person, public authority, agency or another",9.5,False,94.5,330.5198974609375,#000000,False,mixed,103,False,ArialMT,0.47058823529411764
test1.pdf,5,"body, to which the personal data is disclosed.",9.5,False,94.5,343.2698974609375,#000000,False,mixed,46,False,ArialMT,0.5
test1.pdf,5,-,9.5,False,76.5,368.7698974609375,#000000,False,mixed,1,False,ArialMT,0.0
test1.pdf,5,"“Disaggregated data” refers to data that is broken down by one or more sub-categories; e.g. sex, age,",9.5,True,94.5,368.7698974609375,#000000,False,sentence,101,False,Arial-BoldMT,0.3684210526315789
test1.pdf,5,"disability, location, etc. The framework includes personal and non-personal sensitive data generated",9.5,False,94.5,381.5198974609375,#000000,False,mixed,100,False,ArialMT,0.15384615384615385
test1.pdf,5,through or related to the delivery of humanitarian assistance.,9.5,False,94.5,394.2698974609375,#000000,False,mixed,62,False,ArialMT,0.5555555555555556
test1.pdf,5,-,9.5,True,76.5,419.7698974609375,#000000,False,mixed,1,False,Arial-BoldMT,0.0
test1.pdf,5,“Donors” refers to entities who are major contributors to international and humanitarian organizations.,9.5,True,94.5,419.7698974609375,#000000,False,sentence,103,False,Arial-BoldMT,0.38461538461538464
test1.pdf,5,"This may include states, private foundations, and other entities that provide financial resources to support",9.5,False,94.5,432.5198974609375,#000000,False,sentence,108,False,ArialMT,0.3333333333333333
test1.pdf,5,the delivery of humanitarian assistance.,9.5,False,94.5,445.2698974609375,#000000,False,mixed,40,False,ArialMT,0.4
test1.pdf,5,-,9.5,False,76.5,470.7698974609375,#000000,False,mixed,1,False,ArialMT,0.0
test1.pdf,5,“Humanitarian Organizations” refers to entities with a mission to alleviate human suffering and support,9.5,True,94.5,470.7698974609375,#000000,False,mixed,103,False,ArialMT,0.35714285714285715
test1.pdf,5,"affected populations in situations of conflict, natural disaster or socio-economic hardship.",9.5,False,94.5,483.5198974609375,#2E2B2A,False,mixed,92,False,ArialMT,0.25
test1.pdf,5,-,9.5,False,76.5,509.0198974609375,#000000,False,mixed,1,False,ArialMT,0.0
test1.pdf,5,“Personal Data” means any information relating to an identified or identifiable natural person. An,9.5,True,94.5,509.0198974609375,#000000,False,mixed,98,False,Arial-BoldMT,0.35714285714285715
test1.pdf,5,"identifiable natural person is one who can be identified, directly or indirectly, in particular by reference to",9.5,False,94.5,521.7698974609375,#000000,False,mixed,111,False,ArialMT,0.47058823529411764
test1.pdf,5,"an identifier such as a name, an identification number, location data, an online identifier or to one or more",9.5,False,94.5,534.5198974609375,#000000,False,mixed,109,False,ArialMT,0.5263157894736842
test1.pdf,5,"factors specific to the physical, physiological, genetic, mental, economic, cultural or social identity of that",9.5,False,94.5,547.2698974609375,#000000,False,mixed,111,False,ArialMT,0.3333333333333333
test1.pdf,5,natural person.,9.5,False,94.5,560.0198974609375,#000000,False,mixed,15,False,ArialMT,0.0
test1.pdf,5,-,9.5,False,76.5,585.5198974609375,#000000,False,mixed,1,False,ArialMT,0.0
test1.pdf,5,“Sensitive non-personal data” means information whose unauthorized disclosure may cause very,9.5,True,94.5,585.5198974609375,#000000,False,sentence,92,False,Arial-BoldMT,0.08333333333333333
test1.pdf,5,"serious harm to humanitarian organizations’ or donors’ operations, reputation, assets, staff, and",9.5,False,94.5,598.2698974609375,#000000,False,mixed,97,False,ArialMT,0.25
test1.pdf,5,"interlocutors, or is very likely to result in regulatory action(s). Such information may also be defined as",9.5,False,94.5,611.0198974609375,#000000,False,mixed,107,False,ArialMT,0.5
test1.pdf,5,"sensitive due to its nature, regardless of the harm its unauthorized disclosure would cause to",9.5,False,94.5,623.7698974609375,#000000,False,mixed,94,False,ArialMT,0.4
test1.pdf,5,humanitarian organizations’ or donors’.,9.5,False,94.5,636.5198974609375,#000000,False,mixed,39,False,ArialMT,0.25
test1.pdf,5,-,9.5,False,76.5,662.0198974609375,#000000,False,mixed,1,False,ArialMT,0.0
test1.pdf,5,"“Third party” means a natural or legal person, public authority, agency or body other than the data",9.5,True,94.5,662.0198974609375,#000000,False,sentence,99,False,Arial-BoldMT,0.35294117647058826
test1.pdf,5,"subject, controller, processor and persons who, under the direct authority of the controller or processor,",9.5,False,94.5,674.7698974609375,#000000,False,mixed,106,False,ArialMT,0.4666666666666667
test1.pdf,5,are authorized to process personal data.,9.5,False,94.5,687.5198974609375,#000000,False,mixed,40,False,ArialMT,0.3333333333333333
test1.pdf,5,6,8.0,False,535.5551147460938,730.1878051757812,#000000,False,mixed,1,False,ArialMT,0.0
test10.pdf,0,Comptroller of the Currency,9.84000015258789,True,72.0,115.19615173339844,#000000,False,mixed,27,False,Univers-Bold,0.5
test10.pdf,0,Administrator of National Banks,9.84000015258789,True,72.0,127.19615173339844,#000000,False,mixed,31,False,Univers-Bold,0.25
test10.pdf,0,"Washington, D.C.  20219",9.84000015258789,False,72.0,144.47618103027344,#000000,False,mixed,23,False,Univers,0.25
test10.pdf,0,Corporate Decision #97-72,15.84000015258789,True,339.8399963378906,171.36622619628906,#000000,False,mixed,25,False,Arial-Bold,0.0
test10.pdf,0,August 1997,15.84000015258789,True,446.3999938964844,190.5662384033203,#000000,False,sentence,11,False,Arial-Bold,0.0
test10.pdf,0,DECISION OF THE OFFICE OF THE COMPTROLLER OF THE CURRENCY,12.0,True,93.60000610351562,223.92001342773438,#000000,False,all_caps,57,True,CGTimes-Bold,0.6
test10.pdf,0,ON THE APPLICATION TO MERGE,12.0,True,204.48001098632812,238.32003784179688,#000000,False,all_caps,27,True,CGTimes-Bold,0.6
test10.pdf,0,"FIRST AMERICAN BANK, N.A., LISBON, NORTH DAKOTA,",12.0,True,135.36001586914062,252.72006225585938,#000000,False,all_caps,48,True,CGTimes-Bold,0.125
test10.pdf,0,WITH AND INTO,12.0,True,257.280029296875,267.1200866699219,#000000,False,all_caps,13,True,CGTimes-Bold,1.0
test10.pdf,0,"FIRST AMERICAN BANK, N.A., MOORHEAD, MINNESOTA",12.0,True,136.56002807617188,281.52008056640625,#000000,False,all_caps,46,True,CGTimes-Bold,0.14285714285714285
test10.pdf,0,"July 21, 1997",12.0,True,271.4400329589844,310.320068359375,#000000,False,sentence,13,True,CGTimes-Bold,0.0
test10.pdf,0,_____________________________________________________________________________,12.0,True,75.12002563476562,324.7200622558594,#000000,False,mixed,77,True,CGTimes-Bold,0.0
test10.pdf,0,I.,12.0,True,72.0000228881836,353.5200500488281,#000000,False,all_caps,2,True,CGTimes-Bold,1.0
test10.pdf,0,INTRODUCTION,12.0,True,108.0000228881836,353.5200500488281,#000000,False,all_caps,12,True,CGTimes-Bold,0.0
test10.pdf,0,"On May 21, 1997, an Application was filed with the Office of the Comptroller of the",12.0,False,108.0000228881836,382.3200378417969,#000000,False,mixed,83,True,CGTimes,0.5625
test10.pdf,0,"Currency (""OCC"") for approval to merge First American Bank, National Association, Lisbon,",12.0,False,72.00003051757812,396.72003173828125,#000000,False,mixed,89,True,CGTimes,0.16666666666666666
test10.pdf,0,"North Dakota (""Lisbon Bank"") with and into First American Bank, National Association,",12.0,False,72.00003051757812,411.1200256347656,#000000,False,mixed,85,True,CGTimes,0.25
test10.pdf,0,"Moorhead, Minnesota (""Moorhead Bank""), under the charter and title of the latter, under 12",12.0,False,72.00003051757812,425.52001953125,#000000,False,mixed,90,True,CGTimes,0.42857142857142855
test10.pdf,0,"U.S.C. §§ 215a-1, 1828(c) & 1831u(a) (""the Merger Application"").  Moorhead Bank has its main",12.0,False,72.00006103515625,439.9200134277344,#000000,False,mixed,92,True,CGTimes,0.29411764705882354
test10.pdf,0,"office in Moorhead, Minnesota.  It also has a branch in Moorhead, Minnesota.  Lisbon Bank has",12.0,False,72.00006103515625,454.32000732421875,#000000,False,mixed,93,True,CGTimes,0.4
test10.pdf,0,"its main office in Lisbon, North Dakota, and operates branches in North Dakota.  In the Merger",12.0,False,72.00006103515625,468.7200012207031,#000000,False,mixed,94,True,CGTimes,0.375
test10.pdf,0,"Application, OCC approval is also requested for the resulting bank to retain Moorhead Bank's",12.0,False,72.00006866455078,483.1199951171875,#000000,False,mixed,92,True,CGTimes,0.3333333333333333
test10.pdf,0,"main office as the main office of the resulting bank under 12 U.S.C. § 1831u(d)(1), and to retain",12.0,False,72.00006103515625,497.5199890136719,#000000,False,mixed,97,True,CGTimes,0.42857142857142855
test10.pdf,0,"Moorhead Bank's branch and Lisbon Bank's main office and branches, as branches after the",12.0,False,72.00004577636719,511.9199523925781,#000000,False,mixed,88,True,CGTimes,0.4375
test10.pdf,0,merger under 12 U.S.C. §§ 36(d) & 1831u(d)(1).,12.0,False,72.00003051757812,526.3199462890625,#000000,False,mixed,46,True,CGTimes,0.36363636363636365
test10.pdf,0,Both Lisbon Bank and Moorhead Bank are subsidiaries of Bremer Financial Corporation,12.0,False,108.00003051757812,555.1199340820312,#000000,False,mixed,83,True,CGTimes,0.3333333333333333
test10.pdf,0,"(""Bremer""), a multistate bank holding company headquartered in St. Paul, Minnesota.  In the",12.0,False,72.0000228881836,569.5199584960938,#000000,False,mixed,91,True,CGTimes,0.3076923076923077
test10.pdf,0,"proposed merger, two of Bremer's existing bank subsidiaries will be combined into one bank with",12.0,False,72.00003051757812,583.919921875,#000000,False,mixed,95,True,CGTimes,0.375
test10.pdf,0,"branches.  As of March 31, 1997, the Lisbon Bank had approximately $91.8 million in assets and",12.0,False,72.00003051757812,598.3199462890625,#000000,False,mixed,94,True,CGTimes,0.35294117647058826
test10.pdf,0,"$75.8 million in deposits.  As of the same date, the Moorhead Bank had approximately $3.6",12.0,False,72.00003051757812,612.7199096679688,#000000,False,mixed,89,True,CGTimes,0.4117647058823529
test10.pdf,0,"million in assets and $343,000 in deposits.",12.0,False,72.0,627.1199340820312,#000000,False,mixed,43,True,CGTimes,0.375
test10.pdf,0,II.,12.0,True,72.0,655.919921875,#000000,False,all_caps,3,True,CGTimes-Bold,0.0
test10.pdf,0,LEGAL AUTHORITY,12.0,True,108.0,655.919921875,#000000,False,all_caps,15,True,CGTimes-Bold,0.0
test10.pdf,0,A.,12.0,True,72.0,684.7199096679688,#000000,False,all_caps,2,True,CGTimes-Bold,1.0
test10.pdf,0,The Interstate Merger is Authorized under 12 U.S.C. §§ 215a-1 & 1831u.,12.0,True,108.0,684.7199096679688,#000000,False,mixed,70,True,CGTimes-Bold,0.3076923076923077
test10.pdf,1,- 2 -,12.0,False,295.44000244140625,36.240020751953125,#000000,False,mixed,5,True,CGTimes,0.0
test10.pdf,1,"For purposes of section 1831u, the following definitions apply:  The term ""home State"" means, with respect",9.84000015258789,False,110.40000915527344,636.3504638671875,#000000,False,mixed,106,True,CGTimes,0.3125
test10.pdf,1,1,5.760000228881836,False,108.0,636.3455810546875,#000000,False,mixed,1,True,CGTimes,0.0
test10.pdf,1,"to a national bank, ""the State in which the main office of the bank is located.""  The term ""host State"" means, ""with",9.84000015258789,False,72.0,648.3504638671875,#000000,False,mixed,116,True,CGTimes,0.5
test10.pdf,1,"respect to a bank, a State, other than the home State of the bank, in which the bank maintains, or seeks to establish and",9.84000015258789,False,72.0,660.3504638671875,#000000,False,mixed,121,True,CGTimes,0.5833333333333334
test10.pdf,1,"maintain, a branch.""  The term ""interstate merger transaction"" means any merger transaction approved pursuant to section",9.84000015258789,False,71.99999237060547,672.3504638671875,#000000,False,mixed,120,True,CGTimes,0.25
test10.pdf,1,"1831u(a)(1).  The term ""out-of-State bank"" means, ""with respect to any State, a bank whose home State is another State.""",9.84000015258789,False,72.0,684.3504638671875,#000000,False,mixed,120,True,CGTimes,0.391304347826087
test10.pdf,1,"The term ""responsible agency"" means the agency determined in accordance with 12 U.S.C. § 1828(c)(2) (namely, the",9.84000015258789,False,72.0,696.3504638671875,#000000,False,mixed,112,True,CGTimes,0.3
test10.pdf,1,"OCC if the acquiring, assuming, or resulting bank is a national bank).  See 12 U.S.C. § 1831u(f)(4), (5), (6), (8) & (10).",9.84000015258789,False,72.0,708.3504028320312,#000000,False,mixed,122,True,CGTimes,0.25
test10.pdf,1,"In 1994, Congress enacted legislation to create a framework for interstate mergers and",12.0,False,107.99998474121094,77.03994750976562,#000000,False,mixed,86,True,CGTimes,0.38461538461538464
test10.pdf,1,"branching by banks.  See Riegle-Neal Interstate Banking and Branching Efficiency Act of 1994,",12.0,False,72.0,91.43997192382812,#000000,False,mixed,93,True,CGTimes,0.21428571428571427
test10.pdf,1,"Pub. L. No. 103-328, 108 Stat. 2338 (enacted September 29, 1994) (""the Riegle-Neal Act"").  The",12.0,False,72.0,105.83999633789062,#000000,False,mixed,94,True,CGTimes,0.17647058823529413
test10.pdf,1,Riegle-Neal Act added a new section 44 to the Federal Deposit Insurance Act that authorizes,12.0,False,72.0,120.24002075195312,#000000,False,mixed,91,True,CGTimes,0.25
test10.pdf,1,"certain interstate merger transactions beginning on June 1, 1997.  See Riegle-Neal Act § 102(a)",12.0,False,72.0,134.63998413085938,#000000,False,mixed,95,True,CGTimes,0.13333333333333333
test10.pdf,1,"(adding new section 44, 12 U.S.C. § 1831u).  It also made conforming amendments to the",12.0,False,72.0,149.04000854492188,#000000,False,mixed,86,True,CGTimes,0.25
test10.pdf,1,provisions on mergers and consolidations of national banks to permit national banks to engage in,12.0,False,71.99996948242188,163.44003295898438,#000000,False,mixed,96,True,CGTimes,0.4
test10.pdf,1,such section 44 interstate merger transactions.  See Riegle-Neal Act § 102(b)(4) (adding a new,12.0,False,71.99996948242188,177.83999633789062,#000000,False,mixed,94,True,CGTimes,0.125
test10.pdf,1,"section, codified at 12 U.S.C. § 215a-1).  It also added a similar conforming amendment to the",12.0,False,72.0,192.24002075195312,#000000,False,mixed,94,True,CGTimes,0.3333333333333333
test10.pdf,1,McFadden Act to permit national banks to maintain and operate branches in accordance with,12.0,False,72.0,206.64004516601562,#000000,False,mixed,89,True,CGTimes,0.35714285714285715
test10.pdf,1,section 44.  See Riegle-Neal Act § 102(b)(1)(B) (adding new subsection 12 U.S.C. § 36(d)).,12.0,False,72.0,221.04000854492188,#000000,False,mixed,90,True,CGTimes,0.10526315789473684
test10.pdf,1,Section 44 authorizes mergers between banks with different home states:,12.0,False,108.0,249.83999633789062,#000000,False,sentence,71,True,CGTimes,0.2
test10.pdf,1,"(1)  In General. -- Beginning on June 1, 1997, the responsible agency may",12.0,False,108.0,278.6399841308594,#000000,False,mixed,73,True,CGTimes,0.25
test10.pdf,1,"approve a merger transaction under section 18(c) [12 U.S.C. § 1828(c), the Bank",12.0,False,108.0,293.03997802734375,#000000,False,mixed,79,True,CGTimes,0.25
test10.pdf,1,"Merger Act] between insured banks with different home States, without regard to",12.0,False,108.0,307.4399719238281,#000000,False,mixed,79,True,CGTimes,0.25
test10.pdf,1,whether such transaction is prohibited under the law of any State.,12.0,False,108.00000762939453,321.8399658203125,#000000,False,mixed,66,True,CGTimes,0.5454545454545454
test10.pdf,1,12 U.S.C. § 1831u(a)(1).   The Act permits a state to elect to prohibit such interstate merger,12.0,False,72.00000762939453,350.63995361328125,#000000,False,mixed,94,True,CGTimes,0.3684210526315789
test10.pdf,1,1,7.199999809265137,False,200.63998413085938,350.3519592285156,#000000,False,mixed,1,True,CGTimes,0.0
test10.pdf,1,transactions involving a bank whose home state is the prohibiting state by enacting a law between,12.0,False,71.99998474121094,365.03997802734375,#000000,False,mixed,97,True,CGTimes,0.375
test10.pdf,1,"September 29, 1994, and May 31, 1997, that expressly prohibits all mergers with all out-of-state",12.0,False,71.99998474121094,379.4399719238281,#000000,False,mixed,96,True,CGTimes,0.4117647058823529
test10.pdf,1,"banks.  See 12 U.S.C. § 1831u(a)(2) (state ""opt-out"" laws).  In this Merger Application, the home",12.0,False,71.99998474121094,393.8399658203125,#000000,False,mixed,97,True,CGTimes,0.3157894736842105
test10.pdf,1,"states of the banks are Minnesota and North Dakota; neither state has opted out.  Accordingly,",12.0,False,72.0,408.239990234375,#000000,False,mixed,94,True,CGTimes,0.4
test10.pdf,1,this Merger Application may be approved under 12 U.S.C. §§ 215a-1 & 1831u(a).,12.0,False,72.0,422.6399841308594,#000000,False,mixed,77,True,CGTimes,0.3333333333333333
test10.pdf,1,"In addition, an application to engage in an interstate merger transaction under 12 U.S.C.",12.0,False,108.0,451.4399719238281,#000000,False,mixed,89,True,CGTimes,0.4375
test10.pdf,1,§ 1831u is also subject to certain requirements and conditions set forth in sections 1831u(a)(5) and,12.0,False,71.99999237060547,465.8399658203125,#000000,False,mixed,100,True,CGTimes,0.35294117647058826
test10.pdf,1,1831u(b) of the Riegle-Neal Act.  These conditions are: (1) compliance with state-imposed age,12.0,False,72.0,480.2399597167969,#000000,False,mixed,93,True,CGTimes,0.3125
test10.pdf,1,"limits, if any, subject to the Act’s limits; (2) compliance with certain state filing requirements,",12.0,False,72.00001525878906,494.63995361328125,#000000,False,mixed,99,True,CGTimes,0.375
test10.pdf,1,to the extent the filing requirements are permitted in the Act; (3) compliance with nationwide and,12.0,False,72.00003051757812,509.0399475097656,#000000,False,mixed,98,True,CGTimes,0.5
test10.pdf,1,state concentration limits; (4) community reinvestment compliance; and (5) adequacy of capital,12.0,False,72.00001525878906,523.43994140625,#000000,False,mixed,94,True,CGTimes,0.16666666666666666
test10.pdf,1,and management skills.,12.0,False,72.0,537.8399047851562,#000000,False,mixed,22,True,CGTimes,0.3333333333333333
test10.pdf,1,"The Merger Application satisfies all these conditions to the extent applicable.  First, the",12.0,False,108.0,566.639892578125,#000000,False,mixed,91,True,CGTimes,0.46153846153846156
test10.pdf,1,proposal satisfies the state-imposed age requirements permitted by section 1831u(a)(5).  Under,12.0,False,72.00001525878906,581.0399169921875,#000000,False,mixed,94,True,CGTimes,0.2857142857142857
test10.pdf,1,"that section, the OCC may not approve a merger under section 1831u(a)(1) ""that would have the",12.0,False,72.00006103515625,595.4398803710938,#000000,False,mixed,93,True,CGTimes,0.5
test10.pdf,2,- 3 -,12.0,False,295.44000244140625,36.240020751953125,#000000,False,mixed,5,True,CGTimes,0.0
test10.pdf,2,"Under this provision, states are permitted to impose a filing requirement on out-of-state banks that will operate",9.84000015258789,False,110.40000915527344,564.3504638671875,#000000,False,sentence,113,True,CGTimes,0.5263157894736842
test10.pdf,2,2,5.760000228881836,False,108.0,564.3455810546875,#000000,False,mixed,1,True,CGTimes,0.0
test10.pdf,2,"branches in the state as a result of an interstate merger transaction under the Riegle-Neal Act, but the states may impose",9.84000015258789,False,72.0,576.3504638671875,#000000,False,mixed,122,True,CGTimes,0.45454545454545453
test10.pdf,2,only those requirements that are within the terms specified.  Since Congress has specifically set forth and limited what,9.84000015258789,False,72.00000762939453,588.3504638671875,#000000,False,mixed,120,True,CGTimes,0.4444444444444444
test10.pdf,2,"state filing requirements apply for these interstate transactions, it clearly intended that only those requirements would",9.84000015258789,False,72.00000762939453,600.3504638671875,#000000,False,mixed,121,True,CGTimes,0.375
test10.pdf,2,"apply, and the states may not impose others.  Thus, in a transaction involving only national banks, only the filing",9.84000015258789,False,72.0,612.3504638671875,#000000,False,mixed,115,True,CGTimes,0.42105263157894735
test10.pdf,2,"requirements allowed under section 1831u(b)(1) must be complied with.  However, where a state bank is involved, a state",9.84000015258789,False,72.0,624.3504638671875,#000000,False,mixed,119,True,CGTimes,0.35
test10.pdf,2,"may continue to have authority to impose greater requirements on its own state-chartered banks, because of the",9.84000015258789,False,72.0,636.3504638671875,#000000,False,mixed,110,True,CGTimes,0.5
test10.pdf,2,"reservation of authority in section 1831u(c)(3).  Moreover, as a general matter, national banks are formed and",9.84000015258789,False,72.0,648.3504638671875,#000000,False,mixed,110,True,CGTimes,0.3333333333333333
test10.pdf,2,"incorporated under, and governed by, federal law.  Their authority to enter mergers, to establish branches, or to undergo",9.84000015258789,False,72.0,660.3504638671875,#000000,False,mixed,121,True,CGTimes,0.4444444444444444
test10.pdf,2,"other changes in their corporate existence is determined by federal law, not state law; and any requisite approval is by",9.84000015258789,False,72.0,672.3504638671875,#000000,False,mixed,120,True,CGTimes,0.5
test10.pdf,2,"the OCC, not state authorities.  For a fuller discussion of this subject, see, e.g., Decision on the Applications to Merge",9.84000015258789,False,72.00000762939453,684.3504028320312,#000000,False,mixed,122,True,CGTimes,0.42857142857142855
test10.pdf,2,"First Interstate Banks into Wells Fargo Bank, N.A. (OCC Corporate Decision No. 96-29, June 1, 1996) (at pages 4-5,",9.84000015258789,False,72.0,696.3504028320312,#000000,False,mixed,114,True,CGTimes,0.18181818181818182
test10.pdf,2,12-14 & note 11).,9.84000015258789,False,72.0,708.3504028320312,#000000,False,mixed,17,True,CGTimes,0.0
test10.pdf,2,effect of permitting an out-of-State bank or out-of-State bank holding company to acquire a bank,12.0,False,72.0,77.03994750976562,#000000,False,mixed,96,True,CGTimes,0.47368421052631576
test10.pdf,2,"in a host state that has not been in existence for the minimum period of time, if any, specified in",12.0,False,72.0,91.43997192382812,#000000,False,mixed,99,True,CGTimes,0.65
test10.pdf,2,"the statutory law of the host State.""  12 U.S.C. § 1831u(a)(5)(A).  In this Merger Application,",12.0,False,72.0,105.83999633789062,#000000,False,mixed,95,True,CGTimes,0.42105263157894735
test10.pdf,2,Moorhead Bank is acquiring by merger a bank (Lisbon Bank) in the host state of North Dakota.,12.0,False,72.0,120.24002075195312,#000000,False,mixed,92,True,CGTimes,0.35294117647058826
test10.pdf,2,"The statutory laws of North Dakota do not contain any minimum age requirement.  Thus, the",12.0,False,72.0,134.64004516601562,#000000,False,mixed,89,True,CGTimes,0.4
test10.pdf,2,Lisbon Bank/Moorhead Bank merger satisfies the Riegle-Neal Act requirement of compliance with,12.0,False,71.99996948242188,149.04006958007812,#000000,False,mixed,93,True,CGTimes,0.21428571428571427
test10.pdf,2,state age laws.,12.0,False,71.99996948242188,163.44009399414062,#000000,False,mixed,15,True,CGTimes,0.0
test10.pdf,2,"Second, the proposal meets the applicable filing requirements.  A bank applying for an",12.0,False,107.99996948242188,192.24008178710938,#000000,False,mixed,86,True,CGTimes,0.38461538461538464
test10.pdf,2,"interstate merger transaction under section 1831u(a) must (1) ""comply with the filing requirements",12.0,False,71.99993896484375,206.64010620117188,#000000,False,mixed,98,True,CGTimes,0.2857142857142857
test10.pdf,2,"of any host State of the bank which will result from such transaction"" as long as the filing",12.0,False,71.99993896484375,221.04013061523438,#000000,False,mixed,92,True,CGTimes,0.6111111111111112
test10.pdf,2,requirement does not discriminate against out-of-state banks and is similar in effect to filing,12.0,False,71.99993896484375,235.44015502929688,#000000,False,mixed,95,True,CGTimes,0.5625
test10.pdf,2,requirements imposed by the host state on out-of-state nonbanking corporations doing business in,12.0,False,71.99993896484375,249.84017944335938,#000000,False,mixed,96,True,CGTimes,0.4666666666666667
test10.pdf,2,"the host state, and (2) submit a copy of the application to the state bank supervisor of the host",12.0,False,71.99993896484375,264.2402038574219,#000000,False,mixed,97,True,CGTimes,0.47368421052631576
test10.pdf,2,state.  See 12 U.S.C. § 1831u(b)(1).   The North Dakota interstate banking statute provides that,12.0,False,71.99993896484375,278.6400146484375,#000000,False,mixed,96,True,CGTimes,0.17647058823529413
test10.pdf,2,2,7.199999809265137,False,248.39999389648438,278.3520202636719,#000000,False,mixed,1,True,CGTimes,0.0
test10.pdf,2,"an ""out-of-state bank that will be the resulting bank pursuant to an interstate merger involving a",12.0,False,72.0,293.0400390625,#000000,False,mixed,98,True,CGTimes,0.5555555555555556
test10.pdf,2,North Dakota bank must notify and submit a copy of its interstate merger application to the board,12.0,False,72.0,307.4400329589844,#000000,False,mixed,97,True,CGTimes,0.35294117647058826
test10.pdf,2,of the proposed merger not later than the date on which it files the application with the responsible,12.0,False,72.0,321.84002685546875,#000000,False,mixed,101,True,CGTimes,0.6111111111111112
test10.pdf,2,"federal regulatory authority.""  N.D. Cent. Code § 6-08.4-05 (1996).  As implemented to date,",12.0,False,72.0,336.2400207519531,#000000,False,mixed,92,True,CGTimes,0.1875
test10.pdf,2,the filing requirements of section 6-08.4-05 do not appear to discriminate against out-of-state,12.0,False,72.00003051757812,350.6400146484375,#000000,False,mixed,95,True,CGTimes,0.4444444444444444
test10.pdf,2,banks or to impose a filing requirement more burdensome than that imposed on nonbanking,12.0,False,72.00003051757812,365.0400085449219,#000000,False,mixed,87,True,CGTimes,0.5
test10.pdf,2,corporations.  Moorhead Bank provided a copy of its OCC Merger Application to the North,12.0,False,72.0,379.44000244140625,#000000,False,mixed,87,True,CGTimes,0.35714285714285715
test10.pdf,2,"Dakota state bank supervisor.  Thus, the Lisbon Bank/Moorhead Bank merger satisfies the Riegle-",12.0,False,72.0,393.8399963378906,#000000,False,mixed,95,True,CGTimes,0.14285714285714285
test10.pdf,2,Neal Act requirement of compliance with state filing requirements.,12.0,False,72.0,408.239990234375,#000000,False,mixed,66,True,CGTimes,0.2222222222222222
test10.pdf,2,"Third, the proposed interstate merger transaction does not raise issues with respect to the",12.0,False,108.0,437.03997802734375,#000000,False,sentence,91,True,CGTimes,0.42857142857142855
test10.pdf,2,deposit concentration limits of the Riegle-Neal Act.  Section 1831u(b)(2) places certain nationwide,12.0,False,72.0,451.4399719238281,#000000,False,mixed,99,True,CGTimes,0.13333333333333333
test10.pdf,2,and statewide deposit concentration limits on section 1831u(a) interstate merger transactions.,12.0,False,72.0,465.8399658203125,#000000,False,mixed,94,True,CGTimes,0.25
test10.pdf,2,"However, interstate merger transactions involving only affiliated banks are specifically excepted",12.0,False,72.00003051757812,480.2399597167969,#000000,False,sentence,97,True,CGTimes,0.18181818181818182
test10.pdf,2,from these provisions.  See 12 U.S.C. § 1831u(b)(2)(E).  Lisbon Bank and Moorhead Bank are,12.0,False,72.00003814697266,494.63995361328125,#000000,False,mixed,90,True,CGTimes,0.2777777777777778
test10.pdf,2,affiliates; thus section 1831u(b)(2) is not applicable to this merger.,12.0,False,72.0,509.0400085449219,#000000,False,mixed,70,True,CGTimes,0.3333333333333333
test10.pdf,3,- 4 -,12.0,False,295.44000244140625,36.240020751953125,#000000,False,mixed,5,True,CGTimes,0.0
test10.pdf,3,"Fourth, the proposed interstate merger transaction also does not raise issues with respect",12.0,False,108.0,77.04000854492188,#000000,False,sentence,90,True,CGTimes,0.3076923076923077
test10.pdf,3,to the special community reinvestment compliance provisions of the Riegle-Neal Act.  In,12.0,False,72.0,91.44003295898438,#000000,False,mixed,87,True,CGTimes,0.38461538461538464
test10.pdf,3,determining whether to approve an application for an interstate merger transaction under section,12.0,False,72.0,105.84005737304688,#000000,False,mixed,96,True,CGTimes,0.38461538461538464
test10.pdf,3,"1831u(a), the OCC must (1) comply with its responsibilities under section 804 of the federal",12.0,False,72.0,120.24008178710938,#000000,False,mixed,92,True,CGTimes,0.4375
test10.pdf,3,"Community Reinvestment Act (""CRA""), 12 U.S.C. § 2903, (2) take into account the CRA",12.0,False,72.0,134.64010620117188,#000000,False,mixed,83,True,CGTimes,0.2
test10.pdf,3,"evaluations of any bank which would be an affiliate of the resulting bank, and (3) take into",12.0,False,72.0,149.04013061523438,#000000,False,mixed,92,True,CGTimes,0.5294117647058824
test10.pdf,3,account the applicant banks' record of compliance with applicable state community reinvestment,12.0,False,72.0,163.44015502929688,#000000,False,mixed,94,True,CGTimes,0.25
test10.pdf,3,"laws.  See 12 U.S.C. § 1831u(b)(3).  However, this provision does not apply to mergers between",12.0,False,72.0,177.83999633789062,#000000,False,mixed,94,True,CGTimes,0.3333333333333333
test10.pdf,3,"affiliated banks since it applies only ""for an interstate merger transaction in which the resulting",12.0,False,72.00001525878906,192.24002075195312,#000000,False,mixed,99,True,CGTimes,0.4666666666666667
test10.pdf,3,bank would have a branch or bank affiliate immediately following the transaction in any State in,12.0,False,72.00001525878906,206.64004516601562,#000000,False,mixed,96,True,CGTimes,0.4375
test10.pdf,3,which the bank submitting the application (as the acquiring bank) had no branch or bank affiliate,12.0,False,72.00001525878906,221.04006958007812,#000000,False,mixed,97,True,CGTimes,0.5
test10.pdf,3,"immediately before the transaction.""  12 U.S.C. § 1831u(b)(3).  See also H.R. Conf. Rep. No.",12.0,False,72.00001525878906,235.43997192382812,#000000,False,mixed,92,True,CGTimes,0.2222222222222222
test10.pdf,3,"651, 103d Cong., 2d Sess. 52 (1994).  In this Merger Application, Moorhead Bank (the bank",12.0,False,72.0,249.83999633789062,#000000,False,mixed,89,True,CGTimes,0.2
test10.pdf,3,submitting the application as the acquiring bank) has a bank affiliate in North Dakota before the,12.0,False,72.0,264.2400207519531,#000000,False,mixed,97,True,CGTimes,0.5
test10.pdf,3,"transaction (i.e., Lisbon Bank), and is also not otherwise obtaining a branch or bank affiliate in",12.0,False,72.0,278.6400146484375,#000000,False,mixed,98,True,CGTimes,0.4117647058823529
test10.pdf,3,"any state in which it did not have a branch or bank affiliate before.  Thus, this Riegle-Neal Act",12.0,False,72.0,293.0400085449219,#000000,False,mixed,97,True,CGTimes,0.5789473684210527
test10.pdf,3,"provision is not applicable to the Merger Application.  However, the Community Reinvestment",12.0,False,72.0,307.44000244140625,#000000,False,mixed,91,True,CGTimes,0.4166666666666667
test10.pdf,3,"Act itself is applicable, as discussed below, see Part III-B.",12.0,False,72.0,321.8399963378906,#000000,False,mixed,61,True,CGTimes,0.36363636363636365
test10.pdf,3,"Fifth, the proposal satisfies the adequacy of capital and management skills requirements",12.0,False,108.0,350.6399841308594,#000000,False,sentence,88,True,CGTimes,0.3333333333333333
test10.pdf,3,in the Riegle-Neal Act.  The OCC may approve an application for an interstate merger transaction,12.0,False,72.00001525878906,365.03997802734375,#000000,False,mixed,96,True,CGTimes,0.375
test10.pdf,3,under section 1831u(a) only if each bank involved in the transaction is adequately capitalized as,12.0,False,72.00003051757812,379.4399719238281,#000000,False,mixed,97,True,CGTimes,0.5625
test10.pdf,3,of the date the application is filed and the resulting bank will continue to be adequately capitalized,12.0,False,72.00003051757812,393.8399658203125,#000000,False,mixed,102,True,CGTimes,0.5294117647058824
test10.pdf,3,and adequately managed upon consummation of the transaction.  See 12 U.S.C. § 1831u(b)(4).,12.0,False,72.00003051757812,408.2399597167969,#000000,False,mixed,90,True,CGTimes,0.25
test10.pdf,3,"As of the date the application was filed, both Lisbon Bank and Moorhead Bank satisfied all",12.0,False,72.0,422.6399841308594,#000000,False,mixed,90,True,CGTimes,0.5
test10.pdf,3,"regulatory and supervisory requirements relating to adequate capitalization.  Currently, each bank",12.0,False,72.0,437.03997802734375,#000000,False,mixed,98,True,CGTimes,0.2727272727272727
test10.pdf,3,"is at least satisfactorily managed.  The OCC has also determined that, following the merger,",12.0,False,71.99998474121094,451.4399719238281,#000000,False,mixed,92,True,CGTimes,0.42857142857142855
test10.pdf,3,Moorhead Bank will continue to exceed the standards for an adequately capitalized and adequately,12.0,False,71.99996948242188,465.8399658203125,#000000,False,mixed,96,True,CGTimes,0.42857142857142855
test10.pdf,3,managed bank.  The requirements of 12 U.S.C. § 1831u(b)(4) are therefore satisfied.,12.0,False,71.99996948242188,480.2399597167969,#000000,False,mixed,83,True,CGTimes,0.26666666666666666
test10.pdf,3,"Accordingly, the proposed interstate merger transaction between Lisbon Bank and",12.0,False,107.99996948242188,509.0399475097656,#000000,False,mixed,79,True,CGTimes,0.3
test10.pdf,3,Moorhead Bank is legally permissible under section 1831u.,12.0,False,72.0,523.43994140625,#000000,False,mixed,57,True,CGTimes,0.25
test10.pdf,3,B.,12.0,True,72.0,552.2399291992188,#000000,False,all_caps,2,True,CGTimes-Bold,0.0
test10.pdf,3,"Following the Merger, the Resulting Bank May Retain Moorhead Bank's and Lisbon",12.0,True,108.0,552.2399291992188,#000000,False,mixed,78,True,CGTimes-Bold,0.3076923076923077
test10.pdf,3,Bank's Existing Main Offices and Branches under 12 U.S.C. §§ 36(d) & 1831u(d)(1).,12.0,True,107.99998474121094,566.639892578125,#000000,False,mixed,81,True,CGTimes-Bold,0.35294117647058826
test10.pdf,3,"The Applicants have requested that, upon the completion of the merger, Moorhead Bank",12.0,False,108.0,595.43994140625,#000000,False,mixed,84,True,CGTimes,0.46153846153846156
test10.pdf,3,(as the resulting bank in the merger) be permitted to retain and continue to operate its existing,12.0,False,72.0,609.8399047851562,#000000,False,mixed,97,True,CGTimes,0.5294117647058824
test10.pdf,3,"main office in Moorhead, Minnesota, as the main office of the resulting bank, and to retain and",12.0,False,72.0,624.2398681640625,#000000,False,mixed,95,True,CGTimes,0.47058823529411764
test10.pdf,3,operate as branches (1) its own branch and (2) the main office and branches of Lisbon Bank in,12.0,False,72.0,638.639892578125,#000000,False,mixed,93,True,CGTimes,0.4444444444444444
test10.pdf,4,- 5 -,12.0,False,295.44000244140625,36.240020751953125,#000000,False,mixed,5,True,CGTimes,0.0
test10.pdf,4,"Lisbon Bank has received approval to open a branch in Fargo, North Dakota, which will not open prior to",9.84000015258789,False,110.8800048828125,480.35040283203125,#000000,False,mixed,103,True,CGTimes,0.42105263157894735
test10.pdf,4,3,5.760000228881836,False,108.0,480.3456115722656,#000000,False,mixed,1,True,CGTimes,0.0
test10.pdf,4,the merger.  North Dakota law permits state-wide branching. N.D. Cent. Code § 6-03-13.1 (1996).  We note that after,9.84000015258789,False,72.0,492.35040283203125,#000000,False,mixed,115,True,CGTimes,0.22727272727272727
test10.pdf,4,"the merger, Moorhead Bank, by virtue of its branches in North Dakota, would be authorized to establish and operate this",9.84000015258789,False,72.0,504.3503723144531,#000000,False,mixed,119,True,CGTimes,0.45
test10.pdf,4,"branch under 12 U.S.C. § 36(c).  As a result, the unopened branch will continue to be approved by the OCC after the",9.84000015258789,False,72.0,516.3504028320312,#000000,False,mixed,115,True,CGTimes,0.5
test10.pdf,4,merger.,9.84000015258789,False,72.0,528.3504028320312,#000000,False,mixed,7,True,CGTimes,0.0
test10.pdf,4,"By its action in adding section 36(d), Congress made it clear that section 44(d)(1) is an express and complete",9.84000015258789,False,110.4000015258789,552.3504028320312,#000000,False,mixed,110,True,CGTimes,0.45454545454545453
test10.pdf,4,4,5.760000228881836,False,108.00000762939453,552.3455810546875,#000000,False,mixed,1,True,CGTimes,0.0
test10.pdf,4,grant of office-retention authority for interstate merger transactions effected under section 44 and that it operates,9.84000015258789,False,72.00000762939453,564.3504028320312,#000000,False,mixed,117,True,CGTimes,0.35294117647058826
test10.pdf,4,independently of the provisions for branch retention in mergers under 12 U.S.C. § 36(b)(2).  Neither section 36(d) nor,9.84000015258789,False,72.00003051757812,576.3504028320312,#000000,False,mixed,118,True,CGTimes,0.36363636363636365
test10.pdf,4,section 1831u(d)(1) refers to section 36(b)(2).  Congress clearly was aware of the McFadden Act's existing provisions,9.84000015258789,False,72.00003051757812,588.3504028320312,#000000,False,mixed,117,True,CGTimes,0.2857142857142857
test10.pdf,4,for branch retention in mergers at the time it acted on section 44 and the way in which those provisions applied for,9.84000015258789,False,72.00003051757812,600.3504028320312,#000000,False,mixed,116,True,CGTimes,0.5454545454545454
test10.pdf,4,"interstate national banks, since the OCC had approved interstate main office relocation transactions that also involved",9.84000015258789,False,72.00003051757812,612.3504028320312,#000000,False,mixed,119,True,CGTimes,0.1875
test10.pdf,4,mergers with affiliate banks in which the resulting bank's authority to retain branches was based on section 36(b)(2).,9.84000015258789,False,72.0,624.3504028320312,#000000,False,mixed,118,True,CGTimes,0.38095238095238093
test10.pdf,4,"The Conference Report to the Riegle-Neal Act makes reference to such OCC decisions.  See H.R. Conf. Rep. No. 651,",9.84000015258789,False,72.0,636.3504028320312,#000000,False,mixed,113,True,CGTimes,0.2857142857142857
test10.pdf,4,"103d Cong., 2d Sess. 57 (1994).  By expressly providing for office-retention in section 1831u(d)(1) and then",9.84000015258789,False,72.0,648.3504028320312,#000000,False,mixed,108,True,CGTimes,0.3157894736842105
test10.pdf,4,"incorporating that into the McFadden Act in section 36(d), Congress clearly intended that those provisions apply to branch",9.84000015258789,False,72.0,660.3504028320312,#000000,False,mixed,122,True,CGTimes,0.42105263157894735
test10.pdf,4,"retention in interstate merger transactions under section 1831u, rather than the complex branch retention provisions of",9.84000015258789,False,72.0,672.3504028320312,#000000,False,mixed,119,True,CGTimes,0.3125
test10.pdf,4,"section 36(b)(2).  Of course, section 36(b)(2) continues to govern branch retention in national bank mergers that are not",9.84000015258789,False,72.0,684.3504028320312,#000000,False,mixed,121,True,CGTimes,0.2727272727272727
test10.pdf,4,"entered into under section 1831u, including mergers involving an interstate bank (such as a merger of an interstate bank",9.84000015258789,False,71.99999237060547,696.3504028320312,#000000,False,mixed,120,True,CGTimes,0.42105263157894735
test10.pdf,4,into another national bank in its home state).,9.84000015258789,False,71.99999237060547,708.3504028320312,#000000,False,mixed,46,True,CGTimes,0.375
test10.pdf,4,"North Dakota .  In an interstate merger transaction under section 1831u, the resulting bank's",12.0,False,71.99999237060547,77.03994750976562,#000000,False,mixed,93,True,CGTimes,0.35714285714285715
test10.pdf,4,3,7.199999809265137,False,140.39999389648438,76.75196075439453,#000000,False,mixed,1,True,CGTimes,0.0
test10.pdf,4,retention and continued operation of the offices of the merging banks is expressly provided for:,12.0,False,71.99999237060547,91.43997192382812,#000000,False,mixed,96,True,CGTimes,0.4666666666666667
test10.pdf,4,"(1)  Continued Operations. -- A resulting bank may, subject to the approval of",12.0,False,107.99999237060547,120.23995971679688,#000000,False,mixed,78,True,CGTimes,0.3333333333333333
test10.pdf,4,"the appropriate Federal banking agency, retain and operate, as a main office or a",12.0,False,107.99999237060547,134.63998413085938,#000000,False,mixed,81,True,CGTimes,0.42857142857142855
test10.pdf,4,"branch, any office that any bank involved in an interstate merger transaction was",12.0,False,107.99999237060547,149.04000854492188,#000000,False,mixed,81,True,CGTimes,0.46153846153846156
test10.pdf,4,operating as a main office or a branch immediately before the merger transaction.,12.0,False,107.99999237060547,163.44003295898438,#000000,False,mixed,81,True,CGTimes,0.46153846153846156
test10.pdf,4,"12 U.S.C. § 1831u(d)(1).  The resulting bank is the ""bank that has resulted from an interstate",12.0,False,72.0,192.24002075195312,#000000,False,mixed,94,True,CGTimes,0.47368421052631576
test10.pdf,4,"merger transaction under this section [section 1831u(a)].""  12 U.S.C. § 1831u(f)(11).  In addition,",12.0,False,71.99996948242188,206.64004516601562,#000000,False,mixed,99,True,CGTimes,0.29411764705882354
test10.pdf,4,Congress also added a conforming amendment to the McFadden Act to emphasize that branch,12.0,False,71.99996948242188,221.04006958007812,#000000,False,mixed,87,True,CGTimes,0.35714285714285715
test10.pdf,4,retention in an interstate merger transaction under section 1831u occurs under the authority of,12.0,False,72.0,235.44009399414062,#000000,False,mixed,95,True,CGTimes,0.42857142857142855
test10.pdf,4,section 1831u(d):,12.0,False,71.99996948242188,249.84011840820312,#000000,False,mixed,17,True,CGTimes,0.3333333333333333
test10.pdf,4,(d)  Branches Resulting From Interstate Merger Transactions. -- A national bank,12.0,False,107.99996948242188,278.6401062011719,#000000,False,mixed,79,True,CGTimes,0.3
test10.pdf,4,resulting from an interstate merger transaction (as defined in section 44(f)(6) of the,12.0,False,107.99995422363281,293.04010009765625,#000000,False,mixed,86,True,CGTimes,0.4
test10.pdf,4,Federal Deposit Insurance Act) may maintain and operate a branch in a State other,12.0,False,107.99995422363281,307.4400939941406,#000000,False,mixed,81,True,CGTimes,0.35714285714285715
test10.pdf,4,than the home State (as defined in subsection (g)(3)(B)) of such bank in accordance,12.0,False,107.99995422363281,321.840087890625,#000000,False,mixed,83,True,CGTimes,0.4375
test10.pdf,4,with section 44 of the Federal Deposit Insurance Act [12 U.S.C. § 1831u].,12.0,False,107.99996948242188,336.2400817871094,#000000,False,mixed,73,True,CGTimes,0.2857142857142857
test10.pdf,4,"12 U.S.C. § 36(d) (as added by Riegle-Neal Act § 102(b)(1)(B)).  Therefore, Moorhead Bank,",12.0,False,71.99996948242188,365.0400695800781,#000000,False,mixed,90,True,CGTimes,0.21052631578947367
test10.pdf,4,"the resulting bank in this interstate merger transaction, may retain and continue to operate all of",12.0,False,71.9999771118164,379.4400634765625,#000000,False,mixed,99,True,CGTimes,0.4375
test10.pdf,4,the existing banking offices of both Moorhead Bank and Lisbon Bank under 12 U.S.C. §§ 36(d),12.0,False,71.9999771118164,393.8400573730469,#000000,False,mixed,91,True,CGTimes,0.3888888888888889
test10.pdf,4,& 1831u(d)(1).,12.0,False,71.99996948242188,408.24005126953125,#000000,False,mixed,14,True,CGTimes,0.3333333333333333
test10.pdf,4,4,7.199999809265137,False,147.35995483398438,407.9520568847656,#000000,False,mixed,1,True,CGTimes,0.0
test10.pdf,5,- 6 -,12.0,False,295.44000244140625,36.240020751953125,#000000,False,mixed,5,True,CGTimes,0.0
test10.pdf,5,"Moreover, at its branches in North Dakota and Minnesota, Moorhead Bank is authorized",12.0,False,108.0,77.04000854492188,#000000,False,mixed,84,True,CGTimes,0.38461538461538464
test10.pdf,5,"to engage in all activities permissible for national banks.  See, e.g., 12 U.S.C. §§ 215a-1 (Riegle-",12.0,False,72.0,91.43997192382812,#000000,False,mixed,100,True,CGTimes,0.2631578947368421
test10.pdf,5,Neal mergers with a resulting national bank occur under the National Bank Consolidation and,12.0,False,72.0,105.83999633789062,#000000,False,mixed,91,True,CGTimes,0.35714285714285715
test10.pdf,5,"Merger Act), 215a(e) (the resulting national bank in a merger succeeds to all the rights, franchises",12.0,False,72.0,120.24002075195312,#000000,False,mixed,100,True,CGTimes,0.35294117647058826
test10.pdf,5,"and interests of the merging banks), & 1831u(d)(1) (continued operations at retained interstate",12.0,False,72.0,134.64004516601562,#000000,False,mixed,95,True,CGTimes,0.35714285714285715
test10.pdf,5,branches).  See also 12 U.S.C. § 36(f) (general provisions for host state laws applicable to,12.0,False,71.99996948242188,149.04000854492188,#000000,False,mixed,92,True,CGTimes,0.17647058823529413
test10.pdf,5,branches in the host state of out-of-state national banks).,12.0,False,72.0,163.44003295898438,#000000,False,mixed,59,True,CGTimes,0.45454545454545453
test10.pdf,5,III.,12.0,True,72.0,192.24002075195312,#000000,False,all_caps,4,True,CGTimes-Bold,0.0
test10.pdf,5,ADDITIONAL STATUTORY AND POLICY REVIEWS,12.0,True,108.0,192.24002075195312,#000000,False,all_caps,39,True,CGTimes-Bold,0.2
test10.pdf,5,A.,12.0,True,72.0,221.04000854492188,#000000,False,all_caps,2,True,CGTimes-Bold,1.0
test10.pdf,5,The Bank Merger Act.,12.0,True,108.0,221.04000854492188,#000000,False,capitalized,20,True,CGTimes-Bold,0.25
test10.pdf,5,"The Bank Merger Act, 12 U.S.C. § 1828(c), requires the OCC's approval for any merger",12.0,False,108.0,249.83999633789062,#000000,False,mixed,84,True,CGTimes,0.3333333333333333
test10.pdf,5,"between insured banks where the resulting institution will be a national bank.  Under the Act, the",12.0,False,72.0,264.2400207519531,#000000,False,mixed,98,True,CGTimes,0.5625
test10.pdf,5,OCC generally may not approve a merger which would substantially lessen competition.  In,12.0,False,71.99998474121094,278.6400146484375,#000000,False,mixed,88,True,CGTimes,0.3076923076923077
test10.pdf,5,"addition, the Act also requires the OCC to take into consideration the financial and managerial",12.0,False,72.0,293.0400085449219,#000000,False,mixed,95,True,CGTimes,0.4
test10.pdf,5,"resources and future prospects of the existing and proposed institutions, and the convenience and",12.0,False,72.0,307.44000244140625,#000000,False,mixed,97,True,CGTimes,0.5
test10.pdf,5,"needs of the community to be served.  For the reasons stated below, we find the Merger",12.0,False,72.0,321.8399963378906,#000000,False,mixed,86,True,CGTimes,0.5625
test10.pdf,5,Application may be approved under section 1828(c).,12.0,False,72.0,336.239990234375,#000000,False,sentence,50,True,CGTimes,0.25
test10.pdf,5,1.,12.0,True,72.0,365.03997802734375,#000000,False,mixed,2,True,CGTimes-Bold,0.0
test10.pdf,5,Competitive Analysis,12.0,True,108.0,365.03997802734375,#000000,False,capitalized,20,True,CGTimes-Bold,0.0
test10.pdf,5,Since Moorhead Bank and Lisbon Bank are already owned by the same bank holding,12.0,False,108.0,393.8399658203125,#000000,False,mixed,78,True,CGTimes,0.35714285714285715
test10.pdf,5,"company, their merger will have no anticompetitive effects.",12.0,False,72.0,408.2399597167969,#000000,False,mixed,59,True,CGTimes,0.5
test10.pdf,5,2.,12.0,True,72.0,437.0399475097656,#000000,False,mixed,2,True,CGTimes-Bold,0.0
test10.pdf,5,Financial and managerial resources,12.0,True,108.0,437.0399475097656,#000000,False,sentence,34,True,CGTimes-Bold,0.25
test10.pdf,5,The financial and managerial resources of both banks are presently satisfactory.  Moorhead,12.0,False,108.0,465.8399353027344,#000000,False,mixed,90,True,CGTimes,0.4166666666666667
test10.pdf,5,Bank expects to achieve efficiencies by operating the offices in North Dakota as branches rather,12.0,False,72.0,480.23992919921875,#000000,False,mixed,96,True,CGTimes,0.3333333333333333
test10.pdf,5,than as a separate corporate entity.  The geographic diversification of its operations will also,12.0,False,72.0,494.6399230957031,#000000,False,mixed,96,True,CGTimes,0.5
test10.pdf,5,"strengthen the combined bank.  The future prospects of the existing institutions, individually and",12.0,False,72.0,509.0399475097656,#000000,False,mixed,98,True,CGTimes,0.38461538461538464
test10.pdf,5,"combined, are favorable.  Thus, we find the financial and managerial resources factor is consistent",12.0,False,72.0,523.4398803710938,#000000,False,mixed,99,True,CGTimes,0.35714285714285715
test10.pdf,5,with approval of the Merger Application.,12.0,False,72.0,537.83984375,#000000,False,mixed,40,True,CGTimes,0.5
test10.pdf,5,3.,12.0,True,72.0,566.639892578125,#000000,False,mixed,2,True,CGTimes-Bold,0.0
test10.pdf,5,Convenience and needs,12.0,True,108.0,566.639892578125,#000000,False,sentence,21,True,CGTimes-Bold,0.3333333333333333
test10.pdf,5,The resulting bank will help to meet the convenience and needs of the communities to be,12.0,False,108.0,595.4398803710938,#000000,False,sentence,87,True,CGTimes,0.5625
test10.pdf,5,"served.  Moorhead Bank will continue to serve the same areas in Minnesota where it has offices,",12.0,False,71.99999237060547,609.83984375,#000000,False,mixed,95,True,CGTimes,0.5
test10.pdf,5,and it will add Lisbon Bank’s offices in North Dakota.  Both banks currently offer a full line of,12.0,False,71.99998474121094,624.2398681640625,#000000,False,mixed,97,True,CGTimes,0.42105263157894735
test10.pdf,5,"banking services, and there will be no reductions in the products or services as a result of the",12.0,False,71.99998474121094,638.639892578125,#000000,False,mixed,96,True,CGTimes,0.6666666666666666
test10.pdf,5,merger.  The combined bank will continue to offer a full line of banking products and services.,12.0,False,71.99996948242188,653.0398559570312,#000000,False,mixed,95,True,CGTimes,0.375
test10.pdf,5,"The branches in North Dakota will continue to engage in the same business, serving the same",12.0,False,71.99996948242188,667.4398803710938,#000000,False,mixed,91,True,CGTimes,0.5625
test10.pdf,5,"communities, that Lisbon Bank is currently engaged in.",12.0,False,71.99996948242188,681.83984375,#000000,False,mixed,54,True,CGTimes,0.375
test10.pdf,6,- 7 -,12.0,False,295.44000244140625,36.240020751953125,#000000,False,mixed,5,True,CGTimes,0.0
test10.pdf,6,"Upon completion of the merger, customers of each bank will have available to them a",12.0,False,108.0,77.04000854492188,#000000,False,sentence,83,True,CGTimes,0.6
test10.pdf,6,"greater number of branches at which to bank.  Currently, banking is not as convenient as it could",12.0,False,71.99996948242188,91.44003295898438,#000000,False,mixed,97,True,CGTimes,0.5294117647058824
test10.pdf,6,be for customers who frequently travel across the state lines or for business customers who have,12.0,False,71.99995422363281,105.84005737304688,#000000,False,mixed,96,True,CGTimes,0.5
test10.pdf,6,"operations in more than one state.  Following the merger, customers would be dealing with the",12.0,False,71.99996185302734,120.24008178710938,#000000,False,mixed,93,True,CGTimes,0.4666666666666667
test10.pdf,6,same bank in the two states and will be able to readily access their accounts with greater,12.0,False,71.99995422363281,134.64010620117188,#000000,False,mixed,90,True,CGTimes,0.5294117647058824
test10.pdf,6,convenience.  The merger will permit the resulting bank to better serve its customers and at a,12.0,False,71.99993896484375,149.04013061523438,#000000,False,mixed,94,True,CGTimes,0.5
test10.pdf,6,"lower cost.  The combined resources, including capital and reserves, of the currently separate",12.0,False,71.99996948242188,163.44015502929688,#000000,False,mixed,94,True,CGTimes,0.3076923076923077
test10.pdf,6,banks will provide a more substantial capital cushion for unexpected losses as well as provide,12.0,False,71.99996948242188,177.84017944335938,#000000,False,mixed,94,True,CGTimes,0.4
test10.pdf,6,business customers with a higher legal lending limit.,12.0,False,71.99996948242188,192.24020385742188,#000000,False,mixed,53,True,CGTimes,0.25
test10.pdf,6,No branch closings are contemplated as a result of this merger since the two banks serve,12.0,False,107.99996948242188,221.04019165039062,#000000,False,sentence,88,True,CGTimes,0.4375
test10.pdf,6,"different areas.  However, as part of its ongoing business plans, Moorhead Bank will evaluate its",12.0,False,71.9999771118164,235.44021606445312,#000000,False,mixed,97,True,CGTimes,0.3333333333333333
test10.pdf,6,"branches and, as a part of the normal course of business, may close redundant or unprofitable",12.0,False,71.99998474121094,249.84024047851562,#000000,False,mixed,93,True,CGTimes,0.4375
test10.pdf,6,"branches.  Any such closures will be made in accordance with applicable statutes and regulations,",12.0,False,71.99996948242188,264.2402648925781,#000000,False,mixed,97,True,CGTimes,0.5
test10.pdf,6,"including notification of customers of the branches, and will consider the needs of the community",12.0,False,71.99995422363281,278.6402587890625,#000000,False,mixed,97,True,CGTimes,0.5333333333333333
test10.pdf,6,"affected.  Accordingly, we believe the impact of the merger on the convenience and needs of the",12.0,False,71.99996948242188,293.0402526855469,#000000,False,mixed,95,True,CGTimes,0.5625
test10.pdf,6,communities to be served is consistent with approval of the Merger Application.,12.0,False,71.99996948242188,307.44024658203125,#000000,False,mixed,79,True,CGTimes,0.5
test10.pdf,6,B.,12.0,True,71.99996948242188,336.240234375,#000000,False,all_caps,2,True,CGTimes-Bold,0.0
test10.pdf,6,The Community Reinvestment Act,12.0,True,107.99996948242188,336.240234375,#000000,False,capitalized,30,True,CGTimes-Bold,0.25
test10.pdf,6,"The Community Reinvestment Act (""CRA"") requires the OCC to take into account the",12.0,False,107.99996948242188,365.04022216796875,#000000,False,mixed,80,True,CGTimes,0.38461538461538464
test10.pdf,6,"applicants' record of helping to meet the credit needs of their entire communities, including low-",12.0,False,71.99996948242188,379.4402160644531,#000000,False,mixed,98,True,CGTimes,0.3333333333333333
test10.pdf,6,"and moderate-income neighborhoods, when evaluating certain applications.  See 12 U.S.C.",12.0,False,71.99996948242188,393.8399963378906,#000000,False,mixed,87,True,CGTimes,0.23076923076923078
test10.pdf,6,§ 2903.  Lisbon Bank does not have a current CRA rating from the OCC because it recently,12.0,False,72.00003051757812,408.239990234375,#000000,False,mixed,88,True,CGTimes,0.5
test10.pdf,6,"converted to a national bank.  Its predecessor, a state bank, had a satisfactory rating with respect",12.0,False,72.0,422.6399841308594,#000000,False,mixed,100,True,CGTimes,0.4375
test10.pdf,6,to CRA performance.  Moorhead Bank does not have a current CRA rating because it is a,12.0,False,72.0,437.03997802734375,#000000,False,mixed,85,True,CGTimes,0.5625
test10.pdf,6,relatively new charter.  No public comments were received by the OCC relating to this,12.0,False,71.99996948242188,451.4399719238281,#000000,False,mixed,85,True,CGTimes,0.42857142857142855
test10.pdf,6,"Application, and the OCC has no other basis to question the banks' performance in complying",12.0,False,71.99993896484375,465.8399658203125,#000000,False,mixed,91,True,CGTimes,0.5333333333333333
test10.pdf,6,with the CRA.,12.0,False,71.99993896484375,480.2399597167969,#000000,False,mixed,13,True,CGTimes,0.6666666666666666
test10.pdf,6,The merger is not expected to have any adverse effect on the resulting bank's CRA,12.0,False,107.99993896484375,509.0399475097656,#000000,False,mixed,81,True,CGTimes,0.5625
test10.pdf,6,performance.  The resulting bank will continue to serve the same communities that the merging,12.0,False,71.99993896484375,523.43994140625,#000000,False,mixed,93,True,CGTimes,0.5
test10.pdf,6,banks currently serve.  Moorhead Bank will continue its current CRA programs and policies in,12.0,False,71.99993896484375,537.8399047851562,#000000,False,mixed,92,True,CGTimes,0.2857142857142857
test10.pdf,6,"Minnesota.  After Lisbon Bank is merged into Moorhead Bank, its North Dakota offices will",12.0,False,71.99993896484375,552.2398681640625,#000000,False,mixed,89,True,CGTimes,0.35714285714285715
test10.pdf,6,remain open as branches of Moorhead Bank.  Moorhead Bank will carry forward the same CRA,12.0,False,71.9998779296875,566.639892578125,#000000,False,mixed,88,True,CGTimes,0.3333333333333333
test10.pdf,6,programs and policies that the bank has today and add other programs it develops.  As a general,12.0,False,71.99988555908203,581.0399169921875,#000000,False,mixed,95,True,CGTimes,0.5294117647058824
test10.pdf,6,"matter, the resulting bank will have the same commitment to helping meet the credit needs of all",12.0,False,71.99988555908203,595.4398803710938,#000000,False,mixed,96,True,CGTimes,0.5294117647058824
test10.pdf,6,the communities it serves as Moorhead Bank and Lisbon Bank have today as separate banks.  The,12.0,False,71.9998779296875,609.83984375,#000000,False,mixed,93,True,CGTimes,0.4375
test10.pdf,6,merger and operation of interstate branches do not alter the resulting bank's obligation to help,12.0,False,71.99989318847656,624.2398681640625,#000000,False,mixed,96,True,CGTimes,0.4375
test10.pdf,6,meet the credit needs of its communities in both states it serves.  We find that approval of the,12.0,False,71.9998779296875,638.639892578125,#000000,False,mixed,96,True,CGTimes,0.5555555555555556
test10.pdf,6,proposed merger is consistent with the Community Reinvestment Act.,12.0,False,71.99984741210938,653.0398559570312,#000000,False,mixed,66,True,CGTimes,0.3333333333333333
test10.pdf,6,IV.,12.0,True,71.99984741210938,681.83984375,#000000,False,all_caps,3,True,CGTimes-Bold,0.0
test10.pdf,6,CONCLUSION AND APPROVAL,12.0,True,107.99984741210938,681.83984375,#000000,False,all_caps,23,True,CGTimes-Bold,0.3333333333333333
test10.pdf,7,- 8 -,12.0,False,295.44000244140625,36.240020751953125,#000000,False,mixed,5,True,CGTimes,0.0
test10.pdf,7,"For the reasons set forth above, including the representations and commitments made by",12.0,False,108.0,77.04000854492188,#000000,False,sentence,86,True,CGTimes,0.46153846153846156
test10.pdf,7,"the applicants, we find that the merger of Moorhead Bank and Lisbon Bank is legally authorized",12.0,False,72.0,91.44003295898438,#000000,False,mixed,94,True,CGTimes,0.4375
test10.pdf,7,"as an interstate merger transaction under the Riegle-Neal Act, 12 U.S.C. §§ 215a-1 & 1831u(a),",12.0,False,72.00000762939453,105.84005737304688,#000000,False,mixed,94,True,CGTimes,0.3333333333333333
test10.pdf,7,the resulting bank is authorized to retain and operate the offices of both banks under 12 U.S.C.,12.0,False,72.00000762939453,120.24008178710938,#000000,False,mixed,96,True,CGTimes,0.47368421052631576
test10.pdf,7,"§§ 36(d) & 1831u(d)(1), and that the merger meets the other statutory criteria for approval.",12.0,False,72.00000762939453,134.64010620117188,#000000,False,mixed,92,True,CGTimes,0.5
test10.pdf,7,"Accordingly, this Merger Application is hereby approved.",12.0,False,72.00003051757812,149.04013061523438,#000000,False,mixed,56,True,CGTimes,0.2857142857142857
test10.pdf,7,/s/,12.0,False,72.00003051757812,221.04013061523438,#000000,False,mixed,3,True,CGTimes,1.0
test10.pdf,7,07-21-97,12.0,False,396.0,221.04000854492188,#000000,False,mixed,8,True,CGTimes,0.0
test10.pdf,7,Steven J. Weiss,12.0,False,72.0,235.44003295898438,#000000,False,capitalized,15,True,CGTimes,0.0
test10.pdf,7,Date,12.0,False,432.0,235.44003295898438,#000000,False,capitalized,4,True,CGTimes,0.0
test10.pdf,7,Deputy Comptroller,12.0,False,72.0,249.84005737304688,#000000,False,capitalized,18,True,CGTimes,0.0
test10.pdf,7,Bank Organization and Structure,12.0,False,72.0,264.2400817871094,#000000,False,mixed,31,True,CGTimes,0.25
test10.pdf,7,Application Control Number:  97-MW-02-0040,12.0,False,72.0,293.0400695800781,#000000,False,mixed,42,True,CGTimes,0.0
test2.pdf,0,Gus travels to ANWR,14.0,False,28.34600067138672,27.82701301574707,#000000,False,mixed,19,False,Helvetica,0.25
test2.pdf,0,Recently Gus joined other House Republican Freshman on the &ldquo;American Energy Tour.&rdquo; Gus traveled to the,10.0,False,28.34600067138672,129.23101806640625,#000000,False,mixed,114,False,Helvetica,0.2777777777777778
test2.pdf,0,"National Renewable Energy Lab in Golden, Colorado. In addition, Gus took an aerial tour of ANWR to examine",10.0,False,28.34600067138672,140.791015625,#000000,False,mixed,106,False,Helvetica,0.2777777777777778
test2.pdf,0,"exploration techniques, opportunities, and challenges in the oil industry and spoke with industry and government leaders.",10.0,False,28.34600067138672,152.35101318359375,#000000,False,mixed,121,False,Helvetica,0.375
test2.pdf,0,Gus had the following comment after returning:,10.0,False,28.34600067138672,221.71099853515625,#000000,False,sentence,46,False,Helvetica,0.42857142857142855
test2.pdf,0,"""This trip was an eye opening experience. We saw the present and the future of American energy. There are those who",10.0,False,28.34600067138672,291.071044921875,#000000,False,mixed,115,False,Helvetica,0.5714285714285714
test2.pdf,0,say America must accept high gas prices. What I saw tells me America can produce enough oil domestically to fuel our,10.0,False,28.34600067138672,302.63104248046875,#000000,False,mixed,116,False,Helvetica,0.2857142857142857
test2.pdf,0,"economy in the near term and use those revenues to invest in the renewable technologies of the future.""",10.0,False,28.34600067138672,314.1910400390625,#000000,False,mixed,103,False,Helvetica,0.5
test2.pdf,0,Related Stories:,10.0,False,28.34600067138672,533.8310546875,#000000,False,capitalized,16,False,Helvetica,0.0
test2.pdf,0,Energy Resource Kit,10.0,False,28.34600067138672,591.6309814453125,#000000,False,capitalized,19,False,Helvetica,0.0
test2.pdf,0,The Online Office of Congressman Gus Bilirakis,6.0,False,250.0,13.440013885498047,#000000,False,mixed,46,False,Helvetica,0.2857142857142857
test2.pdf,0,http://bilirakis.house.gov,6.0,False,30.0,801.4400024414062,#000000,False,mixed,26,False,Helvetica,0.0
test2.pdf,0,Powered by Joomla!,6.0,False,250.0,801.4400024414062,#000000,False,mixed,18,False,Helvetica,0.3333333333333333
test2.pdf,0,"Generated: 27 May, 2009, 18:51",6.0,False,450.0,801.4400024414062,#000000,False,mixed,30,False,Helvetica,0.0
test3.pdf,0,"Page 1 of 2 – Minutes – November 28, 2001",9.960000038146973,False,86.4000015258789,731.8856201171875,#000000,False,mixed,41,True,TimesNewRoman,0.125
test3.pdf,0,Created on 12/08/01 2:07 PM,9.960000038146973,False,435.3599853515625,743.2855834960938,#000000,False,mixed,27,True,TimesNewRoman,0.125
test3.pdf,0,TRI-COUNTY PUBLIC OUTREACH COMMITTEE,14.039999961853027,True,151.32000732421875,86.37030029296875,#000000,True,all_caps,36,True,"TimesNewRoman,BoldItalic",0.0
test3.pdf,0,Tri-County Service Center,12.0,True,237.36001586914062,102.22792053222656,#000000,False,capitalized,25,True,"TimesNewRoman,Bold",0.0
test3.pdf,0,"123 NE 3rd Avenue, Suite 440",8.039999961853027,True,256.32000732421875,115.0293197631836,#000000,False,mixed,28,True,"TimesNewRoman,Bold",0.0
test3.pdf,0,"Portland, Oregon 97232-2901",8.039999961853027,True,255.60003662109375,124.95629119873047,#000000,False,mixed,27,True,"TimesNewRoman,Bold",0.0
test3.pdf,0,Telephone: (503) 872-6731,8.039999961853027,True,260.7600402832031,134.1962890625,#000000,False,sentence,25,True,"TimesNewRoman,Bold",0.0
test3.pdf,0,Meeting Minutes,14.039999961853027,True,255.1200408935547,154.1702880859375,#000000,False,capitalized,15,True,"TimesNewRoman,Bold",0.0
test3.pdf,0,"November 28, 2001",14.039999961853027,True,248.52003479003906,170.25030517578125,#000000,False,sentence,17,True,"TimesNewRoman,Bold",0.0
test3.pdf,0,Meeting Location:,12.0,True,86.40003967285156,210.10792541503906,#000000,False,capitalized,17,True,"TimesNewRoman,Bold",0.0
test3.pdf,0,Tri-County Service Center,12.0,False,194.40003967285156,210.10792541503906,#000000,False,capitalized,25,True,TimesNewRoman,0.0
test3.pdf,0,"123 NE 3rd Avenue, Suite 440",12.0,False,194.40003967285156,221.916259765625,#000000,False,mixed,28,True,TimesNewRoman,0.0
test3.pdf,0,"Portland, Oregon 97232",12.0,False,194.40005493164062,237.70790100097656,#000000,False,mixed,22,True,TimesNewRoman,0.0
test3.pdf,0,Time: 9:00 a.m.,12.0,True,86.40005493164062,251.5078887939453,#000000,False,sentence,15,True,"TimesNewRoman,Bold",0.4
test3.pdf,0,Members Present:,9.960000038146973,True,86.40005493164062,275.6455383300781,#000000,False,capitalized,16,True,"TimesNewRoman,Bold",0.0
test3.pdf,0,"Kevin Brice (Chair), Washington County",9.960000038146973,False,194.40005493164062,275.6455383300781,#000000,False,capitalized,38,True,TimesNewRoman,0.0
test3.pdf,0,"Sue Blatner, Industry – SuperBath Showroom",9.960000038146973,False,194.40005493164062,287.16552734375,#000000,False,mixed,42,True,TimesNewRoman,0.0
test3.pdf,0,"Guy Sperb, City of Oregon City",9.960000038146973,False,194.40005493164062,298.6855163574219,#000000,False,mixed,30,True,TimesNewRoman,0.16666666666666666
test3.pdf,0,"Shelley Ashenfelter, Home Builders Association",9.960000038146973,False,194.40005493164062,310.08551025390625,#000000,False,capitalized,46,True,TimesNewRoman,0.0
test3.pdf,0,"Ann Kohler, City of Portland",9.960000038146973,False,194.40005493164062,321.6054992675781,#000000,False,mixed,28,True,TimesNewRoman,0.2
test3.pdf,0,Members Absent:,9.960000038146973,True,86.40007019042969,344.6455078125,#000000,False,capitalized,15,True,"TimesNewRoman,Bold",0.0
test3.pdf,0,"Ron Murray, Local 290/Tri-County Board",9.960000038146973,False,194.4000701904297,344.6455078125,#000000,False,mixed,38,True,TimesNewRoman,0.0
test3.pdf,0,Guests:,9.960000038146973,True,86.40007019042969,367.6855163574219,#000000,False,capitalized,7,True,"TimesNewRoman,Bold",0.0
test3.pdf,0,"Anne Madden, Washington County",9.960000038146973,False,194.4000701904297,367.6855163574219,#000000,False,capitalized,30,True,TimesNewRoman,0.0
test3.pdf,0,"Jim Muir, Washington County",9.960000038146973,False,194.4000701904297,379.08551025390625,#000000,False,capitalized,27,True,TimesNewRoman,0.0
test3.pdf,0,"Jennifer Fouhy, Washington County",9.960000038146973,False,194.4000701904297,390.6054992675781,#000000,False,capitalized,33,True,TimesNewRoman,0.0
test3.pdf,0,Staff:,9.960000038146973,True,86.40007019042969,413.6455078125,#000000,False,capitalized,6,True,"TimesNewRoman,Bold",0.0
test3.pdf,0,"Joanie Stevens-Schwenger, Tri-County Service Center",9.960000038146973,False,194.4000701904297,413.6455078125,#000000,False,capitalized,51,True,TimesNewRoman,0.0
test3.pdf,0,"Laurie A. McCluskey, Tri-County Service Center",9.960000038146973,False,194.4000701904297,425.1654968261719,#000000,False,mixed,46,True,TimesNewRoman,0.14285714285714285
test3.pdf,0,Chair Kevin Brice called the meeting to order at 9:05 a.m.,12.0,True,86.40007019042969,459.5878601074219,#000000,False,mixed,58,True,"TimesNewRoman,Bold",0.38461538461538464
test3.pdf,0,1. APPROVE NOVEMBER 7 MINUTES,14.039999961853027,True,86.40007781982422,485.53363037109375,#000000,False,mixed,29,True,"TimesNewRoman,Bold",0.0
test3.pdf,0,The committee reviewed the minutes.,12.0,False,104.40008544921875,507.1078186035156,#000000,False,sentence,35,True,TimesNewRoman,0.4
test3.pdf,0,Motion to approve the minutes. Motion approved,12.0,False,104.40008544921875,526.9078369140625,#000000,False,mixed,46,True,TimesNewRoman,0.2857142857142857
test3.pdf,0,2. CONTINUE THE CREATIVE BRIEF PROCESS,14.039999961853027,True,86.40008544921875,558.733642578125,#000000,False,mixed,38,True,"TimesNewRoman,Bold",0.16666666666666666
test3.pdf,0,See attachment A. The creative brief is a tool that will enable the group to construct an,12.0,False,104.40008544921875,580.3078002929688,#000000,False,mixed,89,True,TimesNewRoman,0.5294117647058824
test3.pdf,0,effective communications plan. The group worked on items 4 ( c) through 11. Joanie,12.0,False,104.40008544921875,594.1077880859375,#000000,False,mixed,82,True,TimesNewRoman,0.23076923076923078
test3.pdf,0,"and Ann briefly discussed some ideas for 12, 13 and 14. The group ran out of time and",12.0,False,104.40008544921875,607.9078369140625,#000000,False,mixed,85,True,TimesNewRoman,0.4444444444444444
test3.pdf,0,put these items on the agenda for the next meeting.,12.0,False,104.40008544921875,621.7078247070312,#000000,False,mixed,51,True,TimesNewRoman,0.5
test3.pdf,0,3. AGENDA FOR NEXT MEETING,14.039999961853027,True,86.40008544921875,653.6536865234375,#000000,False,mixed,26,True,"TimesNewRoman,Bold",0.2
test3.pdf,0,a. Complete the Creative Brief exercise.,12.0,False,104.40008544921875,675.0598754882812,#000000,True,mixed,40,True,TimesNewRoman,0.3333333333333333
test3.pdf,0,b. Develop a strategy to deliver the message to the target audiences.,12.0,False,104.40008544921875,694.85986328125,#000000,False,mixed,69,True,TimesNewRoman,0.4166666666666667
test3.pdf,1,"Page 2 of 2 – Minutes – November 28, 2001",9.960000038146973,False,86.4000015258789,731.8856201171875,#000000,False,mixed,41,True,TimesNewRoman,0.125
test3.pdf,1,Created on 12/08/01 2:07 PM,9.960000038146973,False,435.3599853515625,743.2855834960938,#000000,False,mixed,27,True,TimesNewRoman,0.125
test3.pdf,1,The meeting adjourned at 11:05 a.m.,12.0,False,86.39999389648438,72.10798645019531,#000000,False,sentence,35,True,TimesNewRoman,0.5
test3.pdf,1,Next Meeting:,12.0,True,86.39999389648438,99.94801330566406,#000000,False,capitalized,13,True,"TimesNewRoman,Bold",0.0
test3.pdf,1,"Wednesday, November 28, 2001",12.0,True,230.39999389648438,99.94801330566406,#000000,False,mixed,28,True,"TimesNewRoman,Bold",0.0
test3.pdf,1,9:00 p.m. – 11:00 a.m.,12.0,False,230.39999389648438,113.50801086425781,#000000,False,mixed,22,True,TimesNewRoman,0.375
test3.pdf,1,Tri-County Service Center,12.0,False,230.39999389648438,141.1079864501953,#000000,False,capitalized,25,True,TimesNewRoman,0.0
test3.pdf,1,"123 NE 3rd Avenue, Suite 440",12.0,False,230.39999389648438,152.91632080078125,#000000,False,mixed,28,True,TimesNewRoman,0.0
test3.pdf,1,"Portland, Oregon 97232",12.0,False,230.3999786376953,168.7079620361328,#000000,False,mixed,22,True,TimesNewRoman,0.0
test3.pdf,1,Attachments:,12.0,True,86.39997863769531,196.54798889160156,#000000,False,capitalized,12,True,"TimesNewRoman,Bold",0.0
test3.pdf,1,A. Public Outreach Communications Project - Creative Brief – “Draft Work-in-,12.0,True,122.39997863769531,229.73997497558594,#000000,True,mixed,76,True,TimesNewRoman,0.2
test3.pdf,1,"Process” – November 7, 2001",12.0,False,140.39996337890625,243.7079620361328,#000000,False,mixed,27,True,TimesNewRoman,0.0
test3.pdf,1,"B. Excerpts of Comments – November 7, 2001 Session",12.0,True,122.39996337890625,263.3399658203125,#000000,False,mixed,50,True,"TimesNewRoman,Bold",0.125
test4.pdf,0,Technical Specifications,44.040000915527344,False,60.40999984741211,35.308902740478516,#000000,False,capitalized,24,False,Calibri,0.0
test4.pdf,0,Sheet,44.040000915527344,False,219.04208374023438,88.11285400390625,#000000,False,capitalized,5,False,Calibri,0.0
test4.pdf,0,Request For Quote #:,32.040000915527344,False,132.4168243408203,282.5771789550781,#000000,False,capitalized,20,False,Calibri,0.3333333333333333
test4.pdf,0,S5105A-11-Q-0048,32.040000915527344,False,146.80279541015625,336.6927490234375,#000000,False,mixed,16,False,Calibri,0.0
test4.pdf,0,21-September-2011,32.040000915527344,False,139.97250366210938,499.17791748046875,#000000,False,mixed,17,False,Calibri,0.0
test4.pdf,1,2010 Outstanding Personnel of the Year Award,18.0,False,102.29000091552734,381.2640075683594,#000000,False,mixed,44,False,Calibri,0.2857142857142857
test4.pdf,1,Presented to,18.0,False,226.3639678955078,407.18402099609375,#000000,False,sentence,12,False,Calibri,0.5
test4.pdf,1,<Name>,18.0,False,242.07797241210938,433.1040344238281,#000000,False,capitalized,6,False,Calibri,0.0
test4.pdf,1,With Appreciation for Your,18.0,False,175.36997985839844,459.0240478515625,#000000,False,mixed,26,False,Calibri,0.75
test4.pdf,1,Exemplary and Inspirational Performance,18.0,False,122.44999694824219,484.94403076171875,#000000,False,mixed,39,False,Calibri,0.25
test4.pdf,1,Towards the Accomplishment of the DCMA mission.,18.0,False,83.92996215820312,510.864013671875,#000000,False,mixed,47,False,Calibri,0.42857142857142855
test4.pdf,1,Outstanding Personnel of the Year Award,27.959999084472656,False,33.40999984741211,291.14208984375,#000000,False,mixed,39,False,Calibri,0.3333333333333333
test4.pdf,1,P/N: A6508,18.0,False,227.57249450683594,15.011993408203125,#000000,False,all_caps,10,False,ArialMT,0.0
test4.pdf,1,CLIN 0001,18.0,False,227.0865020751953,675.0179443359375,#000000,False,sentence,9,False,ArialMT,0.0
test4.pdf,2,Mentoring Award,27.959999084472656,False,170.09249877929688,291.14208984375,#000000,False,capitalized,15,False,Calibri,0.0
test4.pdf,2,2010 Mentoring Award,18.0,False,188.3300018310547,351.2640075683594,#000000,False,mixed,20,False,Calibri,0.0
test4.pdf,2,Presented to,18.0,False,226.36399841308594,377.18402099609375,#000000,False,sentence,12,False,Calibri,0.5
test4.pdf,2,<Name>,18.0,False,242.0780029296875,403.1040344238281,#000000,False,capitalized,6,False,Calibri,0.0
test4.pdf,2,In Recognition of Your Significant,18.0,False,152.92401123046875,429.0240478515625,#000000,False,mixed,34,False,Calibri,0.6
test4.pdf,2,Contributions Towards Developing,18.0,False,147.64999389648438,454.94403076171875,#000000,False,capitalized,32,False,Calibri,0.0
test4.pdf,2,DCMA’s Future Workforce.,18.0,False,176.2159881591797,480.8640441894531,#000000,False,mixed,24,False,Calibri,0.25
test4.pdf,2,P/N: A6527,18.0,False,236.57249450683594,15.011993408203125,#000000,False,all_caps,10,False,ArialMT,0.0
test4.pdf,2,CLIN 0002,18.0,False,227.08648681640625,663.011962890625,#000000,False,sentence,9,False,ArialMT,0.0
test4.pdf,3,Acquisition Newcomer Award,27.959999084472656,False,101.69249725341797,291.14208984375,#000000,False,capitalized,26,False,Calibri,0.0
test4.pdf,3,2010 Acquisition Newcomer Award,18.0,False,144.41000366210938,351.2640075683594,#000000,False,mixed,31,False,Calibri,0.0
test4.pdf,3,Presented to,18.0,False,226.36398315429688,377.18402099609375,#000000,False,sentence,12,False,Calibri,0.5
test4.pdf,3,<Name>,18.0,False,242.07797241210938,403.1040344238281,#000000,False,capitalized,6,False,Calibri,0.0
test4.pdf,3,In Recognition of Your Outstanding,18.0,False,145.8499755859375,429.0240478515625,#000000,False,mixed,34,False,Calibri,0.6
test4.pdf,3,Acquisition Skills and Untiring Efforts,18.0,False,139.00997924804688,454.94403076171875,#000000,False,mixed,39,False,Calibri,0.2
test4.pdf,3,Contributing to the Success of DCMA,18.0,False,138.05599975585938,480.8640441894531,#000000,False,mixed,35,False,Calibri,0.5
test4.pdf,3,and Our Customers.,18.0,False,200.22802734375,506.7840576171875,#000000,False,mixed,18,False,Calibri,0.6666666666666666
test4.pdf,3,P/N: A6521,18.0,False,218.57249450683594,15.011993408203125,#000000,False,all_caps,10,False,ArialMT,0.0
test4.pdf,3,CLIN 0003,18.0,False,227.08648681640625,663.011962890625,#000000,False,sentence,9,False,ArialMT,0.0
test4.pdf,4,Leadership Award,27.959999084472656,False,168.2899932861328,303.14208984375,#000000,False,capitalized,16,False,Calibri,0.0
test4.pdf,4,2010 LEADERSHIP AWARD,18.0,False,178.00999450683594,369.2640075683594,#000000,False,mixed,21,False,Calibri,0.0
test4.pdf,4,Presented to,18.0,False,226.35801696777344,395.18402099609375,#000000,False,sentence,12,False,Calibri,0.5
test4.pdf,4,<Name>,18.0,False,242.072021484375,421.1040344238281,#000000,False,capitalized,6,False,Calibri,0.0
test4.pdf,4,"In Recognition of Your Visionary Leadership,",18.0,False,112.72402954101562,447.0240478515625,#000000,False,mixed,44,False,Calibri,0.5
test4.pdf,4,"Outstanding Professional Skill, and",18.0,False,147.28402709960938,472.94403076171875,#000000,False,mixed,35,False,Calibri,0.25
test4.pdf,4,Untiring Efforts to Advance DCMA’s,18.0,False,144.40403747558594,498.864013671875,#000000,False,mixed,34,False,Calibri,0.3333333333333333
test4.pdf,4,Strategic Mission through “Good to Great” Principles,18.0,False,80.45001220703125,524.7840576171875,#000000,False,mixed,52,False,Calibri,0.2857142857142857
test4.pdf,4,CLIN 0004,18.0,False,227.08999633789062,663.011962890625,#000000,False,sentence,9,False,ArialMT,0.0
test4.pdf,4,P/N: A6578,18.0,False,224.5699920654297,21.006011962890625,#000000,False,all_caps,10,False,ArialMT,0.0
test4.pdf,5,Herbert W. Homer Award,27.959999084472656,False,125.69000244140625,303.14208984375,#000000,False,capitalized,22,False,Calibri,0.0
test4.pdf,5,2010 Herbert W. Homer Award,18.0,False,159.77000427246094,351.2640075683594,#000000,False,mixed,27,False,Calibri,0.0
test4.pdf,5,Presented to,18.0,False,226.36997985839844,377.18402099609375,#000000,False,sentence,12,False,Calibri,0.5
test4.pdf,5,DCMA LMD Should Cost Review Team,18.0,False,135.41598510742188,403.1040344238281,#000000,False,mixed,32,False,Calibri,0.16666666666666666
test4.pdf,5,P/N: A4379SA,18.0,False,222.29249572753906,15.26402473449707,#000000,False,all_caps,12,False,Calibri,0.0
test4.pdf,5,CLIN 0005,18.0,False,227.09848022460938,639.01806640625,#000000,False,sentence,9,False,ArialMT,0.0
test4.pdf,6,2010 Herbert W. Homer Award,18.0,False,156.7725067138672,345.2640075683594,#000000,False,mixed,27,False,Calibri,0.0
test4.pdf,6,Presented to,18.0,False,223.3724822998047,371.18402099609375,#000000,False,sentence,12,False,Calibri,0.5
test4.pdf,6,<Name>,18.0,False,239.08648681640625,397.1040344238281,#000000,False,capitalized,6,False,Calibri,0.0
test4.pdf,6,**logo etched into background if possible or at bottom**,18.0,False,50.10447692871094,639.0059814453125,#000000,False,mixed,56,False,ArialMT,0.4444444444444444
test4.pdf,6,CLIN 0006,18.0,False,227.09848022460938,664.926025390625,#000000,False,sentence,9,False,ArialMT,0.0
test4.pdf,6,P/N: A6375SA,18.0,False,209.57249450683594,57.011993408203125,#000000,False,all_caps,12,False,ArialMT,0.0
test4.pdf,7,Military Awards,27.959999084472656,False,180.65249633789062,345.14208984375,#000000,False,capitalized,15,False,Calibri,0.0
test4.pdf,7,2010 Type of Award,24.0,False,176.09249877929688,423.19189453125,#000000,False,mixed,18,False,Calibri,0.25
test4.pdf,7,"Name, Branch",24.0,False,204.29251098632812,457.75189208984375,#000000,False,capitalized,12,False,Calibri,0.0
test4.pdf,7,DCMA Company,24.0,False,193.4925079345703,492.3119201660156,#000000,False,mixed,12,False,Calibri,0.0
test4.pdf,7,CLIN 0007,18.0,False,227.08999633789062,639.011962890625,#000000,False,sentence,9,False,ArialMT,0.0
test4.pdf,7,P/N: A6508,18.0,False,221.56399536132812,21.017974853515625,#000000,False,all_caps,10,False,ArialMT,0.0
test4.pdf,8,2010 Type of Award,24.0,False,176.09249877929688,423.19189453125,#000000,False,mixed,18,False,Calibri,0.25
test4.pdf,8,"Name, Branch",24.0,False,204.29251098632812,457.75189208984375,#000000,False,capitalized,12,False,Calibri,0.0
test4.pdf,8,DCMA Company,24.0,False,193.4925079345703,492.3119201660156,#000000,False,mixed,12,False,Calibri,0.0
test4.pdf,8,CLIN 0008,18.0,False,227.08999633789062,639.011962890625,#000000,False,sentence,9,False,ArialMT,0.0
test4.pdf,8,P/N: A6504,18.0,False,221.56399536132812,33.006011962890625,#000000,False,all_caps,10,False,ArialMT,0.0
test5.pdf,0,Department of Pesticide Regulation,21.0,True,147.5399932861328,22.2750301361084,#000000,False,mixed,34,False,ArialMT,0.25
test5.pdf,0,Mary-Ann Warmerdam,9.0,False,41.099998474121094,68.05501556396484,#000000,False,capitalized,18,False,ArialMT,0.0
test5.pdf,0,Director,9.0,False,70.86299896240234,78.67501068115234,#000000,True,capitalized,8,False,Arial-ItalicMT,0.0
test5.pdf,0,Arnold Schwarzenegger,7.980000019073486,False,493.97894287109375,71.0157699584961,#000000,False,capitalized,21,False,ArialMT,0.0
test5.pdf,0,Governor,7.5,False,520.97998046875,79.9725112915039,#000000,True,capitalized,8,False,Arial-ItalicMT,0.0
test5.pdf,0,"1001 I Street  •  P.O. Box 4015  •  Sacramento, California 95812-4015  •  www.cdpr.ca.gov",12.0,False,130.0800018310547,739.1278686523438,#000000,False,mixed,89,True,TimesNewRomanPSMT,0.13333333333333333
test5.pdf,0,A Department of the California Environmental Protection Agency,7.980000019073486,False,196.3800048828125,758.7380981445312,#000000,True,mixed,62,False,Arial-ItalicMT,0.375
test5.pdf,0,DEPARTMENT OF PESTICIDE REGULATION,12.0,True,189.0,108.58802795410156,#000000,False,all_caps,34,True,TimesNewRomanPS-BoldMT,0.25
test5.pdf,0,PESTICIDE REGISTRATION AND EVALUATION COMMITTEE,12.0,True,133.1999969482422,122.38801574707031,#000000,False,all_caps,47,True,TimesNewRomanPS-BoldMT,0.2
test5.pdf,0,"Meeting Minutes – January 14, 2010",12.0,True,217.13999938964844,136.18800354003906,#000000,False,mixed,34,True,TimesNewRomanPS-BoldMT,0.0
test5.pdf,0,Committee Members/Alternates in Attendance:,12.0,True,81.0,168.3479766845703,#000000,False,mixed,43,True,TimesNewRomanPS-BoldMT,0.2
test5.pdf,0,"Lynn Baker, Air Resources Board (ARB)",12.0,False,81.0,191.2680206298828,#000000,False,mixed,37,True,TimesNewRomanPSMT,0.0
test5.pdf,0,"Anna Fan, Office of Environmental Health Hazard Assessment (OEHHA)",12.0,False,81.0,205.06800842285156,#000000,False,mixed,66,True,TimesNewRomanPSMT,0.1111111111111111
test5.pdf,0,"Martha Harnly, Department of Public Health (DPH)",12.0,False,81.0,218.8679962158203,#000000,False,mixed,48,True,TimesNewRomanPSMT,0.14285714285714285
test5.pdf,0,"David Luscher, Department of Food and Agriculture",12.0,False,81.0,232.6079864501953,#000000,False,mixed,49,True,TimesNewRomanPSMT,0.2857142857142857
test5.pdf,0,"Stella McMillin, Department of Fish and Game (DFG)",12.0,False,81.0,246.40797424316406,#000000,False,mixed,50,True,TimesNewRomanPSMT,0.25
test5.pdf,0,"Ann Prichard, Department of Pesticide Regulation (DPR)",12.0,False,81.0,260.2080383300781,#000000,False,mixed,54,True,TimesNewRomanPSMT,0.14285714285714285
test5.pdf,0,"Rebecca Sisco, University of California, IR-4 Program",12.0,False,81.0,274.0080261230469,#000000,False,mixed,53,True,TimesNewRomanPSMT,0.125
test5.pdf,0,"Patti Tenbrook, U.S. EPA Protection Agency, Region 9",12.0,False,81.0,287.8080139160156,#000000,False,mixed,52,True,TimesNewRomanPSMT,0.1111111111111111
test5.pdf,0,"Elena Yates, Integrated Waste Management Board (CIWMB)",12.0,False,81.0,301.6080017089844,#000000,False,mixed,54,True,TimesNewRomanPSMT,0.0
test5.pdf,0,Visitors in Attendance:,12.0,True,81.0,324.76800537109375,#000000,False,mixed,23,True,TimesNewRomanPS-BoldMT,0.3333333333333333
test5.pdf,0,"Brian Bret, DowAgrosciences",12.0,False,81.0,352.2480163574219,#000000,False,mixed,27,True,TimesNewRomanPSMT,0.0
test5.pdf,0,"Nasser Dean, Western Plant Health Association (WPHA)",12.0,False,81.0,366.0480041503906,#000000,False,mixed,52,True,TimesNewRomanPSMT,0.0
test5.pdf,0,"Billy Gaither, Pest Control Operators of California",12.0,False,81.0,379.8480224609375,#000000,False,mixed,51,True,TimesNewRomanPSMT,0.14285714285714285
test5.pdf,0,"Anne Downs, DPR",12.0,False,81.0,393.64801025390625,#000000,False,mixed,15,True,TimesNewRomanPSMT,0.0
test5.pdf,0,"Dave Duncan, DPR",12.0,False,81.0,407.4480285644531,#000000,False,mixed,16,True,TimesNewRomanPSMT,0.0
test5.pdf,0,"Amy Duran, DPR",12.0,False,81.0,421.2480163574219,#000000,False,mixed,14,True,TimesNewRomanPSMT,0.0
test5.pdf,0,"Roberta Firoved, California Rice Commission",12.0,False,81.0,435.0480041503906,#000000,False,capitalized,43,True,TimesNewRomanPSMT,0.0
test5.pdf,0,"Terry Gage, California Applicants’ Attorneys Association",12.0,False,81.0,448.8480224609375,#000000,False,capitalized,56,True,TimesNewRomanPSMT,0.0
test5.pdf,0,"Anne Katten, California Rural Legal Assistance Foundation",12.0,False,81.0,462.64801025390625,#000000,False,capitalized,57,True,TimesNewRomanPSMT,0.0
test5.pdf,0,"Dennis Kelly, Syngenta Crop Protection",12.0,False,81.0,476.38800048828125,#000000,False,capitalized,38,True,TimesNewRomanPSMT,0.0
test5.pdf,0,"Kyle Lawson, Lawson and Associates",12.0,False,81.0,490.1880187988281,#000000,False,mixed,34,True,TimesNewRomanPSMT,0.2
test5.pdf,0,"Artie Lawyer, Technology Sciences Group",12.0,False,81.0,503.9880065917969,#000000,False,capitalized,39,True,TimesNewRomanPSMT,0.0
test5.pdf,0,"Marshall Lee, DPR",12.0,False,81.0,517.7879638671875,#000000,False,mixed,17,True,TimesNewRomanPSMT,0.0
test5.pdf,0,"Eileen Mahoney, DPR",12.0,False,81.0,531.5880126953125,#000000,False,mixed,19,True,TimesNewRomanPSMT,0.0
test5.pdf,0,"Jeanne Martin, DPR",12.0,False,81.0,545.3880004882812,#000000,False,mixed,18,True,TimesNewRomanPSMT,0.0
test5.pdf,0,"Gabrielle Meindl, Environmental Solutions Group",12.0,False,81.0,559.18798828125,#000000,False,capitalized,47,True,TimesNewRomanPSMT,0.0
test5.pdf,0,"Doug Okumura, Lawson and Associates",12.0,False,81.0,572.9879760742188,#000000,False,mixed,35,True,TimesNewRomanPSMT,0.2
test5.pdf,0,"Daniel Oros, DPR",12.0,False,81.0,586.7879638671875,#000000,False,mixed,16,True,TimesNewRomanPSMT,0.0
test5.pdf,0,"Eric Paulsen, Clark Pest Control",12.0,False,81.0,600.5880126953125,#000000,False,capitalized,32,True,TimesNewRomanPSMT,0.0
test5.pdf,0,"Renee Pinel, Western Plant Health Association",12.0,False,81.0,614.3880004882812,#000000,False,capitalized,45,True,TimesNewRomanPSMT,0.0
test5.pdf,0,"Jay Schreider, DPR",12.0,False,81.0,628.18798828125,#000000,False,mixed,18,True,TimesNewRomanPSMT,0.0
test5.pdf,0,"Randy Segawa, DPR",12.0,False,81.0,641.9879760742188,#000000,False,mixed,17,True,TimesNewRomanPSMT,0.0
test5.pdf,0,"Pam Wofford, DPR",12.0,False,81.0,655.7879638671875,#000000,False,mixed,16,True,TimesNewRomanPSMT,0.0
test5.pdf,0,"1. Introductions and Committee Business – Ann Prichard, Acting Chairperson, DPR",12.0,True,81.0,683.5079956054688,#000000,False,mixed,79,True,TimesNewRomanPS-BoldMT,0.1
test5.pdf,0,a. About 24 people attended the meeting.,12.0,False,99.0,710.9879760742188,#000000,False,mixed,40,True,TimesNewRomanPSMT,0.42857142857142855
test5.pdf,1,Pesticide Registration and Evaluation Committee,12.0,False,81.0,69.94801330566406,#000000,False,mixed,47,True,TimesNewRomanPSMT,0.2
test5.pdf,1,"Meeting Minutes – January 14, 2010",12.0,False,81.0,83.74800109863281,#000000,False,mixed,34,True,TimesNewRomanPSMT,0.0
test5.pdf,1,Page 2,12.0,False,81.0,97.54798889160156,#000000,False,sentence,6,True,TimesNewRomanPSMT,0.0
test5.pdf,1,"b. No correction to the minutes of the previous meeting held on November 18, 2009, was",12.0,False,99.0,152.7480010986328,#000000,False,mixed,86,True,TimesNewRomanPSMT,0.4375
test5.pdf,1,identified.,12.0,False,117.0,166.54798889160156,#000000,False,mixed,11,True,TimesNewRomanPSMT,0.0
test5.pdf,1,2. Potential Impacts of Pesticide Use Injunctions on Pesticide Use and the Protection of,12.0,True,81.0,194.2680206298828,#000000,False,mixed,88,True,TimesNewRomanPS-BoldMT,0.35714285714285715
test5.pdf,1,"Endangered Species -  Polo Moreno, DPR",12.0,True,99.0,208.06800842285156,#000000,False,mixed,38,True,TimesNewRomanPS-BoldMT,0.0
test5.pdf,1,"Over the last 6 years, three separate pesticide use injunctions have resulted from litigation",12.0,False,99.0,235.54798889160156,#000000,False,sentence,93,True,TimesNewRomanPSMT,0.2857142857142857
test5.pdf,1,between the U.S. Environmental Protection Agency (U.S. EPA) and environmental,12.0,False,99.0,249.3479766845703,#000000,False,mixed,77,True,TimesNewRomanPSMT,0.4166666666666667
test5.pdf,1,"advocacy groups such as Californians Against Toxic Substances (CATS), Washington",12.0,False,99.0,263.1479797363281,#000000,False,mixed,80,True,TimesNewRomanPSMT,0.3
test5.pdf,1,Toxics Coalition and the Center for Biological Diversity.,12.0,False,99.0,276.9479675292969,#000000,False,mixed,57,True,TimesNewRomanPSMT,0.375
test5.pdf,1,"The first injunction was put into place in February of 2004, and is known as the “Salmonid",12.0,False,99.0,304.5480041503906,#000000,False,mixed,90,True,TimesNewRomanPSMT,0.5294117647058824
test5.pdf,1,Injunction.” It resulted from a lawsuit by environmental and fishery groups alleging that,12.0,False,99.0,318.3479919433594,#000000,False,mixed,89,True,TimesNewRomanPSMT,0.46153846153846156
test5.pdf,1,U.S. EPA failed to solicit National Marine Fisheries Service (NMFS) formal consultation,12.0,False,99.0,332.1479797363281,#000000,False,mixed,87,True,TimesNewRomanPSMT,0.15384615384615385
test5.pdf,1,"on the risks from 38 pesticides to 26 distinct populations of Chinook salmon, Coho Salmon",12.0,False,99.0,345.9479675292969,#000000,False,mixed,89,True,TimesNewRomanPSMT,0.3333333333333333
test5.pdf,1,"and Steelhead. This injunction imposes prohibitions on the use of 38 active ingredients,",12.0,False,99.0,359.7479553222656,#000000,False,mixed,88,True,TimesNewRomanPSMT,0.38461538461538464
test5.pdf,1,100 yards by air and 20 yards by ground from Salmon Supporting Waters. It also requires,12.0,False,99.0,373.5480041503906,#000000,False,mixed,87,True,TimesNewRomanPSMT,0.3125
test5.pdf,1,U.S. EPA to consult with NMFS on the potential hazards posed by the 38 active ingredients,12.0,False,99.0,387.3479919433594,#000000,False,mixed,89,True,TimesNewRomanPSMT,0.4117647058823529
test5.pdf,1,to Salmon populations. The first round of consultations in 2008 resulted in a Biological,12.0,False,99.0,401.1479797363281,#000000,False,mixed,88,True,TimesNewRomanPSMT,0.42857142857142855
test5.pdf,1,"Opinion for chlorpyrifos, diazinon and malathion. The Department of Pesticide Regulation",12.0,False,99.0,414.9479675292969,#000000,False,mixed,88,True,TimesNewRomanPSMT,0.36363636363636365
test5.pdf,1,(DPR) expressed disagreement with the Biological Opinion and posted comments to the,12.0,False,99.0,428.6879577636719,#000000,False,mixed,83,True,TimesNewRomanPSMT,0.4166666666666667
test5.pdf,1,public docket. The Biological Opinion proposed buffers of 500 feet for ground applications,12.0,False,99.0,442.4879455566406,#000000,False,mixed,90,True,TimesNewRomanPSMT,0.23076923076923078
test5.pdf,1,"and 1000 feet for aerial applications. Additionally, it imposes requirements for fish kill",12.0,False,99.0,456.2879333496094,#000000,False,mixed,90,True,TimesNewRomanPSMT,0.3076923076923077
test5.pdf,1,"reporting, runoff prevention measures and environmental monitoring. In response,",12.0,False,99.0,470.0879211425781,#000000,False,mixed,80,True,TimesNewRomanPSMT,0.2222222222222222
test5.pdf,1,U.S. EPA decided to impose variable buffers depending on application rate + droplet size +,12.0,False,99.0,483.88800048828125,#000000,False,mixed,90,True,TimesNewRomanPSMT,0.21428571428571427
test5.pdf,1,"size of adjacent body of water. Nevertheless, for aerial applications the resulting buffers are",12.0,False,99.0,497.68798828125,#000000,False,mixed,95,True,TimesNewRomanPSMT,0.35714285714285715
test5.pdf,1,"still almost 1000 feet. For ground applications, the resulting buffers can be a minimum of",12.0,False,98.99996948242188,511.4879455566406,#000000,False,mixed,90,True,TimesNewRomanPSMT,0.4
test5.pdf,1,100 feet.,12.0,False,98.99996948242188,525.2879638671875,#000000,False,mixed,9,True,TimesNewRomanPSMT,0.0
test5.pdf,1,"In November of 2009, U.S EPA submitted 40 draft California Bulletins for chlorpyrifos,",12.0,False,99.0,552.8880004882812,#000000,False,mixed,86,True,TimesNewRomanPSMT,0.2857142857142857
test5.pdf,1,diazinon and malathion. The bulletins were reviewed by DPR’s Endangered Species,12.0,False,99.0,566.68798828125,#000000,False,mixed,79,True,TimesNewRomanPSMT,0.4166666666666667
test5.pdf,1,"Program staff and comments sent to U.S. EPA. In January of 2010, U.S. EPA submitted the",12.0,False,99.0,580.4879760742188,#000000,False,mixed,87,True,TimesNewRomanPSMT,0.3888888888888889
test5.pdf,1,"revised bulletins, including a test version of an application intended to help pesticide",12.0,False,99.00001525878906,594.2879638671875,#000000,False,mixed,88,True,TimesNewRomanPSMT,0.3076923076923077
test5.pdf,1,"applicators calculate the corresponding buffer for their intended application rate, droplet",12.0,False,99.0,608.0880126953125,#000000,False,mixed,91,True,TimesNewRomanPSMT,0.2727272727272727
test5.pdf,1,"size and body of water adjacent to the application site. Once these bulletins are finalized,",12.0,False,99.00003051757812,621.8880004882812,#000000,False,mixed,92,True,TimesNewRomanPSMT,0.4666666666666667
test5.pdf,1,they will be posted on U.S. EPA’s Bulletins Live Web site at,12.0,False,99.00003051757812,635.68798828125,#000000,False,mixed,60,True,TimesNewRomanPSMT,0.5
test5.pdf,1,<http://137.227.242.131/espp_front/view.jsp>. U.S. EPA is asking registrants of,12.0,False,99.00003051757812,649.4879760742188,#000000,False,mixed,79,True,TimesNewRomanPSMT,0.2
test5.pdf,1,"chlorpyrifos, diazinon and malathion to voluntarily modify labels of pesticides containing",12.0,False,98.99998474121094,663.2879638671875,#000000,False,mixed,90,True,TimesNewRomanPSMT,0.2727272727272727
test5.pdf,1,these active ingredients and refer users to the Bulletins Live Web site in order to find out,12.0,False,99.0,677.0880126953125,#000000,False,mixed,92,True,TimesNewRomanPSMT,0.4117647058823529
test5.pdf,1,which buffer size applies to the product they intend to apply. Registrants will be granted,12.0,False,99.0,690.8880004882812,#000000,False,mixed,90,True,TimesNewRomanPSMT,0.4666666666666667
test5.pdf,2,Pesticide Registration and Evaluation Committee,12.0,False,81.0,69.94801330566406,#000000,False,mixed,47,True,TimesNewRomanPSMT,0.2
test5.pdf,2,"Meeting Minutes – January 14, 2010",12.0,False,81.0,83.74800109863281,#000000,False,mixed,34,True,TimesNewRomanPSMT,0.0
test5.pdf,2,Page 3,12.0,False,81.0,97.54798889160156,#000000,False,sentence,6,True,TimesNewRomanPSMT,0.0
test5.pdf,2,18-months to generate new labels or update existing product. If the registrants do not agree,12.0,False,99.0,152.7480010986328,#000000,False,mixed,92,True,TimesNewRomanPSMT,0.375
test5.pdf,2,"to modify their product labels, they face cancellation proceedings. The use limitations",12.0,False,99.0,166.54798889160156,#000000,False,mixed,87,True,TimesNewRomanPSMT,0.3333333333333333
test5.pdf,2,imposed by the bulletins will be voluntary until product labels are modified.,12.0,False,99.0,180.3479766845703,#000000,False,mixed,77,True,TimesNewRomanPSMT,0.5
test5.pdf,2,The second injunction is known as the “Stipulated Injunction and Order for Protection of,12.0,False,99.0,207.94801330566406,#000000,False,mixed,88,True,TimesNewRomanPSMT,0.5
test5.pdf,2,"California Red-Legged Frog.” Effective on October 20, 2006, the lawsuit by the Center for",12.0,False,98.99998474121094,221.7480010986328,#000000,False,mixed,89,True,TimesNewRomanPSMT,0.3333333333333333
test5.pdf,2,Biological Diversity alleged that U.S. EPA failed to solicit U.S. Fish & Wildlife Service,12.0,False,98.99996948242188,235.54798889160156,#000000,False,mixed,89,True,TimesNewRomanPSMT,0.26666666666666666
test5.pdf,2,(FWS) formal consultation on the risks from 66 pesticides to California red-legged frog. It,12.0,False,98.99996948242188,249.3479766845703,#000000,False,mixed,91,True,TimesNewRomanPSMT,0.3333333333333333
test5.pdf,2,"imposes prohibitions for use of 66 active ingredients - 200 feet by air, and 60 feet by",12.0,False,98.99995422363281,263.1479797363281,#000000,False,mixed,87,True,TimesNewRomanPSMT,0.3125
test5.pdf,2,ground from California red-legged frog’s aquatic and upland habitats occurring in,12.0,False,98.99993896484375,276.9479675292969,#000000,False,mixed,81,True,TimesNewRomanPSMT,0.3076923076923077
test5.pdf,2,"33 counties. As with the Salmonid injunction, the Ninth District Court in Seattle ordered",12.0,False,99.0,290.7480163574219,#000000,False,mixed,89,True,TimesNewRomanPSMT,0.35714285714285715
test5.pdf,2,"U.S. EPA to initiate formal consultations with the FWS, and schedule it in such a way that",12.0,False,99.0,304.5480041503906,#000000,False,mixed,90,True,TimesNewRomanPSMT,0.5555555555555556
test5.pdf,2,"it can be completed in approximately 5 years. Since 2007, U.S. EPA has been working on",12.0,False,99.0,318.3479919433594,#000000,False,mixed,86,True,TimesNewRomanPSMT,0.47058823529411764
test5.pdf,2,effects determinations for all 66 active ingredients included in this injunction. They are,12.0,False,99.0,332.1479797363281,#000000,False,mixed,90,True,TimesNewRomanPSMT,0.46153846153846156
test5.pdf,2,concurrently submitting them to the US Fish & Wildlife Service for their analysis and,12.0,False,99.0,345.9479675292969,#000000,False,mixed,85,True,TimesNewRomanPSMT,0.46153846153846156
test5.pdf,2,expected Biological Opinions.,12.0,False,99.0,359.7479553222656,#000000,False,mixed,29,True,TimesNewRomanPSMT,0.0
test5.pdf,2,"The third and latest injunction has not yet been finalized. It is still in draft form, but is",12.0,False,99.0,387.3480224609375,#000000,False,mixed,93,True,TimesNewRomanPSMT,0.5555555555555556
test5.pdf,2,referred to as the “Bay Area Stipulated Injunction and Proposed Order.” This lawsuit by the,12.0,False,98.99998474121094,401.14801025390625,#000000,False,mixed,91,True,TimesNewRomanPSMT,0.4666666666666667
test5.pdf,2,Center for Biological Diversity charges U.S. EPA with failure to consult with FWS on the,12.0,False,98.99998474121094,414.947998046875,#000000,False,mixed,88,True,TimesNewRomanPSMT,0.4375
test5.pdf,2,risks from 74 active ingredients to 11 listed species in the San Francisco Bay Area. Eight,12.0,False,98.99998474121094,428.68798828125,#000000,False,mixed,90,True,TimesNewRomanPSMT,0.25
test5.pdf,2,"counties are affected: Alameda, Contra Costa, Marin, Napa, San Mateo, Santa Clara,",12.0,False,99.0,442.48797607421875,#000000,False,mixed,82,True,TimesNewRomanPSMT,0.08333333333333333
test5.pdf,2,"Solano and Sonoma. In its draft form, the injunction imposes different “no-use” buffers for",12.0,False,98.99993896484375,456.2879638671875,#000000,False,mixed,91,True,TimesNewRomanPSMT,0.4
test5.pdf,2,"some of the 74 active ingredients, depending on the type of species. The species included",12.0,False,98.99993896484375,470.08795166015625,#000000,False,mixed,89,True,TimesNewRomanPSMT,0.4666666666666667
test5.pdf,2,"are: Alameda whipsnake, Bay checkerspot butterfly, California clapper rail, California",12.0,False,98.99993896484375,483.887939453125,#000000,False,mixed,86,True,TimesNewRomanPSMT,0.1
test5.pdf,2,"freshwater shrimp, California tiger salamander, Delta smelt, salt marsh harvest mouse, San",12.0,False,98.99993896484375,497.68792724609375,#000000,False,mixed,90,True,TimesNewRomanPSMT,0.0
test5.pdf,2,"Francisco garter snake, San Joaquin kit fox, tidewater goby and Valley elderberry longhorn",12.0,False,98.99993896484375,511.4879455566406,#000000,False,mixed,90,True,TimesNewRomanPSMT,0.07692307692307693
test5.pdf,2,beetle. The buffers imposed by this injunction range from 100 to 700 feet for ground,12.0,False,98.99993896484375,525.287841796875,#000000,False,mixed,84,True,TimesNewRomanPSMT,0.4
test5.pdf,2,"applications, and from 200 to 700 feet for aerial applications.",12.0,False,98.99993896484375,539.087890625,#000000,False,mixed,63,True,TimesNewRomanPSMT,0.4
test5.pdf,2,"During the public comment period, DPR recommended U.S. EPA replace the proposed",12.0,False,99.0,566.68798828125,#000000,False,mixed,79,True,TimesNewRomanPSMT,0.3076923076923077
test5.pdf,2,interim buffer zones with use limitations specified in our WEB-based database,12.0,False,99.0,580.4879760742188,#000000,False,mixed,77,True,TimesNewRomanPSMT,0.25
test5.pdf,2,PRESCRIBE located at <www.cdpr.ca.gov/docs/endspec/prescint.htm>. U.S. EPA,12.0,False,99.0,594.2879028320312,#000000,False,mixed,74,True,TimesNewRomanPSMT,0.14285714285714285
test5.pdf,2,completed their review of public comments and expects the finalized injunction to include,12.0,False,99.0,608.087890625,#000000,False,mixed,89,True,TimesNewRomanPSMT,0.38461538461538464
test5.pdf,2,"minor modifications, and sent to court with request to enter it by the end of January 2010.",12.0,False,99.00001525878906,621.8878784179688,#000000,False,mixed,91,True,TimesNewRomanPSMT,0.47058823529411764
test5.pdf,2,"When the final injunction is published, DPR will be posting all maps of the affected",12.0,False,99.00006103515625,635.6878662109375,#000000,False,mixed,84,True,TimesNewRomanPSMT,0.5333333333333333
test5.pdf,2,"counties and species included in each, and related materials on the Endangered Species",12.0,False,99.00006103515625,649.4879150390625,#000000,False,mixed,86,True,TimesNewRomanPSMT,0.46153846153846156
test5.pdf,2,Program section of our Web site at <http://www.cdpr.ca.gov/docs/endspec/index.htm>,12.0,False,99.00004577636719,663.2879028320312,#000000,False,mixed,82,True,TimesNewRomanPSMT,0.1875
test5.pdf,3,Pesticide Registration and Evaluation Committee,12.0,False,81.0,69.94801330566406,#000000,False,mixed,47,True,TimesNewRomanPSMT,0.2
test5.pdf,3,"Meeting Minutes – January 14, 2010",12.0,False,81.0,83.74800109863281,#000000,False,mixed,34,True,TimesNewRomanPSMT,0.0
test5.pdf,3,Page 4,12.0,False,81.0,97.54798889160156,#000000,False,sentence,6,True,TimesNewRomanPSMT,0.0
test5.pdf,3,All these injunctions share some common denominators:,12.0,False,99.0,152.7480010986328,#000000,False,sentence,53,True,TimesNewRomanPSMT,0.42857142857142855
test5.pdf,3,1) They have resulted from the lack of consultation by U.S. EPA on the effects of,12.0,False,99.0,180.3479766845703,#000000,False,mixed,81,True,TimesNewRomanPSMT,0.5882352941176471
test5.pdf,3,“pesticide x” on “species y” with the U.S. Fish & Wildlife Service (FWS) or National,12.0,False,116.99998474121094,194.14796447753906,#000000,False,mixed,84,True,TimesNewRomanPSMT,0.4
test5.pdf,3,Marine Fisheries Service (NMFS).,12.0,False,116.99998474121094,207.9479522705078,#000000,False,mixed,32,True,TimesNewRomanPSMT,0.0
test5.pdf,3,"2) They impose a consultation schedule between U.S. EPA and FWS or NMFS, typically",12.0,False,99.0,221.7480010986328,#000000,False,mixed,82,True,TimesNewRomanPSMT,0.4
test5.pdf,3,4 to 6 years minimum.,12.0,False,117.0,235.54798889160156,#000000,False,mixed,21,True,TimesNewRomanPSMT,0.2
test5.pdf,3,"3) Public vector control and invasive weed control programs are exempt. However, in the",12.0,False,99.0,249.3479766845703,#000000,False,mixed,87,True,TimesNewRomanPSMT,0.2857142857142857
test5.pdf,3,"case of the Salmonid Injunction, the use limitations resulting from consultation on",12.0,False,117.0,263.1479797363281,#000000,False,mixed,83,True,TimesNewRomanPSMT,0.4166666666666667
test5.pdf,3,"chlorpyrifos, diazinon and malathion do not provide exemptions for vector control or",12.0,False,117.00001525878906,276.9479675292969,#000000,False,mixed,84,True,TimesNewRomanPSMT,0.4166666666666667
test5.pdf,3,invasive weed control programs.,12.0,False,117.00001525878906,290.7479553222656,#000000,False,mixed,31,True,TimesNewRomanPSMT,0.0
test5.pdf,3,"4) They can only be enforced through citizen lawsuits. Federal, State, County and other",12.0,False,99.0,304.5480041503906,#000000,False,mixed,87,True,TimesNewRomanPSMT,0.5
test5.pdf,3,local authorities are “vacated’ from enforcing them.,12.0,False,117.0,318.3479919433594,#000000,False,mixed,52,True,TimesNewRomanPSMT,0.42857142857142855
test5.pdf,3,"5) As products go through consultation, if deemed “not likely to adversely affect” a",12.0,False,99.0,332.14801025390625,#000000,False,mixed,84,True,TimesNewRomanPSMT,0.42857142857142855
test5.pdf,3,species they will be taken off the injunction list.,12.0,False,117.0,345.947998046875,#000000,False,mixed,51,True,TimesNewRomanPSMT,0.5555555555555556
test5.pdf,3,"6) If deemed “likely to adversely affect” a species, U.S. EPA may impose restrictions to",12.0,False,99.0,359.7480163574219,#000000,False,mixed,88,True,TimesNewRomanPSMT,0.3125
test5.pdf,3,"be enforced through labeling, as is the case of chlorpyrifos, diazinon and malathion.",12.0,False,117.0,373.5480041503906,#000000,False,mixed,85,True,TimesNewRomanPSMT,0.5384615384615384
test5.pdf,3,"This process is very contentious. It also affects DPR, since each injunction comes with its",12.0,False,99.0,401.14801025390625,#000000,False,mixed,91,True,TimesNewRomanPSMT,0.4666666666666667
test5.pdf,3,"own set of buffers and species. DPR’s comprehensive, programmatic approach to",12.0,False,99.0,414.947998046875,#000000,False,mixed,77,True,TimesNewRomanPSMT,0.4166666666666667
test5.pdf,3,protection of endangered species is being impacted by the multitude of injunctions and,12.0,False,99.0,428.68798828125,#000000,False,mixed,86,True,TimesNewRomanPSMT,0.5384615384615384
test5.pdf,3,"their litigation-derived buffers. Also, the imposition of court-ordered absolute buffers",12.0,False,99.0,442.48797607421875,#000000,False,mixed,88,True,TimesNewRomanPSMT,0.25
test5.pdf,3,"discourages good land stewardship efforts. Growers, who in previous years might have",12.0,False,98.99998474121094,456.2879638671875,#000000,False,mixed,84,True,TimesNewRomanPSMT,0.25
test5.pdf,3,"managed their fields to include field-edge vegetation cover, hedgerows, etc., now see their",12.0,False,99.00003051757812,470.08795166015625,#000000,False,mixed,91,True,TimesNewRomanPSMT,0.2857142857142857
test5.pdf,3,habitat enhancement efforts as a potential liability if listed species move in. Under these,12.0,False,99.00003051757812,483.887939453125,#000000,False,mixed,91,True,TimesNewRomanPSMT,0.42857142857142855
test5.pdf,3,injunctions -even with exemptions- some invasive weed programs are still facing no-use,12.0,False,99.00003051757812,497.68792724609375,#000000,False,mixed,86,True,TimesNewRomanPSMT,0.3076923076923077
test5.pdf,3,"zones that become refuges for noxious weeds like Arundo sp. Furthermore, since the lists",12.0,False,99.00003051757812,511.4879455566406,#000000,True,mixed,88,True,TimesNewRomanPSMT,0.21428571428571427
test5.pdf,3,of active ingredients included in these injunctions include many well-known active,12.0,False,99.00004577636719,525.287841796875,#000000,False,mixed,82,True,TimesNewRomanPSMT,0.25
test5.pdf,3,"ingredients, pesticide applicators might seek other products not included in the “hit list,”",12.0,False,99.00004577636719,539.087890625,#000000,False,mixed,92,True,TimesNewRomanPSMT,0.3076923076923077
test5.pdf,3,some of which might be worse than the ones included in the injunction.,12.0,False,99.00009155273438,552.8878784179688,#000000,False,mixed,70,True,TimesNewRomanPSMT,0.6153846153846154
test5.pdf,3,"On October 15, 2009, the Center for Biological Diversity filed a Notice of Intent to sue",12.0,False,99.0,580.4879760742188,#000000,False,mixed,88,True,TimesNewRomanPSMT,0.375
test5.pdf,3,U.S. EPA for additional species in the San Francisco Bay-Delta Area and the registration of,12.0,False,99.0,594.2879638671875,#000000,False,mixed,91,True,TimesNewRomanPSMT,0.4117647058823529
test5.pdf,3,"difethialone and difenacoum and potential impacts on San Joaquin kit fox, salt marsh",12.0,False,99.0,608.0880126953125,#000000,False,mixed,84,True,TimesNewRomanPSMT,0.23076923076923078
test5.pdf,3,"harvest mouse, and Alameda whip snake.",12.0,False,99.0,621.8880004882812,#000000,False,mixed,38,True,TimesNewRomanPSMT,0.16666666666666666
test5.pdf,3,"3. Update on U.S. EPA Activities: Field Volatility, Inerts and Spray Drift  - Dr. Patti",12.0,True,81.12000274658203,649.6079711914062,#000000,False,mixed,87,True,TimesNewRomanPS-BoldMT,0.2
test5.pdf,3,"TenBrook, U.S. EPA, Region 9",12.0,True,98.94000244140625,663.407958984375,#000000,False,mixed,28,True,TimesNewRomanPS-BoldMT,0.16666666666666666
test5.pdf,3,Patti TenBrook presented an update on recent pesticide activities at U.S. EPA. She,12.0,False,99.0,690.8880004882812,#000000,False,mixed,82,True,TimesNewRomanPSMT,0.35714285714285715
test5.pdf,3,discussed; 1) the new public process for registration of new chemicals and new uses of,12.0,False,98.99996948242188,704.68798828125,#000000,False,mixed,86,True,TimesNewRomanPSMT,0.3333333333333333
test5.pdf,3,existing chemicals; 2) the draft Pesticide Registration Notice on spray drift; 3) a petition,12.0,False,98.99996948242188,718.4879760742188,#000000,False,mixed,92,True,TimesNewRomanPSMT,0.21428571428571427
test5.pdf,4,Pesticide Registration and Evaluation Committee,12.0,False,81.0,69.94801330566406,#000000,False,mixed,47,True,TimesNewRomanPSMT,0.2
test5.pdf,4,"Meeting Minutes – January 14, 2010",12.0,False,81.0,83.74800109863281,#000000,False,mixed,34,True,TimesNewRomanPSMT,0.0
test5.pdf,4,Page 5,12.0,False,81.0,97.54798889160156,#000000,False,sentence,6,True,TimesNewRomanPSMT,0.0
test5.pdf,4,received by EPA regarding protection of children from spray drift; 4) the Advanced Notice,12.0,False,99.0,152.7480010986328,#000000,False,mixed,89,True,TimesNewRomanPSMT,0.2857142857142857
test5.pdf,4,of Proposed Rulemaking on pesticide inert ingredients; 5) harmonization of effects,12.0,False,99.0,166.54798889160156,#000000,False,mixed,82,True,TimesNewRomanPSMT,0.2727272727272727
test5.pdf,4,assessment methodologies between the Office of Pesticide Programs and the Office of,12.0,False,99.0,180.3479766845703,#000000,False,mixed,83,True,TimesNewRomanPSMT,0.5
test5.pdf,4,"Water; 6) proposed revisions to risk assessment approaches for workers, children of",12.0,False,99.0,194.14796447753906,#000000,False,sentence,83,True,TimesNewRomanPSMT,0.25
test5.pdf,4,"workers, and pesticides with no food uses; and 7) consideration of field volatilization of",12.0,False,99.0,207.9479522705078,#000000,False,mixed,90,True,TimesNewRomanPSMT,0.42857142857142855
test5.pdf,4,pesticides in risk assessments.,12.0,True,99.00003051757812,221.74794006347656,#000000,False,mixed,31,True,TimesNewRomanPSMT,0.25
test5.pdf,4,4. Air Monitoring Network – Randy Segawa,12.0,True,81.12000274658203,249.4679718017578,#000000,False,mixed,40,True,TimesNewRomanPS-BoldMT,0.0
test5.pdf,4,DPR plans to set up a network to sample ambient air for multiple pesticides in several,12.0,False,99.0,276.9480285644531,#000000,False,sentence,86,True,TimesNewRomanPSMT,0.375
test5.pdf,4,"communities on a regular schedule, over the next five years. DPR will use data gathered to",12.0,False,99.0,290.7480163574219,#000000,False,mixed,90,True,TimesNewRomanPSMT,0.375
test5.pdf,4,evaluate and improve protective measures against pesticide exposure. The project is,12.0,False,99.0,304.5480041503906,#000000,False,mixed,83,True,TimesNewRomanPSMT,0.36363636363636365
test5.pdf,4,expected to begin later this year. Additional information is available on DPR’s Web site at:,12.0,False,99.0,318.3479919433594,#000000,False,mixed,92,True,TimesNewRomanPSMT,0.375
test5.pdf,4,<http://www.cdpr.ca.gov/docs/emon/airinit/air_network.htm>.,12.0,False,99.0,332.1479797363281,#000000,False,mixed,59,True,TimesNewRomanPSMT,0.0
test5.pdf,4,"DPR proposes to sample one location in each community, collecting one or two 24-hour",12.0,False,99.0,359.7480163574219,#000000,False,sentence,84,True,TimesNewRomanPSMT,0.26666666666666666
test5.pdf,4,samples each week. Collecting two samples per week will provide a more robust estimate,12.0,False,99.0,373.5480041503906,#000000,False,mixed,86,True,TimesNewRomanPSMT,0.2857142857142857
test5.pdf,4,"of exposure, but fewer pesticides and/or communities would be monitored. DPR provided a",12.0,False,99.0,387.3479919433594,#000000,False,mixed,87,True,TimesNewRomanPSMT,0.42857142857142855
test5.pdf,4,list of 25 to 34 pesticides it proposes to include. The more pesticides included in the,12.0,False,99.0,401.1479797363281,#000000,False,mixed,87,True,TimesNewRomanPSMT,0.5
test5.pdf,4,"monitoring, the fewer samples collected and/or communities would be monitored. DPR",12.0,False,99.00001525878906,414.9479675292969,#000000,False,mixed,82,True,TimesNewRomanPSMT,0.3333333333333333
test5.pdf,4,described its method to select 13 candidate communities. DPR proposes to select 2 to 5 of,12.0,False,99.00003051757812,428.6879577636719,#000000,False,mixed,89,True,TimesNewRomanPSMT,0.3125
test5.pdf,4,"these communities for monitoring. The more communities included, the fewer samples",12.0,False,99.00001525878906,442.4879455566406,#000000,False,mixed,82,True,TimesNewRomanPSMT,0.45454545454545453
test5.pdf,4,and/or pesticides will be monitored.,12.0,False,99.00001525878906,456.2879333496094,#000000,False,mixed,36,True,TimesNewRomanPSMT,0.6666666666666666
test5.pdf,4,DPR received written comments earlier from ARB and U.S. EPA. Other committee,12.0,False,99.0,483.88800048828125,#000000,False,mixed,76,True,TimesNewRomanPSMT,0.3076923076923077
test5.pdf,4,"members provided comments at the meeting, but there was no consensus on any of the",12.0,False,99.0,497.68798828125,#000000,False,mixed,82,True,TimesNewRomanPSMT,0.6666666666666666
test5.pdf,4,"issues. Key suggestions included a request to monitor chlorthal-dimethyl, evaluate time",12.0,False,99.0,511.4879455566406,#000000,False,mixed,87,True,TimesNewRomanPSMT,0.16666666666666666
test5.pdf,4,"trends of pesticide use for the candidate communities, and consider monitoring two",12.0,False,99.0,525.2879638671875,#000000,False,mixed,82,True,TimesNewRomanPSMT,0.3333333333333333
test5.pdf,4,communities for several years but a third community would change each year.,12.0,False,99.0,539.0879516601562,#000000,False,mixed,75,True,TimesNewRomanPSMT,0.3333333333333333
test5.pdf,4,5. Public Comment,12.0,True,81.12000274658203,566.8079833984375,#000000,False,mixed,17,True,TimesNewRomanPS-BoldMT,0.0
test5.pdf,4,None received.,12.0,False,98.94000244140625,594.2879638671875,#000000,False,sentence,14,True,TimesNewRomanPSMT,0.0
test5.pdf,4,6. Agenda Items for Next Meeting,12.0,True,81.12000274658203,622.0079956054688,#000000,False,mixed,32,True,TimesNewRomanPS-BoldMT,0.16666666666666666
test5.pdf,4,Lynn Baker suggested that the fumigant active ingredient methyl iodide be a topic for a,12.0,False,99.0,649.4879760742188,#000000,False,mixed,87,True,TimesNewRomanPSMT,0.4
test5.pdf,4,"PREC meeting, when DPR reaches a registration decision regarding the chemical.",12.0,False,98.99998474121094,663.2879638671875,#000000,False,mixed,78,True,TimesNewRomanPSMT,0.2727272727272727
test5.pdf,4,Martha Harnly suggested that as climate change occurs there will be more pests leading to,12.0,False,99.0,690.8880004882812,#000000,False,mixed,89,True,TimesNewRomanPSMT,0.4666666666666667
test5.pdf,4,an increase in pesticide usage. Martha wanted to know if anyone at DPR was aware of the,12.0,False,99.0,704.68798828125,#000000,False,mixed,87,True,TimesNewRomanPSMT,0.47058823529411764
test5.pdf,4,issue.,12.0,False,99.00001525878906,718.4879760742188,#000000,False,mixed,6,True,TimesNewRomanPSMT,0.0
test5.pdf,5,Pesticide Registration and Evaluation Committee,12.0,False,81.0,69.94801330566406,#000000,False,mixed,47,True,TimesNewRomanPSMT,0.2
test5.pdf,5,"Meeting Minutes – January 14, 2010",12.0,False,81.0,83.74800109863281,#000000,False,mixed,34,True,TimesNewRomanPSMT,0.0
test5.pdf,5,Page 6,12.0,False,81.0,97.54798889160156,#000000,False,sentence,6,True,TimesNewRomanPSMT,0.0
test5.pdf,5,"Martha Harnly suggested that Patti Tenbrook return to the PREC, once USEPA receives",12.0,False,99.0,152.7480010986328,#000000,False,mixed,83,True,TimesNewRomanPSMT,0.3076923076923077
test5.pdf,5,"comments in response to its notices on field volatility, inerts and spray drift, and give the",12.0,False,99.0,166.54798889160156,#000000,False,mixed,93,True,TimesNewRomanPSMT,0.4375
test5.pdf,5,Committee a summary of the comments received.,12.0,False,99.00003051757812,180.3479766845703,#000000,False,sentence,45,True,TimesNewRomanPSMT,0.42857142857142855
test5.pdf,5,"The next meeting will be held on Thursday, March 18, 2010, in the Sierra Hearing Room",12.0,False,99.0,207.94801330566406,#000000,False,mixed,85,True,TimesNewRomanPSMT,0.375
test5.pdf,5,"on the second floor of the Cal/EPA building, located at 1001 I Street, Sacramento,",12.0,False,99.0,221.7480010986328,#000000,False,mixed,82,True,TimesNewRomanPSMT,0.4
test5.pdf,5,California.,12.0,False,99.0,235.54798889160156,#000000,False,capitalized,11,True,TimesNewRomanPSMT,0.0
test5.pdf,5,7. Adjourn,12.0,True,81.12000274658203,263.2680358886719,#000000,False,mixed,10,True,TimesNewRomanPS-BoldMT,0.0
test6.pdf,0,STATE OF CALIFORNIA──HEALTH AND WELFARE AGENCY,8.460000038146973,False,28.799999237060547,35.681251525878906,#000000,False,all_caps,46,True,CourierNewPSMT,0.2857142857142857
test6.pdf,0,"PETE WILSON, Governor",8.460000038146973,False,468.8722839355469,35.681251525878906,#000000,False,mixed,21,True,CourierNewPSMT,0.0
test6.pdf,0,═══════════════════════════════════════════════════════════════════════════════════════════════════════════════,8.460000038146973,False,28.799999237060547,44.741065979003906,#000000,False,mixed,111,True,CourierNewPSMT,0.0
test6.pdf,0,DEPARTMENT OF ALCOHOL AND DRUG PROGRAMS,10.5,True,28.799999237060547,54.724517822265625,#000000,False,all_caps,39,True,TimesNewRomanPS-BoldMT,0.3333333333333333
test6.pdf,0,1700 K STREET,9.0,False,28.799999237060547,66.74131774902344,#000000,False,mixed,13,True,TimesNewRomanPSMT,0.0
test6.pdf,0,"SACRAMENTO, CA 95814-4037",9.0,False,28.799999237060547,77.30101013183594,#000000,False,mixed,25,True,TimesNewRomanPSMT,0.0
test6.pdf,0,TTY (916) 445-1942,9.0,False,28.799999237060547,87.86070251464844,#000000,False,sentence,18,True,TimesNewRomanPSMT,0.0
test6.pdf,0,(916) 322-7012,9.0,False,28.799999237060547,98.42039489746094,#000000,False,mixed,14,True,TimesNewRomanPSMT,0.0
test6.pdf,0,ADP #97- 67,10.979999542236328,False,432.0,109.0768051147461,#000000,False,sentence,11,True,TimesNewRomanPSMT,0.0
test6.pdf,0,"December 2, 1997",10.979999542236328,False,287.99951171875,121.7971420288086,#000000,False,sentence,16,True,TimesNewRomanPSMT,0.0
test6.pdf,0,To:,12.0,False,72.0,160.06800842285156,#000000,False,capitalized,3,True,TimesNewRomanPSMT,1.0
test6.pdf,0,County Alcohol and Drug Program Administrators,12.0,False,144.00599670410156,160.06800842285156,#000000,False,mixed,46,True,TimesNewRomanPSMT,0.16666666666666666
test6.pdf,0,Residential Treatment Providers,12.0,False,144.0,174.04798889160156,#000000,False,capitalized,31,True,TimesNewRomanPSMT,0.0
test6.pdf,0,Subject:,12.0,False,72.0,215.9879913330078,#000000,False,capitalized,8,True,TimesNewRomanPSMT,0.0
test6.pdf,0,Termination of Cash Aid and Food Stamp Benefits for Certain Convicted Drug,12.0,False,143.96401977539062,215.9879913330078,#000000,False,mixed,74,True,TimesNewRomanPSMT,0.25
test6.pdf,0,Felons,12.0,False,144.0,229.9679718017578,#000000,False,capitalized,6,True,TimesNewRomanPSMT,0.0
test6.pdf,0,"This is to inform you of recent federal and state laws that deny cash aid, county aid and",12.0,False,108.0,271.90802001953125,#000000,False,sentence,89,True,TimesNewRomanPSMT,0.4444444444444444
test6.pdf,0,"relief, and food stamp benefits to individuals convicted of a felony for possession, use, or",12.0,False,72.0,285.8880310058594,#000000,False,mixed,92,True,TimesNewRomanPSMT,0.4
test6.pdf,0,distribution of a controlled substance.  These new laws may impact persons in residential,12.0,False,72.0,299.8680419921875,#000000,False,mixed,89,True,TimesNewRomanPSMT,0.3076923076923077
test6.pdf,0,treatment programs.,12.0,False,72.0,313.8480529785156,#000000,False,mixed,19,True,TimesNewRomanPSMT,0.0
test6.pdf,0,BACKGROUND,12.0,True,72.0,341.9880065917969,#000000,False,all_caps,10,True,TimesNewRomanPS-BoldMT,0.0
test6.pdf,0,Federal Law:,12.0,True,72.0,370.0080261230469,#000000,False,capitalized,12,True,TimesNewRomanPS-BoldMT,0.0
test6.pdf,0,"Section 115 of the new federal welfare reform law, the Personal Responsibility and Work",12.0,False,108.0,397.8480224609375,#000000,False,mixed,87,True,TimesNewRomanPSMT,0.2857142857142857
test6.pdf,0,"Opportunity Reconciliation Act (PRWORA) of 1996 (PL 104-193), prohibits using federal",12.0,False,72.0,411.8280334472656,#000000,False,mixed,85,True,TimesNewRomanPSMT,0.08333333333333333
test6.pdf,0,Temporary Assistance for Needy Families (TANF) funds for cash aid and food stamps for a,12.0,False,72.0,425.80804443359375,#000000,False,mixed,87,True,TimesNewRomanPSMT,0.3333333333333333
test6.pdf,0,"person convicted under federal or state law of a felony related to the possession, use, or",12.0,False,72.0,439.7880554199219,#000000,False,mixed,90,True,TimesNewRomanPSMT,0.4375
test6.pdf,0,distribution of a controlled substance.  Family members would still be eligible.  A subsequent,12.0,False,72.0,453.76806640625,#000000,False,mixed,94,True,TimesNewRomanPSMT,0.3076923076923077
test6.pdf,0,federal law specifies that the drug felony law applies only to drug felonies committed on or after,12.0,False,72.0,467.7480773925781,#000000,False,mixed,98,True,TimesNewRomanPSMT,0.4117647058823529
test6.pdf,0,"August 22, 1996, the date PRWORA was enacted.",12.0,False,72.0,481.72808837890625,#000000,False,mixed,45,True,TimesNewRomanPSMT,0.25
test6.pdf,0,State Law:,12.0,True,72.0,509.8680114746094,#000000,False,capitalized,10,True,TimesNewRomanPS-BoldMT,0.0
test6.pdf,0,"In California, the federal TANF cash aid program (formerly called the Aid to Families",12.0,False,108.0,537.7080078125,#000000,False,mixed,85,True,TimesNewRomanPSMT,0.2857142857142857
test6.pdf,0,with Dependent Children program) has been named the California Work Opportunity and,12.0,False,72.0,551.68798828125,#000000,False,mixed,83,True,TimesNewRomanPSMT,0.4166666666666667
test6.pdf,0,Responsibility for Kids (CalWORKS) program.  Assembly Bills 1008 and 1260 added sections,12.0,False,72.0,565.66796875,#000000,False,mixed,88,True,TimesNewRomanPSMT,0.16666666666666666
test6.pdf,0,12251.3 and 17012.5 to the Welfare and Institutions (W&I) Code to implement the CalWORKS,12.0,False,72.0,579.64794921875,#000000,False,mixed,88,True,TimesNewRomanPSMT,0.4117647058823529
test6.pdf,0,cash aid component of the federal drug felony law.  Key provisions of the state law are:,12.0,False,72.0,593.6279296875,#000000,False,mixed,88,True,TimesNewRomanPSMT,0.3125
test6.pdf,0,∃,12.0,False,72.0,621.0,#000000,False,mixed,1,False,SymbolMT,0.0
test6.pdf,0,"The individual must have been convicted in state or federal court after December 31,",12.0,False,108.0,622.3679809570312,#000000,False,mixed,84,True,TimesNewRomanPSMT,0.42857142857142855
test6.pdf,0,"1997 (for a drug felony committed on or after August 22, 1996).",12.0,False,108.0,636.3479614257812,#000000,False,mixed,63,True,TimesNewRomanPSMT,0.4166666666666667
test6.pdf,0,∃,12.0,False,72.0,663.7200317382812,#000000,False,mixed,1,False,SymbolMT,0.0
test6.pdf,0,The disqualifying drug felony includes any plea of guilty or no contest.,12.0,False,108.0,665.0880126953125,#000000,False,sentence,72,True,TimesNewRomanPSMT,0.4166666666666667
test6.pdf,0,County Alcohol and,12.0,False,72.0,693.0479736328125,#000000,False,mixed,18,True,TimesNewRomanPSMT,0.3333333333333333
test6.pdf,0,-2-,12.0,False,299.02801513671875,693.0479736328125,#000000,False,mixed,3,True,TimesNewRomanPSMT,0.0
test6.pdf,1,Drug Program Administrators,12.0,False,72.0,36.58802795410156,#000000,False,capitalized,27,True,TimesNewRomanPSMT,0.0
test6.pdf,1,Residential Treatment Providers,12.0,False,72.0,50.56800842285156,#000000,False,capitalized,31,True,TimesNewRomanPSMT,0.0
test6.pdf,1,∃,12.0,False,72.0,91.91998291015625,#000000,False,mixed,1,False,SymbolMT,0.0
test6.pdf,1,Other family members remain eligible for CalWORKS cash aid.,12.0,False,108.0,93.28797912597656,#000000,False,mixed,59,True,TimesNewRomanPSMT,0.2222222222222222
test6.pdf,1,∃,12.0,False,72.0,120.65997314453125,#000000,False,mixed,1,False,SymbolMT,0.0
test6.pdf,1,The ineligible convicted drug felon who lives with his/her CalWORKS family is also,12.0,False,108.0,122.02796936035156,#000000,False,mixed,82,True,TimesNewRomanPSMT,0.42857142857142855
test6.pdf,1,ineligible for nonhealth care benefits.  These benefits are County Aid and Relief to,12.0,False,108.0,136.00794982910156,#000000,False,mixed,84,True,TimesNewRomanPSMT,0.38461538461538464
test6.pdf,1,Indigents.,12.0,False,108.0,149.98793029785156,#000000,False,capitalized,10,True,TimesNewRomanPSMT,0.0
test6.pdf,1,∃,12.0,False,72.0,177.3599853515625,#000000,False,mixed,1,False,SymbolMT,0.0
test6.pdf,1,Counties must issue vouchers or vendor payments for at least rent and utilities to an,12.0,False,108.0,178.7279815673828,#000000,False,sentence,85,True,TimesNewRomanPSMT,0.4
test6.pdf,1,eligible family if the family includes a member who is ineligible due to a drug felony,12.0,False,108.0,192.7079620361328,#000000,False,mixed,86,True,TimesNewRomanPSMT,0.4375
test6.pdf,1,conviction.,12.0,False,108.0,206.6879425048828,#000000,False,mixed,11,True,TimesNewRomanPSMT,0.0
test6.pdf,1,IMPLEMENTATION OF THE CALWORKS CASH AID PROVISIONS OF,12.0,True,72.0,234.82801818847656,#000000,False,all_caps,53,True,TimesNewRomanPS-BoldMT,0.375
test6.pdf,1,THE NEW DRUG FELONY LAW,12.0,True,72.0,248.8679962158203,#000000,False,all_caps,23,True,TimesNewRomanPS-BoldMT,0.2
test6.pdf,1,New California W&I section 12251.3 specifies that individuals applying for CalWORKS,12.0,False,108.0,276.7080078125,#000000,False,mixed,83,True,TimesNewRomanPSMT,0.23076923076923078
test6.pdf,1,"cash aid on or after January 1, 1998 will be determined ineligible if they were convicted in state",12.0,False,72.0,290.6880187988281,#000000,False,mixed,98,True,TimesNewRomanPSMT,0.5
test6.pdf,1,"or federal court on or after January 1, 1998 for a drug felony committed on or after",12.0,False,72.0,304.66802978515625,#000000,False,mixed,84,True,TimesNewRomanPSMT,0.5294117647058824
test6.pdf,1,"August 22, 1996.  Continuing CalWORKS recipients (i.e., families that were approved for and",12.0,False,72.0,318.64801025390625,#000000,False,mixed,91,True,TimesNewRomanPSMT,0.35714285714285715
test6.pdf,1,"already receiving cash aid before January 1, 1998) will be asked about their drug felony",12.0,False,72.0,332.6280212402344,#000000,False,mixed,88,True,TimesNewRomanPSMT,0.3333333333333333
test6.pdf,1,convictions at the next annual redetermination.  Any individual(s) with a disqualifying drug,12.0,False,72.0,346.6080322265625,#000000,False,mixed,92,True,TimesNewRomanPSMT,0.46153846153846156
test6.pdf,1,felony will not be eligible for CalWORKS cash aid.  Cash aid for other family members will not,12.0,False,72.0,360.5880432128906,#000000,False,mixed,94,True,TimesNewRomanPSMT,0.47058823529411764
test6.pdf,1,be affected.,12.0,True,72.0,374.56805419921875,#000000,False,mixed,12,True,TimesNewRomanPSMT,0.5
test6.pdf,1,NON-HEALTH CARE BENEFITS - COUNTY AID AND RELIEF TO INDIGENTS,12.0,True,72.0,402.76800537109375,#000000,False,all_caps,61,True,TimesNewRomanPS-BoldMT,0.2
test6.pdf,1,New California W&I Code section 17012.5 specifies that the drug felon who is ineligible,12.0,False,108.0,430.6080017089844,#000000,False,mixed,87,True,TimesNewRomanPSMT,0.3125
test6.pdf,1,"for cash aid under CalWORKS, and is a member of a family receiving aid, shall also be",12.0,False,72.0,444.5880126953125,#000000,False,mixed,85,True,TimesNewRomanPSMT,0.47058823529411764
test6.pdf,1,ineligible for non-health care benefits.  Non-health care benefits are County Aid and Relief to,12.0,False,72.0,458.5680236816406,#000000,False,mixed,95,True,TimesNewRomanPSMT,0.25
test6.pdf,1,Indigents (called Αgeneral assistance≅ in some counties).  This new section of state law will also,12.0,False,72.0,471.96002197265625,#000000,False,mixed,98,True,TimesNewRomanPSMT,0.3333333333333333
test6.pdf,1,"be implemented January 1, 1998.",12.0,False,72.0,487.30804443359375,#000000,False,mixed,31,True,TimesNewRomanPSMT,0.2
test6.pdf,1,IMPLEMENTATION OF THE FOOD STAMP PROVISIONS OF THE,12.0,True,72.0,515.447998046875,#000000,False,all_caps,50,True,TimesNewRomanPS-BoldMT,0.5
test6.pdf,1,NEW DRUG FELONY LAW,12.0,True,72.0,529.4879760742188,#000000,False,all_caps,19,True,TimesNewRomanPS-BoldMT,0.0
test6.pdf,1,The food stamp component of section 115 of PRWORA became effective the date the,12.0,False,108.0,557.3280029296875,#000000,False,mixed,79,True,TimesNewRomanPSMT,0.35714285714285715
test6.pdf,1,"federal law was enacted (August 22, 1996) and has already been implemented by the California",12.0,False,72.0,571.3079833984375,#000000,False,mixed,92,True,TimesNewRomanPSMT,0.4
test6.pdf,1,Department of Social Services.,12.0,False,72.0,585.2879638671875,#000000,False,mixed,30,True,TimesNewRomanPSMT,0.25
test6.pdf,1,County Alcohol and,12.0,False,72.0,655.18798828125,#000000,False,mixed,18,True,TimesNewRomanPSMT,0.3333333333333333
test6.pdf,1,-3-,12.0,False,299.0039978027344,655.18798828125,#000000,False,mixed,3,True,TimesNewRomanPSMT,0.0
test6.pdf,1,Drug Program Administrators,12.0,False,72.0,669.16796875,#000000,False,capitalized,27,True,TimesNewRomanPSMT,0.0
test6.pdf,1,Residential Treatment Providers,12.0,False,72.0,683.14794921875,#000000,False,capitalized,31,True,TimesNewRomanPSMT,0.0
test6.pdf,2,"Beginning September 1, 1997, food stamp applicants are asked to reveal any drug felony",12.0,False,108.0,86.56800842285156,#000000,False,mixed,86,True,TimesNewRomanPSMT,0.21428571428571427
test6.pdf,2,"convictions if the felony was committed on or after August 22, 1996.   Individuals or families",12.0,False,72.0,100.54798889160156,#000000,False,mixed,94,True,TimesNewRomanPSMT,0.4666666666666667
test6.pdf,2,"who were already receiving food stamp benefits prior to September 1, 1997 will be asked about",12.0,False,72.0,114.52796936035156,#000000,False,mixed,93,True,TimesNewRomanPSMT,0.375
test6.pdf,2,their drug felony convictions at the next six-month or annual recertification.  Any individual(s),12.0,False,72.00001525878906,128.50794982910156,#000000,False,mixed,97,True,TimesNewRomanPSMT,0.4
test6.pdf,2,with a disqualifying drug felony will not be eligible for food stamps.  Food stamp benefits for,12.0,False,72.00001525878906,142.48793029785156,#000000,False,mixed,95,True,TimesNewRomanPSMT,0.4375
test6.pdf,2,other family members are not affected.,12.0,False,72.00003051757812,156.46791076660156,#000000,False,mixed,38,True,TimesNewRomanPSMT,0.5
test6.pdf,2,MEDI-CAL BENEFITS,12.0,True,72.0,184.66798400878906,#000000,False,all_caps,17,True,TimesNewRomanPS-BoldMT,0.0
test6.pdf,2,The federal PRWORA law does not restrict eligibility for Medicaid (called Medi-Cal in,12.0,False,108.0,212.5080108642578,#000000,False,mixed,85,True,TimesNewRomanPSMT,0.35714285714285715
test6.pdf,2,California).  Individuals convicted of a drug-related felony who may be otherwise eligible may,12.0,False,72.0,226.4879913330078,#000000,False,mixed,94,True,TimesNewRomanPSMT,0.2857142857142857
test6.pdf,2,apply for full-scope Medi-Cal benefits by submitting an application for Medi-Cal to the county,12.0,False,72.0,240.4679718017578,#000000,False,mixed,94,True,TimesNewRomanPSMT,0.35294117647058826
test6.pdf,2,"welfare office in their county of residence.  Under some circumstances, convicted drug felons",12.0,False,72.0,254.4479522705078,#000000,False,mixed,93,True,TimesNewRomanPSMT,0.38461538461538464
test6.pdf,2,may be eligible for Medi-Cal and not eligible for CalWORKS or county cash aid.,12.0,False,72.0,268.4279479980469,#000000,False,mixed,78,True,TimesNewRomanPSMT,0.4
test6.pdf,2,SURVEY OF NUMBER OF DRUG FELONS,12.0,True,72.0,296.6280212402344,#000000,False,all_caps,31,True,TimesNewRomanPS-BoldMT,0.3333333333333333
test6.pdf,2,The County Alcohol and Drug Program Administrators Association of California,12.0,False,108.0,324.468017578125,#000000,False,mixed,76,True,TimesNewRomanPSMT,0.3
test6.pdf,2,(CADPAAC) has asked the Department of Alcohol and Drug Programs to survey the field in,12.0,False,72.0,338.4480285644531,#000000,False,mixed,86,True,TimesNewRomanPSMT,0.4666666666666667
test6.pdf,2,order to determine the effect of this new drug felony law on publicly funded programs.  A survey,12.0,False,71.99998474121094,352.42803955078125,#000000,False,mixed,96,True,TimesNewRomanPSMT,0.35294117647058826
test6.pdf,2,"form was sent to providers on October 30, 1997.   Results of the survey will be shared with",12.0,False,71.99998474121094,366.4080505371094,#000000,False,mixed,91,True,TimesNewRomanPSMT,0.47058823529411764
test6.pdf,2,CADPAAC.,12.0,False,71.99998474121094,380.3880615234375,#000000,False,all_caps,8,True,TimesNewRomanPSMT,0.0
test6.pdf,2,"Questions regarding the new drug felony law may be directed to Marie Leonard, Program",12.0,False,108.0,408.3480224609375,#000000,False,mixed,85,True,TimesNewRomanPSMT,0.21428571428571427
test6.pdf,2,"and Fiscal Policy Branch,  Program Operations Division, at (916) 322-0495.  Questions or",12.0,False,72.0,422.3280334472656,#000000,False,mixed,88,True,TimesNewRomanPSMT,0.23076923076923078
test6.pdf,2,"comments regarding the survey may be directed to Paul Tanner, Program and Fiscal Policy",12.0,False,72.0,436.30804443359375,#000000,False,mixed,87,True,TimesNewRomanPSMT,0.2857142857142857
test6.pdf,2,"Branch, Program Operations Division, at (916) 445-5719.",12.0,False,72.0,450.2880554199219,#000000,False,mixed,55,True,TimesNewRomanPSMT,0.125
test6.pdf,2,"Sincerely,",12.0,False,72.0,478.2480163574219,#000000,False,capitalized,10,True,TimesNewRomanPSMT,0.0
test6.pdf,2,[Original Signed By],12.0,False,72.0,506.2080383300781,#000000,False,capitalized,20,True,TimesNewRomanPSMT,0.3333333333333333
test6.pdf,2,"GLORIA J. MERK, II",12.0,False,72.0,534.16796875,#000000,False,all_caps,18,True,TimesNewRomanPSMT,0.0
test6.pdf,2,Deputy Director,12.0,False,72.0,548.14794921875,#000000,False,capitalized,15,True,TimesNewRomanPSMT,0.0
test6.pdf,2,Program Operations Division,12.0,False,72.0,562.1279907226562,#000000,False,capitalized,27,True,TimesNewRomanPSMT,0.0
test6.pdf,2,cc:,12.0,False,72.0,604.0679931640625,#000000,False,mixed,3,True,TimesNewRomanPSMT,0.0
test6.pdf,2,"Wagerman Associates, Inc",12.0,False,107.9843978881836,604.0679931640625,#000000,False,capitalized,24,True,TimesNewRomanPSMT,0.0
test6.pdf,2,Director’s Advisory Council,12.0,False,108.0,618.0479736328125,#000000,False,mixed,27,True,TimesNewRomanPSMT,0.25
test8.pdf,0,Fireworks Safety,22.0,False,208.6199951171875,192.3460235595703,#00879C,False,capitalized,16,False,Futura-Heavy,0.0
test8.pdf,0,"Since 1994, fireworks-related injuries have decreased by about one-third.  In",10.5,False,208.6199951171875,228.73052978515625,#231F20,False,mixed,77,True,NewBaskerville-Roman,0.3333333333333333
test8.pdf,0,"1998, the estimated number of people treated in U.S. hospital emergency rooms",10.5,False,208.6199951171875,241.7305908203125,#231F20,False,mixed,77,True,NewBaskerville-Roman,0.3076923076923077
test8.pdf,0,"for these injuries was 8,500, according to a recent study by staff at the U.S.",10.5,False,208.6199951171875,254.73065185546875,#231F20,False,mixed,78,True,NewBaskerville-Roman,0.5294117647058824
test8.pdf,0,Consumer Product Safety Commission (CPSC).1 This is in contrast to an,10.5,False,208.6199951171875,264.20050048828125,#231F20,False,mixed,69,True,NewBaskerville-Roman,0.4166666666666667
test8.pdf,0,"estimated 12,500 fireworks-related injuries in 1994.",10.5,False,208.62020874023438,280.7305908203125,#231F20,False,mixed,52,True,NewBaskerville-Roman,0.125
test8.pdf,0,Special Study,12.0,False,208.6199951171875,307.6659851074219,#00879C,False,capitalized,13,False,Futura-Heavy,0.0
test8.pdf,0,"Each year, in addition to its year-round injury data collection, CPSC staff con-",10.5,False,208.6199951171875,325.7304992675781,#231F20,False,mixed,80,True,NewBaskerville-Roman,0.2857142857142857
test8.pdf,0,ducts a special study of fireworks injuries that occur around the Fourth of July,10.5,False,208.6199951171875,338.7305603027344,#231F20,False,mixed,80,True,NewBaskerville-Roman,0.35714285714285715
test8.pdf,0,holiday.,10.5,False,208.6199951171875,351.7306213378906,#231F20,False,mixed,8,True,NewBaskerville-Roman,0.0
test8.pdf,0,About 60% to 75% of fireworks-related injuries occur during this period.,10.5,False,222.61964416503906,364.7306823730469,#231F20,False,sentence,72,True,NewBaskerville-Roman,0.4166666666666667
test8.pdf,0,The special fireworks study focuses more closely on the kinds of injuries,10.5,False,208.6199951171875,377.7307434082031,#231F20,False,sentence,73,True,NewBaskerville-Roman,0.4166666666666667
test8.pdf,0,associated with fireworks and the types of fireworks involved.,10.5,False,208.6199951171875,390.7308044433594,#231F20,False,mixed,62,True,NewBaskerville-Roman,0.4444444444444444
test8.pdf,0,"For the 1998 study, CPSC staff examined fireworks-related injuries treated in",10.5,False,222.61964416503906,403.7308654785156,#231F20,False,mixed,77,True,NewBaskerville-Roman,0.25
test8.pdf,0,"NEISS hospital emergency rooms between June 23 and July 23, 1998.2 Victims",10.5,False,208.6199951171875,413.20050048828125,#231F20,False,mixed,74,True,NewBaskerville-Roman,0.15384615384615385
test8.pdf,0,were asked to identify the fireworks type from illustrations shown to them at the,10.5,False,208.62017822265625,429.7305603027344,#231F20,False,mixed,81,True,NewBaskerville-Roman,0.5714285714285714
test8.pdf,0,emergency room.,10.5,False,208.62017822265625,442.7306213378906,#231F20,False,mixed,15,True,NewBaskerville-Roman,0.0
test8.pdf,0,Injury Data,12.0,False,208.6199951171875,469.6659851074219,#00879C,False,capitalized,11,False,Futura-Heavy,0.0
test8.pdf,0,"According to the data collected in the special study, children suffered a signifi-",10.5,False,208.6199951171875,487.7304992675781,#231F20,False,sentence,82,True,NewBaskerville-Roman,0.38461538461538464
test8.pdf,0,"cant number of fireworks-related injuries.  In 1998, about 40% of the fireworks-",10.5,False,208.6199951171875,500.7305603027344,#231F20,False,mixed,80,True,NewBaskerville-Roman,0.38461538461538464
test8.pdf,0,related injuries in the special study occurred to children under age 15.  This is,10.5,False,208.6199951171875,513.7306518554688,#231F20,False,mixed,81,True,NewBaskerville-Roman,0.42857142857142855
test8.pdf,0,"similar to the data in CPSC’s 1997 special study, where children sustained about",10.5,False,208.6199951171875,526.7306518554688,#231F20,False,mixed,80,True,NewBaskerville-Roman,0.42857142857142855
test8.pdf,0,38% of these injuries.,10.5,False,208.6199951171875,539.7307739257812,#231F20,False,mixed,22,True,NewBaskerville-Roman,0.5
test8.pdf,0,"In 1998, according to the special study, those 15 to 24 years old incurred",10.5,False,222.61964416503906,552.7307739257812,#231F20,False,sentence,74,True,NewBaskerville-Roman,0.35714285714285715
test8.pdf,0,"about 35% of fireworks-related injuries.  The year before, this age group suffered",10.5,False,208.6199951171875,565.7308349609375,#231F20,False,mixed,82,True,NewBaskerville-Roman,0.38461538461538464
test8.pdf,0,about 26% of these injuries.,10.5,False,208.6199951171875,578.7308959960938,#231F20,False,mixed,28,True,NewBaskerville-Roman,0.6
test8.pdf,0,Males incurred a significantly higher percentage of fireworks-related injuries,10.5,False,222.61964416503906,591.7308959960938,#231F20,False,sentence,78,True,NewBaskerville-Roman,0.2
test8.pdf,0,"than females.  In 1998, males suffered about 75% of the injuries.  This was the",10.5,False,208.6199951171875,604.73095703125,#231F20,False,mixed,79,True,NewBaskerville-Roman,0.5714285714285714
test8.pdf,0,same as reported in 1997.,10.5,False,208.6199951171875,617.7310180664062,#231F20,False,mixed,25,True,NewBaskerville-Roman,0.6
test8.pdf,0,"According to the 1998 special study, the highest percentage of fireworks-relat-",10.5,False,222.61964416503906,630.7310791015625,#231F20,False,sentence,79,True,NewBaskerville-Roman,0.3333333333333333
test8.pdf,0,"ed injuries occurred to people’s hands, followed by eye injuries and head and",10.5,False,208.6199951171875,643.7311401367188,#231F20,False,mixed,77,True,NewBaskerville-Roman,0.35714285714285715
test8.pdf,0,"face injuries.  In 1998, hand injuries accounted for 35% of the total fireworks-re-",10.5,False,208.6199951171875,656.7311401367188,#231F20,False,mixed,83,True,NewBaskerville-Roman,0.35714285714285715
test8.pdf,0,"lated injuries; eye injuries for 20%; and head and face injuries for 20%.  In 1997,",10.5,False,208.6199951171875,669.731201171875,#231F20,False,mixed,83,True,NewBaskerville-Roman,0.3333333333333333
test8.pdf,0,hand injuries comprised 35% of the fireworks-related injuries; head injuries for,10.5,False,208.6199951171875,682.7312622070312,#231F20,False,mixed,80,True,NewBaskerville-Roman,0.25
test8.pdf,0,22%; and eye injuries for 18%.,10.5,False,208.6199951171875,695.7313232421875,#231F20,False,mixed,30,True,NewBaskerville-Roman,0.3333333333333333
test8.pdf,0,"Over half of the injuries in 1998 involved burns.  Eye injuries, however, typi-",10.5,False,222.61964416503906,708.7313842773438,#231F20,False,mixed,79,True,NewBaskerville-Roman,0.3076923076923077
test8.pdf,0,cally involved contusions or lacerations.  This is similar to the pattern of injuries,10.5,False,208.6199951171875,721.7313842773438,#231F20,False,mixed,85,True,NewBaskerville-Roman,0.46153846153846156
test8.pdf,0,in 1997.,10.5,False,208.6199951171875,734.7314453125,#231F20,False,mixed,8,True,NewBaskerville-Roman,0.5
test8.pdf,0,Continued on page 2,10.5,False,484.17999267578125,754.6005249023438,#00879C,True,sentence,19,True,NewBaskerville-Italic,0.25
test8.pdf,0,CONSUMER PRODUCT,42.0,True,208.6199951171875,56.70204162597656,#00879C,False,all_caps,16,True,NewBaskerville-Bold,0.0
test8.pdf,0,SAFETY REVIEW,42.0,True,208.6199951171875,93.70204162597656,#00879C,False,all_caps,13,True,NewBaskerville-Bold,0.0
test8.pdf,0,SPRING 1999,7.0,False,531.0499877929688,110.71598052978516,#231F20,False,sentence,11,False,Futura-Book,0.0
test8.pdf,0,"VOL. 3,  NO. 4",7.0,False,526.320068359375,119.90555572509766,#231F20,False,mixed,14,False,Futura-Book,0.25
test8.pdf,0,U.S. Consumer,13.0,False,72.69000244140625,215.2040252685547,#FFFFFF,False,capitalized,13,False,Futura-Heavy,0.3333333333333333
test8.pdf,0,Product Safety,13.0,False,73.61040496826172,229.20372009277344,#FFFFFF,False,capitalized,14,False,Futura-Heavy,0.0
test8.pdf,0,Commission,13.0,False,80.41980743408203,243.2034149169922,#FFFFFF,False,capitalized,10,False,Futura-Heavy,0.0
test8.pdf,0,"Ann Brown, Chairman",8.0,False,76.11000061035156,271.364013671875,#FFFFFF,False,capitalized,19,False,Futura,0.0
test8.pdf,0,"Mary Sheila Gall, Commissioner",8.0,False,59.33000183105469,283.364013671875,#FFFFFF,False,capitalized,30,False,Futura,0.0
test8.pdf,0,"Thomas H. Moore, Commissioner",8.0,False,57.900001525878906,295.364013671875,#FFFFFF,False,capitalized,29,False,Futura,0.0
test8.pdf,0,I N  T H I S  I S S U E,11.0,True,53.0,485.76800537109375,#231F20,False,all_caps,23,False,Futura-ExtraBold,0.6363636363636364
test8.pdf,0,Fireworks.........................1,10.0,False,53.0,510.60003662109375,#231F20,False,sentence,35,False,Futura-Book,0.0
test8.pdf,0,Child Care Settings...........3,10.0,False,52.999996185302734,529.6000366210938,#231F20,False,mixed,31,False,Futura-Book,0.0
test8.pdf,0,ECOSA Conference...........3,10.0,False,52.99999237060547,548.6000366210938,#231F20,False,mixed,28,False,Futura-Book,0.0
test8.pdf,0,CPSC Report Form............7,10.0,False,52.99999237060547,567.6000366210938,#231F20,False,mixed,29,False,Futura-Book,0.0
test8.pdf,0,MECAP News..................8,10.0,False,52.99999237060547,586.6000366210938,#231F20,False,mixed,29,False,Futura-Book,0.0
test8.pdf,0,CPSC Recalls.................10,10.0,False,52.99999237060547,605.6000366210938,#231F20,False,mixed,31,False,Futura-Book,0.0
test8.pdf,0,NHTSA Recalls...............11,10.0,False,52.99999237060547,624.6000366210938,#231F20,False,mixed,30,False,Futura-Book,0.0
test8.pdf,0,Includes,9.0,False,53.72999954223633,693.4819946289062,#FFFFFF,False,capitalized,8,False,Futura-Light,0.0
test8.pdf,0,recalls from,9.0,False,53.72999954223633,705.4817504882812,#FFFFFF,False,mixed,12,False,Futura-Light,0.5
test8.pdf,0,the National,9.0,False,53.72999954223633,717.4814453125,#FFFFFF,False,mixed,12,False,Futura-Light,0.5
test8.pdf,0,Highway Traffic,9.0,False,53.730003356933594,729.4811401367188,#FFFFFF,False,capitalized,15,False,Futura-Heavy,0.0
test8.pdf,0,Safety Administration,9.0,False,53.730003356933594,741.4808349609375,#FFFFFF,False,capitalized,21,False,Futura-Heavy,0.0
test8.pdf,1,2,9.0,False,43.0,776.2218627929688,#231F20,True,mixed,1,True,NewBaskerville-Italic,0.0
test8.pdf,1,The type of firework involved in injuries in 1998 also,10.5,False,57.0,78.240478515625,#231F20,False,sentence,54,True,NewBaskerville-Roman,0.4
test8.pdf,1,was similar to 1997.  Firecrackers were the leading cause,10.5,False,43.00035095214844,91.24053955078125,#231F20,False,mixed,57,True,NewBaskerville-Roman,0.4444444444444444
test8.pdf,1,"of injury, followed by rockets and sparklers.  About 15%",10.5,False,43.00035095214844,104.2406005859375,#231F20,False,mixed,56,True,NewBaskerville-Roman,0.4444444444444444
test8.pdf,1,of the injuries were related to illegal fireworks.,10.5,False,43.00035095214844,117.24066162109375,#231F20,False,mixed,50,True,NewBaskerville-Roman,0.5
test8.pdf,1,Fireworks Regulations,12.0,False,43.0,144.1759796142578,#00879C,False,capitalized,21,False,Futura-Heavy,0.0
test8.pdf,1,CPSC enforces a number of fireworks regulations.,10.5,False,43.0,162.240478515625,#231F20,False,sentence,48,True,NewBaskerville-Roman,0.2857142857142857
test8.pdf,1,"These include fuse burn time limits, a 50-milligram pow-",10.5,False,43.0,175.24053955078125,#231F20,False,sentence,56,True,NewBaskerville-Roman,0.2
test8.pdf,1,"der limit on firecrackers, requirements to prevent",10.5,False,43.0,188.2406005859375,#231F20,False,mixed,50,True,NewBaskerville-Roman,0.2857142857142857
test8.pdf,1,"tipover and blowout of devices, and requirements for",10.5,False,43.0,201.24066162109375,#231F20,False,mixed,52,True,NewBaskerville-Roman,0.5
test8.pdf,1,specific cautionary labeling.  Other regulations affect,10.5,False,43.0,214.24072265625,#231F20,False,mixed,55,True,NewBaskerville-Roman,0.16666666666666666
test8.pdf,1,certain reloadable tube aerial shell fireworks and stabili-,10.5,False,43.0,227.24078369140625,#231F20,False,mixed,59,True,NewBaskerville-Roman,0.125
test8.pdf,1,ty requirements for multiple tube devices.,10.5,False,43.0,240.2408447265625,#231F20,False,mixed,42,True,NewBaskerville-Roman,0.16666666666666666
test8.pdf,1,Millennium Celebration,12.0,False,43.0,267.17596435546875,#00879C,False,capitalized,22,False,Futura-Heavy,0.0
test8.pdf,1,"To highlight the importance of fireworks safety, CPSC",10.5,False,43.0,285.240478515625,#231F20,False,mixed,53,True,NewBaskerville-Roman,0.375
test8.pdf,1,has spearheaded a national public awareness campaign,10.5,False,43.0,298.24053955078125,#231F20,False,mixed,52,True,NewBaskerville-Roman,0.2857142857142857
test8.pdf,1,to promote fireworks safety during the millennium cele-,10.5,False,43.0,311.2406005859375,#231F20,False,mixed,55,True,NewBaskerville-Roman,0.375
test8.pdf,1,brations and is an official partner of the White House,10.5,False,43.0,324.24066162109375,#231F20,False,mixed,54,True,NewBaskerville-Roman,0.5
test8.pdf,1,Millennium Council.  CPSC is working cooperatively,10.5,False,43.0,337.24072265625,#231F20,False,mixed,50,True,NewBaskerville-Roman,0.16666666666666666
test8.pdf,1,"with a broad range of national, state, and local organiza-",10.5,False,43.0,350.24078369140625,#231F20,False,mixed,58,True,NewBaskerville-Roman,0.4
test8.pdf,1,tions to disseminate information about fireworks safety.,10.5,False,43.0,363.2408447265625,#231F20,False,mixed,56,True,NewBaskerville-Roman,0.2857142857142857
test8.pdf,1,(See Millennium Fireworks Tips.)  The campaign will run,10.5,False,43.0,376.24090576171875,#231F20,True,mixed,55,True,NewBaskerville-Roman,0.25
test8.pdf,1,"from July 4, 1999 through New Year’s Day 2001.",10.5,False,43.0,389.240966796875,#231F20,False,mixed,46,True,NewBaskerville-Roman,0.3
test8.pdf,1,"— Michael A. Greene, Ph.D, Directorate for Epidemiology and",11.5,False,43.0,416.48626708984375,#231F20,True,mixed,59,True,NewBaskerville-Italic,0.4444444444444444
test8.pdf,1,Health Sciences,10.5,False,56.999847412109375,431.24017333984375,#231F20,True,capitalized,15,True,NewBaskerville-Italic,0.0
test8.pdf,1,References:,12.0,False,43.0,484.1759948730469,#00879C,False,capitalized,11,False,Futura-Heavy,0.0
test8.pdf,1,11998 fireworks-related injuries: a study of fireworks-related in-,9.0,False,43.0,501.3718566894531,#231F20,False,mixed,66,True,NewBaskerville-Roman,0.3
test8.pdf,1,juries treated in hospital emergency rooms between June 23 and,9.0,False,43.00040054321289,512.3716430664062,#231F20,False,mixed,62,True,NewBaskerville-Roman,0.3
test8.pdf,1,"July 23, 1998.  Washington, DC: CPSC, 1999.",9.0,False,43.00040054321289,523.3713989257812,#231F20,False,mixed,43,True,NewBaskerville-Roman,0.0
test8.pdf,1,2CPSC.  National Electronic Injury Surveillance System (NEISS).,9.0,False,43.0,545.3718872070312,#231F20,False,mixed,63,True,NewBaskerville-Roman,0.0
test8.pdf,1,NEISS is a statistical sample of hospitals nationwide that have,9.0,False,43.00040054321289,556.3716430664062,#231F20,False,sentence,63,True,NewBaskerville-Roman,0.5
test8.pdf,1,"emergency departments.  Each day, NEISS hospitals report to",9.0,False,43.00040054321289,567.3714599609375,#231F20,False,mixed,59,True,NewBaskerville-Roman,0.25
test8.pdf,1,CPSC all emergency room-treated injuries associated with,9.0,False,43.00040054321289,578.3712768554688,#231F20,False,sentence,56,True,NewBaskerville-Roman,0.25
test8.pdf,1,consumer products and related activities.,9.0,False,43.00040054321289,589.3710327148438,#231F20,False,mixed,41,True,NewBaskerville-Roman,0.2
test8.pdf,1,Consumer Product Safety Review Spring 1999,10.0,False,43.0,40.43000030517578,#231F20,False,mixed,42,False,Futura-Heavy,0.0
test8.pdf,1,Millennium Fireworks Tips,12.0,False,327.5,90.68598175048828,#00879C,False,capitalized,25,False,Futura-Heavy,0.0
test8.pdf,1,"Fireworks can be dangerous, causing serious burn",10.5,False,327.5,108.75048828125,#231F20,False,sentence,48,True,NewBaskerville-Roman,0.2857142857142857
test8.pdf,1,and eye injuries. That’s why CPSC and its national,10.5,False,327.5,121.75054931640625,#231F20,False,mixed,50,True,NewBaskerville-Roman,0.6
test8.pdf,1,and state partners strongly recommend that you,10.5,False,327.5,134.7506103515625,#231F20,False,mixed,46,True,NewBaskerville-Roman,0.42857142857142855
test8.pdf,1,leave fireworks to the professionals.,10.5,False,327.5,147.75067138671875,#231F20,False,mixed,37,True,NewBaskerville-Roman,0.4
test8.pdf,1,But if fireworks are legal where you live and you de-,10.5,False,327.5,173.75079345703125,#231F20,False,sentence,53,True,NewBaskerville-Roman,0.6363636363636364
test8.pdf,1,"cide to set them off on your own, be sure to follow",10.5,False,327.5,186.7508544921875,#231F20,False,mixed,51,True,NewBaskerville-Roman,0.6666666666666666
test8.pdf,1,these important safety tips:,10.5,False,327.5,199.75091552734375,#231F20,False,mixed,28,True,NewBaskerville-Roman,0.25
test8.pdf,1,I Never allow children to play with or ignite fire-,10.5,False,327.5,225.75048828125,#FFFFFF,False,mixed,51,True,ZapfDingbats,0.4
test8.pdf,1,works.,10.5,False,339.4999084472656,238.75054931640625,#231F20,False,mixed,6,True,NewBaskerville-Roman,0.0
test8.pdf,1,I Read and follow all warnings and instructions.,10.5,False,327.5,264.75048828125,#FFFFFF,False,mixed,48,True,ZapfDingbats,0.5
test8.pdf,1,I Be sure other people are out of range before,10.5,False,327.5,290.75048828125,#FFFFFF,False,mixed,46,True,ZapfDingbats,0.7
test8.pdf,1,lighting fireworks.,10.5,False,339.4999084472656,303.75054931640625,#231F20,False,mixed,19,True,NewBaskerville-Roman,0.0
test8.pdf,1,"I Only light fireworks on a smooth, flat surface",10.5,False,327.5,329.7505187988281,#FFFFFF,False,mixed,48,True,ZapfDingbats,0.4444444444444444
test8.pdf,1,"away from the house, dry leaves, and flammable",10.5,False,339.5003356933594,342.7505798339844,#231F20,False,mixed,46,True,NewBaskerville-Roman,0.375
test8.pdf,1,materials.,10.5,False,339.5003356933594,355.7506408691406,#231F20,False,mixed,10,True,NewBaskerville-Roman,0.0
test8.pdf,1,I Never try to relight fireworks that have not fully,10.5,False,327.5,381.7505187988281,#FFFFFF,False,mixed,52,True,ZapfDingbats,0.5
test8.pdf,1,functioned.,10.5,False,339.4998474121094,394.7505798339844,#231F20,False,mixed,11,True,NewBaskerville-Roman,0.0
test8.pdf,1,I Keep a bucket of water handy in case of a mal-,10.5,False,327.5,420.7505187988281,#FFFFFF,False,mixed,48,True,ZapfDingbats,0.5
test8.pdf,1,function or fire.,10.5,False,339.4996032714844,433.7505798339844,#231F20,False,mixed,17,True,NewBaskerville-Roman,0.3333333333333333
test8.pdf,1,"For more information about fireworks safety, visit",10.5,False,327.4991455078125,459.75067138671875,#231F20,False,sentence,50,True,NewBaskerville-Roman,0.42857142857142855
test8.pdf,1,CPSC’s website at: www.cpsc.gov/cpscpub/pubs/,10.5,False,327.4991455078125,472.750732421875,#231F20,False,sentence,45,True,NewBaskerville-Roman,0.2222222222222222
test8.pdf,1,july4/4thjuly.html.,10.5,False,327.4991455078125,485.75079345703125,#231F20,False,mixed,19,True,NewBaskerville-Roman,0.0
test8.pdf,1,For More Information,12.0,False,328.0,548.18603515625,#00879C,False,capitalized,20,False,Futura-Heavy,0.6666666666666666
test8.pdf,1,"For a complete copy of the report, 1998 Fireworks-",10.5,False,328.0,566.25048828125,#231F20,True,mixed,50,True,NewBaskerville-Roman,0.4444444444444444
test8.pdf,1,"Related Injuries, please contact:",10.5,False,328.0,579.2505493164062,#231F20,True,mixed,33,True,NewBaskerville-Italic,0.0
test8.pdf,1,Office of the Secretary,10.5,False,328.0,605.2506713867188,#231F20,False,mixed,23,True,NewBaskerville-Roman,0.5
test8.pdf,1,U.S. Consumer Product Safety Commission,10.5,False,328.0,618.2506713867188,#231F20,False,capitalized,39,True,NewBaskerville-Roman,0.16666666666666666
test8.pdf,1,"Washington, DC 20207",10.5,False,328.0,631.250732421875,#231F20,False,mixed,20,True,NewBaskerville-Roman,0.0
test8.pdf,1,301-504-0800,10.5,False,328.0,657.2508544921875,#231F20,False,mixed,12,True,NewBaskerville-Roman,0.0
test8.pdf,1,or visit CPSC’s website at www.cpsc.gov.,10.5,False,328.0,670.2509155273438,#231F20,False,mixed,40,True,NewBaskerville-Roman,0.3333333333333333
test8.pdf,2,Consumer Product Safety Review Spring 1999,10.0,False,364.94000244140625,40.53998565673828,#231F20,False,mixed,42,False,Futura-Heavy,0.0
test8.pdf,2,3,9.0,False,564.3200073242188,776.2218627929688,#231F20,True,mixed,1,True,NewBaskerville-Italic,0.0
test8.pdf,2,CPSC staff recently conducted a national study that,10.5,False,43.0,118.240478515625,#231F20,False,sentence,51,True,NewBaskerville-Roman,0.25
test8.pdf,2,identified potential safety hazards at child care settings,10.5,False,43.0,131.24053955078125,#231F20,False,mixed,58,True,NewBaskerville-Roman,0.125
test8.pdf,2,across the country. The staff found at least one of the,10.5,False,43.0,144.2406005859375,#231F20,False,mixed,55,True,NewBaskerville-Roman,0.45454545454545453
test8.pdf,2,targeted safety hazards at two-thirds of the 220 licensed,10.5,False,43.0,157.24066162109375,#231F20,False,mixed,57,True,NewBaskerville-Roman,0.3
test8.pdf,2,child care settings visited.1,10.5,False,43.0,170.24072265625,#231F20,False,mixed,29,True,NewBaskerville-Roman,0.0
test8.pdf,2,CPSC staff looked at eight product areas with poten-,10.5,False,57.0,183.240478515625,#231F20,False,sentence,52,True,NewBaskerville-Roman,0.2222222222222222
test8.pdf,2,"tial safety hazards. These included: cribs, soft bedding,",10.5,False,43.00035095214844,196.24053955078125,#231F20,False,mixed,57,True,NewBaskerville-Roman,0.125
test8.pdf,2,"playground surfacing, playground surfacing mainte-",10.5,False,43.00035095214844,209.2406005859375,#231F20,False,mixed,50,True,NewBaskerville-Roman,0.0
test8.pdf,2,"nance, child safety gates, window blind cords, draw-",10.5,False,43.00035095214844,222.24066162109375,#231F20,False,mixed,52,True,NewBaskerville-Roman,0.0
test8.pdf,2,"strings in children’s clothing, and recalled children’s",10.5,False,43.00035095214844,235.24072265625,#231F20,False,mixed,55,True,NewBaskerville-Roman,0.4444444444444444
test8.pdf,2,products.,10.5,False,43.00035095214844,248.24078369140625,#231F20,False,mixed,9,True,NewBaskerville-Roman,0.0
test8.pdf,2,These potential hazard areas were chosen because,10.5,False,57.0,261.2408447265625,#231F20,False,sentence,48,True,NewBaskerville-Roman,0.42857142857142855
test8.pdf,2,they are a source of injury to children in and around,10.5,False,43.00035095214844,274.24090576171875,#231F20,False,mixed,53,True,NewBaskerville-Roman,0.6363636363636364
test8.pdf,2,their homes and could be equally hazardous in child,10.5,False,43.00035095214844,287.240966796875,#231F20,False,mixed,51,True,NewBaskerville-Roman,0.4444444444444444
test8.pdf,2,care settings.,10.5,False,43.00035095214844,300.24102783203125,#231F20,False,mixed,14,True,NewBaskerville-Roman,0.0
test8.pdf,2,Some of the targeted hazards were more obvious,10.5,False,57.0,313.2410888671875,#231F20,False,sentence,46,True,NewBaskerville-Roman,0.625
test8.pdf,2,"ones, like problems with used cribs or playground sur-",10.5,False,43.00035095214844,326.24114990234375,#231F20,False,mixed,54,True,NewBaskerville-Roman,0.2222222222222222
test8.pdf,2,"facing. For example, more babies (about 40 to 50 each",10.5,False,43.00035095214844,339.2412109375,#231F20,False,mixed,53,True,NewBaskerville-Roman,0.5
test8.pdf,2,year) die in incidents involving cribs than any other,10.5,False,43.00035095214844,352.24127197265625,#231F20,False,mixed,53,True,NewBaskerville-Roman,0.4444444444444444
test8.pdf,2,"piece of nursery equipment. Since 1990, at least nine",10.5,False,43.00035095214844,365.2413330078125,#231F20,False,mixed,53,True,NewBaskerville-Roman,0.2222222222222222
test8.pdf,2,children have died in crib-related incidents in child care,10.5,False,43.00035095214844,378.24139404296875,#231F20,False,mixed,58,True,NewBaskerville-Roman,0.3
test8.pdf,2,settings.2,10.5,False,43.00035095214844,391.241455078125,#231F20,False,mixed,10,True,NewBaskerville-Roman,0.0
test8.pdf,2,"For young children, playground-related injuries ac-",10.5,False,57.0,404.2405090332031,#231F20,False,sentence,51,True,NewBaskerville-Roman,0.14285714285714285
test8.pdf,2,count for more visits to U.S. hospital emergency rooms,10.5,False,43.00035095214844,417.2405700683594,#231F20,False,mixed,54,True,NewBaskerville-Roman,0.4
test8.pdf,2,"than any other child care-related injury. For example, in",10.5,False,43.00035095214844,430.2406311035156,#231F20,False,mixed,57,True,NewBaskerville-Roman,0.5
test8.pdf,2,"1997, about 60,000 children under 5 were treated in",10.5,False,43.00035095214844,443.2406921386719,#231F20,False,mixed,51,True,NewBaskerville-Roman,0.4
test8.pdf,2,hospital emergency rooms for all playground-related in-,10.5,False,43.00035095214844,456.2407531738281,#231F20,False,mixed,55,True,NewBaskerville-Roman,0.375
test8.pdf,2,"juries. About 8,000 of these injuries occurred in child",10.5,False,43.00035095214844,469.2408142089844,#231F20,False,mixed,55,True,NewBaskerville-Roman,0.4
test8.pdf,2,care/school settings.3,10.5,False,43.00035095214844,482.2408752441406,#231F20,False,mixed,22,True,NewBaskerville-Roman,0.0
test8.pdf,2,"Other potential hazards, like soft bedding or window",10.5,False,330.0,118.240478515625,#231F20,False,sentence,52,True,NewBaskerville-Roman,0.25
test8.pdf,2,"blind cords, were selected because caregivers might not",10.5,False,316.0003356933594,131.24053955078125,#231F20,False,mixed,55,True,NewBaskerville-Roman,0.375
test8.pdf,2,be aware of potential dangers. CPSC recently issued new,10.5,False,316.0003356933594,144.2406005859375,#231F20,False,mixed,55,True,NewBaskerville-Roman,0.2222222222222222
test8.pdf,2,"guidelines on soft bedding in cribs, urging that all soft",10.5,False,316.0003356933594,157.24066162109375,#231F20,False,mixed,57,True,NewBaskerville-Roman,0.4
test8.pdf,2,bedding be removed from cribs when babies are put,10.5,False,316.0003356933594,170.24072265625,#231F20,False,mixed,49,True,NewBaskerville-Roman,0.4444444444444444
test8.pdf,2,"down to sleep. (See Soft Bedding, page 5.)",10.5,False,316.0003356933594,183.24078369140625,#231F20,True,mixed,42,True,NewBaskerville-Roman,0.25
test8.pdf,2,About one child a month strangles in window cover-,10.5,False,330.00103759765625,196.2408447265625,#231F20,False,sentence,50,True,NewBaskerville-Roman,0.3333333333333333
test8.pdf,2,ing cords. These deaths have occurred both at home,10.5,False,316.0013732910156,209.24090576171875,#231F20,False,mixed,50,True,NewBaskerville-Roman,0.4444444444444444
test8.pdf,2,and in child care settings.,10.5,False,316.0013732910156,222.240966796875,#231F20,False,mixed,27,True,NewBaskerville-Roman,0.4
test8.pdf,2,Background Data,12.0,False,316.0,249.1759796142578,#00879C,False,capitalized,15,False,Futura-Heavy,0.0
test8.pdf,2,CPSC has reports of at least 56 children who have died,10.5,False,316.0,267.240478515625,#231F20,False,sentence,54,True,NewBaskerville-Roman,0.45454545454545453
test8.pdf,2,in child care settings since 1990. At least 28 of these chil-,10.5,False,316.0,280.24053955078125,#231F20,False,mixed,61,True,NewBaskerville-Roman,0.3333333333333333
test8.pdf,2,dren died from suffocation and/or asphyxia related to,10.5,False,316.0,293.2406005859375,#231F20,False,mixed,53,True,NewBaskerville-Roman,0.4444444444444444
test8.pdf,2,nursery equipment or soft bedding.,10.5,False,316.0,306.24066162109375,#231F20,False,mixed,34,True,NewBaskerville-Roman,0.2
test8.pdf,2,"About 31,000 children, 4 years old and younger, were",10.5,False,329.9996643066406,319.24072265625,#231F20,False,sentence,52,True,NewBaskerville-Roman,0.3
test8.pdf,2,treated in U.S. hospital emergency rooms for injuries at,10.5,False,316.0,332.24078369140625,#231F20,False,mixed,56,True,NewBaskerville-Roman,0.4
test8.pdf,2,child care/school settings in 1997. The playground-re-,10.5,False,316.0,345.2408447265625,#231F20,False,mixed,54,True,NewBaskerville-Roman,0.3333333333333333
test8.pdf,2,"lated injuries (8,000 in 1997) were the largest single",10.5,False,316.0,358.24090576171875,#231F20,False,mixed,54,True,NewBaskerville-Roman,0.3
test8.pdf,2,cause.,10.5,False,316.0,371.240966796875,#231F20,False,mixed,6,True,NewBaskerville-Roman,0.0
test8.pdf,2,There are 21 million children under age 6 in this,10.5,False,329.9996643066406,384.24102783203125,#231F20,False,sentence,49,True,NewBaskerville-Roman,0.5
test8.pdf,2,country; almost 13 million of them are placed in non-,10.5,False,316.0,397.2410888671875,#231F20,False,mixed,53,True,NewBaskerville-Roman,0.4
test8.pdf,2,parental child care during some portion of the day.,10.5,False,316.0,410.24114990234375,#231F20,False,mixed,51,True,NewBaskerville-Roman,0.4444444444444444
test8.pdf,2,"About 29% of these children are in center-based care,",10.5,False,316.0,423.2412109375,#231F20,False,sentence,53,True,NewBaskerville-Roman,0.5
test8.pdf,2,"including child care centers, Head Start programs, and",10.5,False,316.0,436.24127197265625,#231F20,False,mixed,54,True,NewBaskerville-Roman,0.125
test8.pdf,2,nursery schools. The other 71% of these children are in,10.5,False,316.0,449.2413330078125,#231F20,False,mixed,55,True,NewBaskerville-Roman,0.6
test8.pdf,2,"non-center-based care, including family child care, in-",10.5,False,316.0,462.24139404296875,#231F20,False,mixed,55,True,NewBaskerville-Roman,0.1111111111111111
test8.pdf,2,"home care, and care by a relative.",10.5,False,316.0,475.241455078125,#231F20,False,mixed,34,True,NewBaskerville-Roman,0.42857142857142855
test8.pdf,2,ECOSA Conference,22.0,False,43.0,543.3460083007812,#00879C,False,mixed,16,False,Futura-Heavy,0.0
test8.pdf,2,"For the first time, CPSC will co-sponsor the",10.5,False,43.0,579.7305297851562,#231F20,False,mixed,44,True,NewBaskerville-Roman,0.4444444444444444
test8.pdf,2,International Conference on Product Safety Research,10.5,False,43.0,592.7305297851562,#231F20,False,mixed,51,True,NewBaskerville-Roman,0.16666666666666666
test8.pdf,2,with the European Consumer Safety Association,10.5,False,43.0,605.7305908203125,#231F20,False,mixed,45,True,NewBaskerville-Roman,0.3333333333333333
test8.pdf,2,(ECOSA). This seventh annual international conference,10.5,False,43.0,618.7306518554688,#231F20,False,mixed,53,True,NewBaskerville-Roman,0.16666666666666666
test8.pdf,2,"will be held on September 30 and October 1, 1999 near",10.5,False,43.0,631.7306518554688,#231F20,False,mixed,53,True,NewBaskerville-Roman,0.36363636363636365
test8.pdf,2,"Washington, DC in Bethesda, MD.",10.5,False,43.0,644.730712890625,#231F20,False,mixed,31,True,NewBaskerville-Roman,0.2
test8.pdf,2,The 1999 conference will focus on such topics as new,10.5,False,56.99964904785156,657.7307739257812,#231F20,False,sentence,52,True,NewBaskerville-Roman,0.5
test8.pdf,2,consumer product safety issues; benefits of protective,10.5,False,43.0,670.7308349609375,#231F20,False,mixed,54,True,NewBaskerville-Roman,0.14285714285714285
test8.pdf,2,safety equipment; fire hazards and effective intervention,10.5,False,43.0,683.7308959960938,#231F20,False,mixed,57,True,NewBaskerville-Roman,0.14285714285714285
test8.pdf,2,strategies; children’s hazards; and costs and benefits of,10.5,False,43.0,696.7308959960938,#231F20,False,mixed,57,True,NewBaskerville-Roman,0.4444444444444444
test8.pdf,2,product safety improvements.,10.5,False,43.0,709.73095703125,#231F20,False,mixed,28,True,NewBaskerville-Roman,0.0
test8.pdf,2,The conference is especially designed for those from,10.5,False,56.99964904785156,722.7310180664062,#231F20,False,sentence,52,True,NewBaskerville-Roman,0.625
test8.pdf,2,consumer safety agencies and injury control organiza-,10.5,False,43.0,735.7310791015625,#231F20,False,mixed,53,True,NewBaskerville-Roman,0.14285714285714285
test8.pdf,2,"tions, consumer groups, national and international stan-",10.5,False,43.0,748.7311401367188,#231F20,False,mixed,56,True,NewBaskerville-Roman,0.14285714285714285
test8.pdf,2,"dardization bodies, testing laboratories, consumer prod-",10.5,False,316.0,580.2407836914062,#231F20,False,mixed,56,True,NewBaskerville-Roman,0.0
test8.pdf,2,"uct manufacturers and designers, the research commu-",10.5,False,316.0,593.2408447265625,#231F20,False,mixed,52,True,NewBaskerville-Roman,0.2857142857142857
test8.pdf,2,"nity, and trade associations.",10.5,False,316.0,606.2409057617188,#231F20,False,mixed,29,True,NewBaskerville-Roman,0.25
test8.pdf,2,"Last year, the ECOSA-sponsored conference was held",10.5,False,329.9996643066406,619.2409057617188,#231F20,False,mixed,50,True,NewBaskerville-Roman,0.25
test8.pdf,2,in Amsterdam. ECOSA is a non-profit organization con-,10.5,False,316.0,632.240966796875,#231F20,False,mixed,53,True,NewBaskerville-Roman,0.3333333333333333
test8.pdf,2,cerned with the safe design of consumer products.,10.5,False,316.0,645.2410278320312,#231F20,False,mixed,49,True,NewBaskerville-Roman,0.375
test8.pdf,2,"For more information about the 1999 conference,",10.5,False,329.9996643066406,658.2410888671875,#231F20,False,sentence,47,True,NewBaskerville-Roman,0.5714285714285714
test8.pdf,2,"visit www.ecosa.org and click on “news.”  Or, contact:",10.5,False,316.0,671.2411499023438,#231F20,False,mixed,54,True,NewBaskerville-Roman,0.3
test8.pdf,2,"ECOSA Secretariat, P.O. 75169, NL-1070 AD",10.5,False,316.0,684.2411499023438,#231F20,False,mixed,41,True,NewBaskerville-Roman,0.125
test8.pdf,2,"Amsterdam, The Netherlands (e-mail: R.Molenaar@con-",10.5,False,316.0,697.2412109375,#231F20,False,mixed,51,True,NewBaskerville-Roman,0.125
test8.pdf,2,safe.nl or S.Geldhof@consafe.nl at ECOSA or akirshn-,10.5,False,316.0,710.2412719726562,#231F20,False,mixed,52,True,NewBaskerville-Roman,0.36363636363636365
test8.pdf,2,er@cpsc.gov at CPSC).,10.5,False,316.0,723.2413330078125,#231F20,False,mixed,21,True,NewBaskerville-Roman,0.2
test8.pdf,2,Continued on page 4,10.5,False,483.79998779296875,495.7705078125,#00879C,True,sentence,19,True,NewBaskerville-Italic,0.25
test8.pdf,2,Safety at Child Care Settings,22.0,False,43.0,79.34602355957031,#00879C,False,mixed,29,False,Futura-Heavy,0.2
test8.pdf,3,Consumer Product Safety Review Spring 1999,10.0,False,43.0,40.21997833251953,#231F20,False,mixed,42,False,Futura-Heavy,0.0
test8.pdf,3,4,9.0,False,43.0,776.2218627929688,#231F20,True,mixed,1,True,NewBaskerville-Italic,0.0
test8.pdf,3,"There are about 99,000 licensed child care centers in",10.5,False,57.0,78.240478515625,#231F20,False,sentence,53,True,NewBaskerville-Roman,0.4
test8.pdf,3,"the U.S. In addition, there are about 283,000 regulated",10.5,False,43.00035095214844,91.24053955078125,#231F20,False,mixed,55,True,NewBaskerville-Roman,0.5454545454545454
test8.pdf,3,or licensed family child care providers. In CPSC’s staff,10.5,False,43.00035095214844,104.2406005859375,#231F20,False,mixed,56,True,NewBaskerville-Roman,0.3
test8.pdf,3,"review of state licensing requirements for child care,",10.5,False,43.00035095214844,117.24066162109375,#231F20,False,mixed,54,True,NewBaskerville-Roman,0.25
test8.pdf,3,"however, most of the hazards included in this child care",10.5,False,43.00035095214844,130.24072265625,#231F20,False,mixed,56,True,NewBaskerville-Roman,0.5
test8.pdf,3,study were not addressed.,10.5,False,43.00035095214844,143.24078369140625,#231F20,False,mixed,25,True,NewBaskerville-Roman,0.5
test8.pdf,3,"For example, although cribs are covered by both fed-",10.5,False,57.0,156.2408447265625,#231F20,False,sentence,52,True,NewBaskerville-Roman,0.4444444444444444
test8.pdf,3,"eral regulations and voluntary safety standards, many",10.5,False,43.00035095214844,169.24090576171875,#231F20,False,mixed,53,True,NewBaskerville-Roman,0.14285714285714285
test8.pdf,3,states did not require child care centers to use cribs that,10.5,False,43.00035095214844,182.240966796875,#231F20,False,mixed,59,True,NewBaskerville-Roman,0.36363636363636365
test8.pdf,3,met all of these standards. Although virtually all child,10.5,False,43.00035095214844,195.24102783203125,#231F20,False,mixed,56,True,NewBaskerville-Roman,0.4444444444444444
test8.pdf,3,"care settings use nursery equipment, like high chairs",10.5,False,43.00035095214844,208.2410888671875,#231F20,False,mixed,53,True,NewBaskerville-Roman,0.0
test8.pdf,3,"and strollers, none of the states reviewed had require-",10.5,False,43.00035095214844,221.24114990234375,#231F20,False,mixed,55,True,NewBaskerville-Roman,0.4444444444444444
test8.pdf,3,ments for addressing recalled nursery equipment.,10.5,False,43.00035095214844,234.2412109375,#231F20,False,mixed,48,True,NewBaskerville-Roman,0.16666666666666666
test8.pdf,3,Description of Study,12.0,False,43.0,261.17596435546875,#00879C,False,mixed,20,False,Futura-Heavy,0.3333333333333333
test8.pdf,3,"To conduct the study, CPSC staff visited four different",10.5,False,43.0,279.240478515625,#231F20,False,mixed,55,True,NewBaskerville-Roman,0.2222222222222222
test8.pdf,3,types of child care settings. These included: 23,10.5,False,43.0,292.24053955078125,#231F20,False,mixed,48,True,NewBaskerville-Roman,0.25
test8.pdf,3,Government Services Administration (GSA)-managed,10.5,False,43.0,305.2406005859375,#231F20,False,mixed,48,True,NewBaskerville-Roman,0.0
test8.pdf,3,child care centers  (sponsored by Cabinet-level and inde-,10.5,False,43.0,318.24066162109375,#231F20,False,mixed,57,True,NewBaskerville-Roman,0.2222222222222222
test8.pdf,3,pendent federal government agencies); 77 non-profit,10.5,False,43.0,331.24072265625,#231F20,False,mixed,51,True,NewBaskerville-Roman,0.0
test8.pdf,3,centers; 68 in-home settings; and 52 for-profit centers.,10.5,False,43.0,344.24078369140625,#231F20,False,mixed,56,True,NewBaskerville-Roman,0.3
test8.pdf,3,These child care settings were spread across the,10.5,False,56.99964904785156,357.2408447265625,#231F20,False,sentence,48,True,NewBaskerville-Roman,0.375
test8.pdf,3,country. These included 73 child care settings in the,10.5,False,43.0,370.24090576171875,#231F20,False,mixed,53,True,NewBaskerville-Roman,0.3333333333333333
test8.pdf,3,"east, 76 in the west, and 71 in the central part of the",10.5,False,43.0,383.240966796875,#231F20,False,mixed,55,True,NewBaskerville-Roman,0.5384615384615384
test8.pdf,3,"country. Within each region, about 10% of the child",10.5,False,43.0,396.24102783203125,#231F20,False,mixed,51,True,NewBaskerville-Roman,0.4444444444444444
test8.pdf,3,care settings were GSA-sponsored; 40% were non-profit;,10.5,False,43.0,409.2410888671875,#231F20,False,mixed,54,True,NewBaskerville-Roman,0.2222222222222222
test8.pdf,3,30% were in-home; and 20% were for-profit.,10.5,False,43.0,422.24114990234375,#231F20,False,mixed,42,True,NewBaskerville-Roman,0.5555555555555556
test8.pdf,3,"Where possible, participating child care settings were",10.5,False,56.99964904785156,435.2412109375,#231F20,False,sentence,54,True,NewBaskerville-Roman,0.2857142857142857
test8.pdf,3,selected randomly from regional or national lists of li-,10.5,False,43.0,448.24127197265625,#231F20,False,mixed,56,True,NewBaskerville-Roman,0.3333333333333333
test8.pdf,3,censed child care providers. When such lists were not,10.5,False,43.0,461.2413330078125,#231F20,False,mixed,53,True,NewBaskerville-Roman,0.4444444444444444
test8.pdf,3,"available, selections were made from a variety of other",10.5,False,43.0,474.24139404296875,#231F20,False,mixed,55,True,NewBaskerville-Roman,0.5555555555555556
test8.pdf,3,"sources, including Internet sites and local yellow pages.",10.5,False,43.0,487.241455078125,#231F20,False,mixed,57,True,NewBaskerville-Roman,0.125
test8.pdf,3,CPSC staff used a prepared checklist to observe con-,10.5,False,56.99964904785156,500.24151611328125,#231F20,False,sentence,52,True,NewBaskerville-Roman,0.2222222222222222
test8.pdf,3,ditions related to the eight product areas. Information,10.5,False,43.0,513.2415771484375,#231F20,False,mixed,55,True,NewBaskerville-Roman,0.25
test8.pdf,3,from the checklists was entered into a database for fur-,10.5,False,43.0,526.2416381835938,#231F20,False,mixed,56,True,NewBaskerville-Roman,0.6
test8.pdf,3,ther analysis.,10.5,False,43.0,539.24169921875,#231F20,False,mixed,14,True,NewBaskerville-Roman,0.0
test8.pdf,3,Results of the Study,12.0,False,316.0,79.18598175048828,#00879C,False,mixed,20,False,Futura-Heavy,0.5
test8.pdf,3,Many child care settings provide safe environments for,10.5,False,316.0,97.25048828125,#231F20,False,sentence,54,True,NewBaskerville-Roman,0.125
test8.pdf,3,young children. Yet CPSC staff found the following re-,10.5,False,316.0,110.25054931640625,#231F20,False,mixed,54,True,NewBaskerville-Roman,0.2222222222222222
test8.pdf,3,sults at the child care settings included in this study.,10.5,False,316.0,123.2506103515625,#231F20,False,mixed,56,True,NewBaskerville-Roman,0.4
test8.pdf,3,I 8% of the child care settings had cribs that did not,10.5,False,316.0,149.25048828125,#00879C,False,sentence,54,True,ZapfDingbats,0.5833333333333334
test8.pdf,3,meet current safety standards.,10.5,False,328.00042724609375,162.25054931640625,#231F20,False,mixed,30,True,NewBaskerville-Roman,0.0
test8.pdf,3,I 19% of the child care settings had cribs that contained,10.5,False,316.0,188.25048828125,#00879C,False,sentence,57,True,ZapfDingbats,0.45454545454545453
test8.pdf,3,soft bedding.,10.5,False,328.0000915527344,201.25054931640625,#231F20,False,mixed,13,True,NewBaskerville-Roman,0.0
test8.pdf,3,I 24% of the child care settings did not have safe play-,10.5,False,316.0,227.25048828125,#00879C,False,sentence,56,True,ZapfDingbats,0.5
test8.pdf,3,ground surfacing.,10.5,False,328.0002746582031,240.25054931640625,#231F20,False,mixed,17,True,NewBaskerville-Roman,0.0
test8.pdf,3,I 27% of the child care settings did not keep the play-,10.5,False,316.0,266.25048828125,#00879C,False,sentence,55,True,ZapfDingbats,0.5
test8.pdf,3,ground surfacing well-maintained.,10.5,False,328.0000305175781,279.25054931640625,#231F20,False,mixed,33,True,NewBaskerville-Roman,0.0
test8.pdf,3,I 13% of the child care settings did not use child safety,10.5,False,316.0,305.2505187988281,#00879C,False,sentence,57,True,ZapfDingbats,0.4166666666666667
test8.pdf,3,gates where necessary.,10.5,False,327.9999084472656,318.2505798339844,#231F20,False,mixed,22,True,NewBaskerville-Roman,0.3333333333333333
test8.pdf,3,I 26% of the child care settings had loops on the win-,10.5,False,316.0,344.2505187988281,#00879C,False,sentence,54,True,ZapfDingbats,0.5
test8.pdf,3,dow blind cords.,10.5,False,328.000244140625,357.2505798339844,#231F20,False,mixed,16,True,NewBaskerville-Roman,0.0
test8.pdf,3,I 38% of the child care settings had children wearing,10.5,False,316.0,383.2505187988281,#00879C,False,sentence,53,True,ZapfDingbats,0.4
test8.pdf,3,clothing with drawstrings at the neck.,10.5,False,328.0001525878906,396.2505798339844,#231F20,False,mixed,38,True,NewBaskerville-Roman,0.5
test8.pdf,3,I 5% of the child care settings had products that had,10.5,False,316.0,422.2505187988281,#00879C,False,sentence,53,True,ZapfDingbats,0.5454545454545454
test8.pdf,3,been recalled by CPSC.,10.5,False,328.0001525878906,435.2505798339844,#231F20,False,mixed,22,True,NewBaskerville-Roman,0.5
test8.pdf,3,Preventing Injuries,12.0,False,316.0,462.1860046386719,#00879C,False,capitalized,19,False,Futura-Heavy,0.0
test8.pdf,3,CPSC staff found that most (two-thirds) of the child care,10.5,False,316.0,480.2505187988281,#231F20,False,sentence,57,True,NewBaskerville-Roman,0.36363636363636365
test8.pdf,3,"settings in the study had at least one safety hazard,",10.5,False,316.0,493.2505798339844,#231F20,False,mixed,53,True,NewBaskerville-Roman,0.4
test8.pdf,3,putting children in these settings at risk of possible in-,10.5,False,316.0,506.25067138671875,#231F20,False,mixed,58,True,NewBaskerville-Roman,0.5
test8.pdf,3,jury or death. CPSC staff’s review of state licensing re-,10.5,False,316.0,519.2506713867188,#231F20,False,mixed,57,True,NewBaskerville-Roman,0.36363636363636365
test8.pdf,3,quirements indicated that most of the hazards included,10.5,False,316.0,532.2507934570312,#231F20,False,mixed,54,True,NewBaskerville-Roman,0.5
test8.pdf,3,in the study were not adequately addressed in these re-,10.5,False,316.0,545.2507934570312,#231F20,False,mixed,55,True,NewBaskerville-Roman,0.7
test8.pdf,3,quirements.,10.5,False,316.0,558.2508544921875,#231F20,False,mixed,11,True,NewBaskerville-Roman,0.0
test8.pdf,3,To help prevent deaths and injuries at child care set-,10.5,False,329.9996643066406,571.2509155273438,#231F20,False,sentence,54,True,NewBaskerville-Roman,0.3
test8.pdf,3,"tings, CPSC released a Child Care Safety Checklist for par-",10.5,False,316.0,584.2509765625,#231F20,True,mixed,59,True,NewBaskerville-Roman,0.2
test8.pdf,3,ents and child care providers. (See page 6.),10.5,False,316.0000305175781,597.2510375976562,#231F20,False,mixed,44,True,NewBaskerville-Roman,0.125
test8.pdf,3,This checklist is intended to help adults easily identi-,10.5,False,329.99969482421875,610.2510375976562,#231F20,False,sentence,56,True,NewBaskerville-Roman,0.3333333333333333
test8.pdf,3,fy potential safety hazards both at child care settings and,10.5,False,316.0000305175781,623.2510986328125,#231F20,False,mixed,59,True,NewBaskerville-Roman,0.3
test8.pdf,3,at home. CPSC staff is sending the checklist to national,10.5,False,316.0000305175781,636.2511596679688,#231F20,False,mixed,56,True,NewBaskerville-Roman,0.4
test8.pdf,3,"child care groups, state licensing authorities, and other",10.5,False,316.0000305175781,649.2511596679688,#231F20,False,mixed,57,True,NewBaskerville-Roman,0.25
test8.pdf,3,child care providers and organizations. Many of these,10.5,False,316.0000305175781,662.251220703125,#231F20,False,mixed,53,True,NewBaskerville-Roman,0.375
test8.pdf,3,groups are reprinting and distributing the checklist.,10.5,False,316.0000305175781,675.2512817382812,#231F20,False,mixed,53,True,NewBaskerville-Roman,0.42857142857142855
test8.pdf,3,"— Carol Cave, Directorate for Field Operations, and Debra",11.5,False,316.0,701.4962768554688,#231F20,True,mixed,57,True,NewBaskerville-Italic,0.25
test8.pdf,3,"Sweet, Directorate for Epidemiology and Health Sciences",10.5,False,329.9997863769531,716.2501831054688,#231F20,True,mixed,55,True,NewBaskerville-Italic,0.2857142857142857
test8.pdf,3,Child Care Safety: First Lady Speaks Out,12.0,False,55.0,587.1859741210938,#00879C,False,capitalized,40,False,Futura-Heavy,0.14285714285714285
test8.pdf,3,First Lady Hillary Rodham Clinton joined CPSC,10.5,False,55.0,608.25048828125,#231F20,False,mixed,45,True,NewBaskerville-Roman,0.0
test8.pdf,3,Chairman Ann Brown to kick off a national cam-,10.5,False,55.0,621.2505493164062,#231F20,False,mixed,46,True,NewBaskerville-Roman,0.3333333333333333
test8.pdf,3,paign to alert parents and caregivers to safety haz-,10.5,False,55.0,634.2506103515625,#231F20,False,mixed,52,True,NewBaskerville-Roman,0.3333333333333333
test8.pdf,3,"ards in child care settings. On April 12, 1999, at a",10.5,False,55.0,647.2506713867188,#231F20,False,mixed,52,True,NewBaskerville-Roman,0.36363636363636365
test8.pdf,3,"child care center in downtown Washington, DC, the",10.5,False,55.0,660.2506713867188,#231F20,False,mixed,49,True,NewBaskerville-Roman,0.25
test8.pdf,3,First Lady and Chairman Brown announced the re-,10.5,False,55.0,673.250732421875,#231F20,False,mixed,47,True,NewBaskerville-Roman,0.375
test8.pdf,3,sults of the CPSC staff’s study and the availability of,10.5,False,55.0,686.2507934570312,#231F20,False,mixed,55,True,NewBaskerville-Roman,0.5454545454545454
test8.pdf,3,the CPSC child care safety checklist.,10.5,False,55.0,699.2508544921875,#231F20,False,mixed,37,True,NewBaskerville-Roman,0.16666666666666666
test8.pdf,4,Consumer Product Safety Review Spring 1999,10.0,False,364.94000244140625,40.43000030517578,#231F20,False,mixed,42,False,Futura-Heavy,0.0
test8.pdf,4,5,9.0,False,580.3300170898438,776.2218627929688,#231F20,True,mixed,1,True,NewBaskerville-Italic,0.0
test8.pdf,4,Soft Bedding,22.0,False,56.0,91.34602355957031,#00879C,False,capitalized,12,False,Futura-Heavy,0.0
test8.pdf,4,"Dr. N.J. Scheers, Project Manager of the Infant",10.5,False,56.0,127.73052978515625,#231F20,False,mixed,47,True,NewBaskerville-Roman,0.2222222222222222
test8.pdf,4,"Suffocation Project, discusses the new recommenda-",10.5,False,56.0,140.7305908203125,#231F20,False,mixed,50,True,NewBaskerville-Roman,0.16666666666666666
test8.pdf,4,tions for soft bedding in cribs and the association of,10.5,False,56.0,153.73065185546875,#231F20,False,mixed,54,True,NewBaskerville-Roman,0.5
test8.pdf,4,soft bedding with sudden infant death syndrome,10.5,False,56.0,166.730712890625,#231F20,False,mixed,46,True,NewBaskerville-Roman,0.14285714285714285
test8.pdf,4,(SIDS).,10.5,False,56.0,179.73077392578125,#231F20,False,all_caps,7,True,NewBaskerville-Roman,0.0
test8.pdf,4,What’s new about how babies should be placed to sleep?,10.5,True,56.0,205.73089599609375,#231F20,True,sentence,54,True,NewBaskerville-BoldItalic,0.6363636363636364
test8.pdf,4,We’re recommending that when you put a baby down,10.5,False,56.0,231.73101806640625,#231F20,False,sentence,48,True,NewBaskerville-Roman,0.7
test8.pdf,4,"to sleep, be sure all soft bedding — like comforters,",10.5,False,56.0,244.7310791015625,#231F20,False,mixed,53,True,NewBaskerville-Roman,0.3333333333333333
test8.pdf,4,"quilts, pillows, sheepskins, and pillow-like toys — is re-",10.5,False,56.0,257.73114013671875,#231F20,False,mixed,58,True,NewBaskerville-Roman,0.3333333333333333
test8.pdf,4,moved from the crib.,10.5,False,56.0,270.731201171875,#231F20,False,mixed,20,True,NewBaskerville-Roman,0.5
test8.pdf,4,How is this new recommendation on soft bedding different,10.5,True,56.0,309.7313537597656,#231F20,True,sentence,56,True,NewBaskerville-BoldItalic,0.4444444444444444
test8.pdf,4,from the old one?,10.5,True,56.0,322.7314147949219,#231F20,True,mixed,17,True,NewBaskerville-BoldItalic,0.5
test8.pdf,4,"For years, we recommended that soft bedding not be",10.5,False,56.0,348.73150634765625,#231F20,False,sentence,50,True,NewBaskerville-Roman,0.5555555555555556
test8.pdf,4,"placed underneath babies. That’s because babies, in-",10.5,False,56.0,361.7315673828125,#231F20,False,mixed,52,True,NewBaskerville-Roman,0.5
test8.pdf,4,"cluding those correctly placed to sleep on their backs,",10.5,False,56.0,374.73162841796875,#231F20,False,mixed,55,True,NewBaskerville-Roman,0.4444444444444444
test8.pdf,4,"can roll over, and the bedding can become molded",10.5,False,56.0,387.731689453125,#231F20,False,mixed,48,True,NewBaskerville-Roman,0.5555555555555556
test8.pdf,4,"around the infant’s face, nose, and mouth. Based on",10.5,False,56.0,400.73175048828125,#231F20,False,mixed,51,True,NewBaskerville-Roman,0.4
test8.pdf,4,"further research, we’re now recommending, in addi-",10.5,False,56.0,413.7318115234375,#231F20,False,mixed,50,True,NewBaskerville-Roman,0.625
test8.pdf,4,"tion, that no comforters or heavy quilts be used to",10.5,False,56.0,426.73187255859375,#231F20,False,mixed,51,True,NewBaskerville-Roman,0.5
test8.pdf,4,cover the baby.,10.5,False,56.0,439.73193359375,#231F20,False,mixed,15,True,NewBaskerville-Roman,0.3333333333333333
test8.pdf,4,One critical recommendation that remains un-,10.5,False,69.99964904785156,452.73199462890625,#231F20,False,sentence,44,True,NewBaskerville-Roman,0.16666666666666666
test8.pdf,4,changed is that babies should be put down to sleep,10.5,False,56.0,465.7320556640625,#231F20,False,mixed,50,True,NewBaskerville-Roman,0.6
test8.pdf,4,"on their backs, on a firm, tight-fitting mattress, in a",10.5,False,56.0,478.73211669921875,#231F20,False,mixed,55,True,NewBaskerville-Roman,0.5454545454545454
test8.pdf,4,crib that meets all current safety standards.,10.5,False,56.0,491.732177734375,#231F20,False,mixed,45,True,NewBaskerville-Roman,0.2857142857142857
test8.pdf,4,What research findings led to this new recommendation on,10.5,True,56.0,530.7323608398438,#231F20,True,sentence,56,True,NewBaskerville-BoldItalic,0.4444444444444444
test8.pdf,4,soft bedding?,10.5,True,56.0,543.7323608398438,#231F20,True,mixed,13,True,NewBaskerville-BoldItalic,0.0
test8.pdf,4,Research found that babies are at increased risk for,10.5,False,56.0,569.7324829101562,#231F20,False,sentence,52,True,NewBaskerville-Roman,0.4444444444444444
test8.pdf,4,SIDS if they get their heads covered by soft bedding,10.5,False,56.0,582.7325439453125,#231F20,False,sentence,52,True,NewBaskerville-Roman,0.4
test8.pdf,4,while sleeping. The research showed that this can oc-,10.5,False,56.0,595.7326049804688,#231F20,False,mixed,53,True,NewBaskerville-Roman,0.5555555555555556
test8.pdf,4,cur even when they’re sleeping on their backs or,10.5,False,56.0,608.7326049804688,#231F20,False,mixed,48,True,NewBaskerville-Roman,0.6
test8.pdf,4,sides.,10.5,False,56.0,621.732666015625,#231F20,False,mixed,6,True,NewBaskerville-Roman,0.0
test8.pdf,4,How is soft bedding related to SIDS?,10.5,True,56.0,660.7328491210938,#231F20,True,mixed,36,True,NewBaskerville-BoldItalic,0.42857142857142855
test8.pdf,4,"Since the Back-to-Sleep campaign, deaths from SIDS",10.5,False,56.0,686.73291015625,#231F20,False,mixed,50,True,NewBaskerville-Roman,0.3333333333333333
test8.pdf,4,"have dropped dramatically, by over 2,000 a year.",10.5,False,56.0,699.7329711914062,#231F20,False,mixed,48,True,NewBaskerville-Roman,0.4444444444444444
test8.pdf,4,"However, about 3,000 babies still die of SIDS each",10.5,False,56.0,712.7330322265625,#231F20,False,mixed,50,True,NewBaskerville-Roman,0.3
test8.pdf,4,"year, and past studies suggest that some may have suf-",10.5,False,56.0,725.7330932617188,#231F20,False,mixed,54,True,NewBaskerville-Roman,0.4
test8.pdf,4,focated when placed to sleep on top of soft bedding.,10.5,False,56.0,738.733154296875,#231F20,False,mixed,52,True,NewBaskerville-Roman,0.4
test8.pdf,4,If comforters or quilts are not recommended to keep babies,10.5,True,315.99993896484375,127.60272216796875,#231F20,True,sentence,58,True,NewBaskerville-BoldItalic,0.5
test8.pdf,4,"warm, what can be used?",10.5,True,315.99993896484375,140.602783203125,#231F20,True,mixed,23,True,NewBaskerville-BoldItalic,0.6
test8.pdf,4,Consider putting the baby in a sleeper. If you must,10.5,False,315.99993896484375,166.6029052734375,#231F20,False,mixed,51,True,NewBaskerville-Roman,0.5
test8.pdf,4,"use a blanket, use a thin",10.5,False,446.00042724609375,179.60296630859375,#231F20,False,mixed,25,True,NewBaskerville-Roman,0.3333333333333333
test8.pdf,4,one. Place the baby with,10.5,False,446.00042724609375,192.60302734375,#231F20,False,mixed,24,True,NewBaskerville-Roman,0.4
test8.pdf,4,his or her feet at the foot,10.5,False,446.00042724609375,205.60308837890625,#231F20,False,mixed,27,True,NewBaskerville-Roman,0.7142857142857143
test8.pdf,4,of the crib. Then tuck,10.5,False,446.00042724609375,218.6031494140625,#231F20,False,mixed,22,True,NewBaskerville-Roman,0.6
test8.pdf,4,the blanket around the,10.5,False,446.00042724609375,231.60321044921875,#231F20,False,mixed,22,True,NewBaskerville-Roman,0.5
test8.pdf,4,"crib mattress, extending",10.5,False,446.00042724609375,244.603271484375,#231F20,False,mixed,24,True,NewBaskerville-Roman,0.0
test8.pdf,4,the blanket only as far as,10.5,False,446.00042724609375,257.60333251953125,#231F20,False,mixed,26,True,NewBaskerville-Roman,0.6666666666666666
test8.pdf,4,the baby’s chest. (See,10.5,False,446.00042724609375,270.6033935546875,#231F20,False,mixed,22,True,NewBaskerville-Roman,0.4
test8.pdf,4,picture at left.),10.5,False,446.00042724609375,283.60345458984375,#231F20,False,mixed,17,True,NewBaskerville-Roman,0.3333333333333333
test8.pdf,4,For what ages do these rec-,10.5,True,446.00042724609375,322.6036071777344,#231F20,True,sentence,27,True,NewBaskerville-BoldItalic,0.6666666666666666
test8.pdf,4,ommendations apply?,10.5,True,446.00042724609375,335.6036682128906,#231F20,True,mixed,19,True,NewBaskerville-BoldItalic,0.0
test8.pdf,4,We recommend that all,10.5,False,446.00042724609375,361.603759765625,#231F20,False,sentence,21,True,NewBaskerville-Roman,0.75
test8.pdf,4,soft bedding be removed,10.5,False,446.00042724609375,374.60382080078125,#231F20,False,mixed,23,True,NewBaskerville-Roman,0.25
test8.pdf,4,from cribs of children,10.5,False,446.00042724609375,387.6038818359375,#231F20,False,mixed,22,True,NewBaskerville-Roman,0.5
test8.pdf,4,under 12 months.,10.5,False,446.00042724609375,400.60394287109375,#231F20,False,mixed,16,True,NewBaskerville-Roman,0.3333333333333333
test8.pdf,4,Is it safe to put babies down to sleep in places other than,10.5,True,315.99993896484375,439.6040954589844,#231F20,True,sentence,59,True,NewBaskerville-BoldItalic,0.6153846153846154
test8.pdf,4,cribs?,10.5,True,315.99993896484375,452.6041564941406,#231F20,True,mixed,6,True,NewBaskerville-BoldItalic,0.0
test8.pdf,4,We recommend that babies not be placed to sleep on,10.5,False,315.99993896484375,478.604248046875,#231F20,False,sentence,50,True,NewBaskerville-Roman,0.6
test8.pdf,4,"soft surfaces like waterbeds, sofas, soft mattresses, and",10.5,False,315.99993896484375,491.60430908203125,#231F20,False,mixed,57,True,NewBaskerville-Roman,0.125
test8.pdf,4,pillows. There’s always the possibility of suffocation if,10.5,False,315.99993896484375,504.6043701171875,#231F20,False,mixed,57,True,NewBaskerville-Roman,0.5555555555555556
test8.pdf,4,the soft surface molds around the baby’s face.,10.5,False,315.99993896484375,517.6044311523438,#231F20,False,mixed,46,True,NewBaskerville-Roman,0.3333333333333333
test8.pdf,4,Do pediatricians agree with these new recommendations,10.5,True,315.99993896484375,556.6045532226562,#231F20,True,sentence,53,True,NewBaskerville-BoldItalic,0.42857142857142855
test8.pdf,4,on soft bedding?,10.5,True,315.99993896484375,569.6046142578125,#231F20,True,mixed,16,True,NewBaskerville-BoldItalic,0.3333333333333333
test8.pdf,4,"The American Academy of Pediatrics, along with the",10.5,False,315.99993896484375,595.604736328125,#231F20,False,mixed,50,True,NewBaskerville-Roman,0.5
test8.pdf,4,National Institute of Child Health and Human,10.5,False,315.99993896484375,608.6047973632812,#231F20,False,mixed,44,True,NewBaskerville-Roman,0.2857142857142857
test8.pdf,4,"Development, joined CPSC in issuing a recent safety",10.5,False,315.99993896484375,621.6047973632812,#231F20,False,mixed,51,True,NewBaskerville-Roman,0.25
test8.pdf,4,alert that warned against placing babies to sleep in an,10.5,False,315.99993896484375,634.6048583984375,#231F20,False,mixed,55,True,NewBaskerville-Roman,0.5
test8.pdf,4,environment with soft bedding.,10.5,False,315.99993896484375,647.6049194335938,#231F20,False,mixed,30,True,NewBaskerville-Roman,0.25
test8.pdf,5,6,9.0,False,43.0,776.2218627929688,#231F20,True,mixed,1,True,NewBaskerville-Italic,0.0
test8.pdf,5,Consumer Product Safety Review Spring 1999,10.0,False,43.0,40.21997833251953,#231F20,False,mixed,42,False,Futura-Heavy,0.0
test8.pdf,5,Here are some safety tips for parents and child care,10.5,False,56.0,392.2405090332031,#231F20,False,sentence,52,True,NewBaskerville-Roman,0.5
test8.pdf,5,providers to use at child care settings. For a complete,10.5,False,56.0,405.2405700683594,#231F20,False,mixed,55,True,NewBaskerville-Roman,0.4
test8.pdf,5,"version of the checklist (in English or Spanish), visit",10.5,False,56.0,418.2406311035156,#231F20,False,mixed,55,True,NewBaskerville-Roman,0.4444444444444444
test8.pdf,5,CPSC’s website at www.cpsc.gov or send a postcard to:,10.5,False,56.0,431.2406921386719,#231F20,False,sentence,53,True,NewBaskerville-Roman,0.4166666666666667
test8.pdf,5,Child Care Safety Checklist,10.5,False,56.0,457.24078369140625,#231F20,True,capitalized,27,True,NewBaskerville-Italic,0.0
test8.pdf,5,CPSC,10.5,False,56.0,470.2408447265625,#231F20,False,all_caps,4,True,NewBaskerville-Roman,0.0
test8.pdf,5,"Washington, DC 20207",10.5,False,56.0,483.24090576171875,#231F20,False,mixed,20,True,NewBaskerville-Roman,0.0
test8.pdf,5,l CRIBS,10.5,False,56.0,508.7605285644531,#00879C,False,mixed,7,True,Carta,0.0
test8.pdf,5,Make sure cribs meet current national safety stan-,10.5,False,56.0,522.2410278320312,#231F20,False,sentence,50,True,NewBaskerville-Roman,0.0
test8.pdf,5,dards and are in good condition. Look for a certifica-,10.5,False,56.0,535.2411499023438,#231F20,False,mixed,54,True,NewBaskerville-Roman,0.5
test8.pdf,5,tion safety seal. Older cribs may not meet current,10.5,False,56.0,548.2411499023438,#231F20,False,mixed,50,True,NewBaskerville-Roman,0.1111111111111111
test8.pdf,5,standards. Crib slats should be no more than 2 3/8”,10.5,False,56.0,561.2412109375,#231F20,False,mixed,51,True,NewBaskerville-Roman,0.45454545454545453
test8.pdf,5,"apart, and mattresses should fit snugly.",10.5,False,56.0,574.2412719726562,#231F20,False,mixed,40,True,NewBaskerville-Roman,0.3333333333333333
test8.pdf,5,l SOFT BEDDING,10.5,False,56.0,599.7608642578125,#00879C,False,mixed,14,True,Carta,0.0
test8.pdf,5,"Be sure that no pillows, soft bedding, or comforters",10.5,False,56.0,613.2413940429688,#231F20,False,sentence,52,True,NewBaskerville-Roman,0.4444444444444444
test8.pdf,5,are used when you put babies to sleep. Babies should,10.5,False,56.0,626.241455078125,#231F20,False,mixed,52,True,NewBaskerville-Roman,0.5
test8.pdf,5,"be put to sleep on their backs in a crib with a firm,",10.5,False,56.0,639.2415161132812,#231F20,False,mixed,53,True,NewBaskerville-Roman,0.6153846153846154
test8.pdf,5,flat mattress.,10.5,False,56.0,652.2415771484375,#231F20,False,mixed,14,True,NewBaskerville-Roman,0.0
test8.pdf,5,l PLAYGROUND SURFACING,10.5,False,56.0,677.7611083984375,#00879C,False,mixed,22,True,Carta,0.0
test8.pdf,5,Look for safe surfacing on outdoor playgrounds — at,10.5,False,56.0,691.24169921875,#231F20,False,sentence,51,True,NewBaskerville-Roman,0.375
test8.pdf,5,"least 12 inches of wood chips, mulch, sand or pea",10.5,False,56.0,704.2417602539062,#231F20,False,mixed,49,True,NewBaskerville-Roman,0.2
test8.pdf,5,"gravel, or mats made of safety-tested rubber or rub-",10.5,False,56.0,717.2418212890625,#231F20,False,mixed,52,True,NewBaskerville-Roman,0.3
test8.pdf,5,ber-like materials.,10.5,False,56.0,730.2418823242188,#231F20,False,mixed,19,True,NewBaskerville-Roman,0.0
test8.pdf,5,References:,12.0,False,316.0,79.18598175048828,#00879C,False,capitalized,11,False,Futura-Heavy,0.0
test8.pdf,5,1CPSC staff study of safety hazards in child care settings.,9.0,False,316.0,96.38185119628906,#231F20,False,mixed,59,True,NewBaskerville-Roman,0.2
test8.pdf,5,"Washington, DC: CPSC, April 1999.",9.0,False,315.9997863769531,107.38166809082031,#231F20,False,mixed,33,True,NewBaskerville-Roman,0.0
test8.pdf,5,2CPSC. Medical Examiners and Coroners Alert Project (MECAP).,9.0,False,316.0,123.38185119628906,#231F20,False,mixed,60,True,NewBaskerville-Roman,0.125
test8.pdf,5,"MECAP is a national voluntary reporting system for 2,500 coro-",9.0,False,316.0003967285156,134.3816680908203,#231F20,False,sentence,62,True,NewBaskerville-Roman,0.2727272727272727
test8.pdf,5,ners and medical examiners nationwide to report consumer prod-,9.0,False,316.0003967285156,145.38148498535156,#231F20,False,mixed,62,True,NewBaskerville-Roman,0.2222222222222222
test8.pdf,5,uct-related deaths to CPSC. CPSC also purchases death,9.0,False,316.0003967285156,156.3813018798828,#231F20,False,mixed,53,True,NewBaskerville-Roman,0.1111111111111111
test8.pdf,5,certificates from 50 states and the District of Columbia for deaths,9.0,False,316.0003967285156,167.38111877441406,#231F20,False,mixed,67,True,NewBaskerville-Roman,0.45454545454545453
test8.pdf,5,related to consumer products.,9.0,False,316.0003967285156,178.3809356689453,#231F20,False,mixed,29,True,NewBaskerville-Roman,0.25
test8.pdf,5,3CPSC. National Electronic Injury Surveillance System (NEISS).,9.0,False,316.0,194.38185119628906,#231F20,False,mixed,62,True,NewBaskerville-Roman,0.0
test8.pdf,5,l PLAYGROUND MAINTENANCE,10.5,False,316.0,393.760009765625,#00879C,False,mixed,24,True,Carta,0.0
test8.pdf,5,Check playground surfacing and equipment regularly,10.5,False,316.0,407.2405700683594,#231F20,False,sentence,50,True,NewBaskerville-Roman,0.16666666666666666
test8.pdf,5,to make sure they are maintained in good condition.,10.5,False,316.0,420.2406311035156,#231F20,False,mixed,51,True,NewBaskerville-Roman,0.4444444444444444
test8.pdf,5,l SAFETY GATES,10.5,False,316.0,445.7602233886719,#00879C,False,mixed,14,True,Carta,0.0
test8.pdf,5,Be sure that safety gates are used to keep children,10.5,False,316.0,459.24078369140625,#231F20,False,sentence,51,True,NewBaskerville-Roman,0.4
test8.pdf,5,"away from potentially dangerous areas, especially",10.5,False,316.0,472.2408447265625,#231F20,False,mixed,49,True,NewBaskerville-Roman,0.16666666666666666
test8.pdf,5,stairs.,10.5,False,316.0,485.24090576171875,#231F20,False,mixed,7,True,NewBaskerville-Roman,0.0
test8.pdf,5,l WINDOW BLIND AND CURTAIN CORDS,10.5,False,316.0,510.7605285644531,#00879C,False,mixed,32,True,Carta,0.16666666666666666
test8.pdf,5,Be sure mini-blinds and venetian blinds do not have,10.5,False,316.0,524.2410278320312,#231F20,False,sentence,51,True,NewBaskerville-Roman,0.5
test8.pdf,5,"looped cords. Check that vertical blinds, continuous",10.5,False,316.0,537.2411499023438,#231F20,False,mixed,52,True,NewBaskerville-Roman,0.14285714285714285
test8.pdf,5,"looped blinds, and drapery cords have tension or tie-",10.5,False,316.0,550.2411499023438,#231F20,False,mixed,53,True,NewBaskerville-Roman,0.3333333333333333
test8.pdf,5,down devices to hold the cords tight.,10.5,False,316.0,563.2412109375,#231F20,False,mixed,37,True,NewBaskerville-Roman,0.42857142857142855
test8.pdf,5,l CLOTHING DRAWSTRINGS,10.5,False,316.0,588.7608032226562,#00879C,False,mixed,22,True,Carta,0.0
test8.pdf,5,Be sure there are no drawstrings around the hood,10.5,False,316.0,602.2413940429688,#231F20,False,sentence,48,True,NewBaskerville-Roman,0.5555555555555556
test8.pdf,5,and neck of children’s outerwear clothing. Other,10.5,False,316.0,615.2413940429688,#231F20,False,mixed,48,True,NewBaskerville-Roman,0.5
test8.pdf,5,"types of clothing fasteners, like snaps, zippers, or",10.5,False,316.0,628.241455078125,#231F20,False,mixed,52,True,NewBaskerville-Roman,0.25
test8.pdf,5,"hook and loop fasteners (such as Velcro), should be",10.5,False,316.0,641.2415161132812,#231F20,False,mixed,51,True,NewBaskerville-Roman,0.5555555555555556
test8.pdf,5,used.,10.5,False,316.0,654.2415771484375,#231F20,False,mixed,5,True,NewBaskerville-Roman,0.0
test8.pdf,5,l RECALLED PRODUCTS,10.5,False,316.0,679.7611083984375,#00879C,False,mixed,19,True,Carta,0.0
test8.pdf,5,Check that no recalled products are being used and,10.5,False,316.0,693.24169921875,#231F20,False,sentence,50,True,NewBaskerville-Roman,0.5555555555555556
test8.pdf,5,that a current list of recalled children’s products is,10.5,False,316.0,706.2417602539062,#231F20,False,mixed,54,True,NewBaskerville-Roman,0.5
test8.pdf,5,readily visible.,10.5,False,316.0,719.2418212890625,#231F20,False,mixed,16,True,NewBaskerville-Roman,0.0
test8.pdf,5,For More Information,18.0,False,55.0,92.28401184082031,#00879C,False,capitalized,20,False,Futura-Heavy,0.6666666666666666
test8.pdf,5,For a copy of the complete CPSC Staff Study of,10.5,False,55.0,123.34051513671875,#231F20,True,mixed,46,True,NewBaskerville-Roman,0.5
test8.pdf,5,"Safety Hazards in Child Care Settings, please visit",10.5,False,55.0,136.340576171875,#231F20,True,mixed,51,True,NewBaskerville-Italic,0.125
test8.pdf,5,CPSC’s website at www.cpsc.gov or contact: Office,10.5,False,55.0,149.34063720703125,#231F20,False,mixed,49,True,NewBaskerville-Roman,0.3
test8.pdf,5,"of the Secretary, U.S. Consumer Product Safety",10.5,False,55.0,162.3406982421875,#231F20,False,mixed,46,True,NewBaskerville-Roman,0.375
test8.pdf,5,"Commission, Washington, DC 20207, 301-504-",10.5,False,55.0,175.34075927734375,#231F20,False,mixed,42,True,NewBaskerville-Roman,0.0
test8.pdf,5,0800.,10.5,False,55.0,188.3408203125,#231F20,False,mixed,5,True,NewBaskerville-Roman,0.0
test8.pdf,5,To get all CPSC product recall information,10.5,False,68.99964904785156,201.34088134765625,#231F20,False,mixed,42,True,NewBaskerville-Roman,0.2857142857142857
test8.pdf,5,"faxed directly to you (or to a child care facility),",10.5,False,55.0,214.3409423828125,#231F20,False,mixed,52,True,NewBaskerville-Roman,0.5
test8.pdf,5,send a fax with your name and fax number to 301-,10.5,False,55.0,227.34100341796875,#231F20,False,mixed,48,True,NewBaskerville-Roman,0.45454545454545453
test8.pdf,5,"504-0399. To receive recall information by e-mail,",10.5,False,55.0,240.341064453125,#231F20,False,mixed,50,True,NewBaskerville-Roman,0.2222222222222222
test8.pdf,5,"send an e-mail message to listproc@cpsc.gov and,",10.5,False,55.0,253.34112548828125,#231F20,False,mixed,48,True,NewBaskerville-Roman,0.3
test8.pdf,5,"in the message area, enter: Join CPSCINFO-L.",10.5,False,55.0,266.3411865234375,#231F20,False,mixed,44,True,NewBaskerville-Roman,0.25
test8.pdf,5,Child Care Safety Checklist,22.0,False,56.0,356.34600830078125,#00879C,False,capitalized,27,False,Futura-Heavy,0.0
test8.pdf,6,7,9.0,False,564.3200073242188,776.2218627929688,#231F20,True,mixed,1,True,NewBaskerville-Italic,0.0
test8.pdf,6,Consumer Product Safety Review Spring 1999,10.0,False,364.94000244140625,40.43000030517578,#231F20,False,mixed,42,False,Futura-Heavy,0.0
test8.pdf,6,Consumer Product Incident Report,22.0,False,154.8300018310547,79.34602355957031,#00879C,False,capitalized,32,False,Futura-Heavy,0.0
test8.pdf,6,Please contact us about any injury or death involving consumer products. Call us toll free at: 1-800-638-8095.,11.0,False,52.5,113.4980239868164,#231F20,False,mixed,110,False,Futura-Book,0.2
test8.pdf,6,"Visit our website at www.cpsc.gov. Or, fill out the form below. Send it to: U.S. Consumer Product Safety",11.0,False,52.5,126.49784088134766,#231F20,False,mixed,104,False,Futura-Book,0.42857142857142855
test8.pdf,6,"Commission/EHDS, Washington, DC 20207 or fax it to: 1-800-809-0924. We may contact you for further",11.0,False,52.49998474121094,139.49765014648438,#231F20,False,mixed,98,False,Futura-Book,0.3684210526315789
test8.pdf,6,details. Please provide as much information as possible. Thank you.,11.0,False,52.499969482421875,152.49746704101562,#231F20,False,mixed,67,False,Futura-Book,0.3
test8.pdf,6,YOUR NAME,6.0,False,52.5,194.90802001953125,#231F20,False,all_caps,9,False,Futura-Book,0.5
test8.pdf,6,YOUR ADDRESS,6.0,False,52.5,218.90802001953125,#231F20,False,all_caps,12,False,Futura-Book,0.5
test8.pdf,6,CITY,6.0,False,52.5,242.90802001953125,#231F20,False,all_caps,4,False,Futura-Book,0.0
test8.pdf,6,STATE,6.0,False,304.5,242.90802001953125,#231F20,False,all_caps,5,False,Futura-Book,0.0
test8.pdf,6,ZIP,6.0,False,448.5000305175781,242.90802001953125,#231F20,False,all_caps,3,False,Futura-Book,0.0
test8.pdf,6,YOUR TELEPHONE,6.0,False,52.5,266.90802001953125,#231F20,False,all_caps,14,False,Futura-Book,0.5
test8.pdf,6,NAME OF VICTIM (IF DIFFERENT FROM ABOVE),6.0,False,52.5,290.90802001953125,#231F20,False,all_caps,40,False,Futura-Book,0.5714285714285714
test8.pdf,6,ADDRESS,6.0,False,52.5,314.9079895019531,#231F20,False,all_caps,7,False,Futura-Book,0.0
test8.pdf,6,CITY,6.0,False,52.5,338.9079895019531,#231F20,False,all_caps,4,False,Futura-Book,0.0
test8.pdf,6,STATE,6.0,False,304.5,338.9079895019531,#231F20,False,all_caps,5,False,Futura-Book,0.0
test8.pdf,6,ZIP,6.0,False,448.5000305175781,338.9079895019531,#231F20,False,all_caps,3,False,Futura-Book,0.0
test8.pdf,6,TELEPHONE,6.0,False,52.5,362.9079895019531,#231F20,False,all_caps,9,False,Futura-Book,0.0
test8.pdf,6,"DESCRIBE THE INCIDENT OR HAZARD, INCLUDING DESCRIPTION OF INJURIES",6.0,False,52.5,384.6579895019531,#231F20,False,all_caps,66,False,Futura-Book,0.3333333333333333
test8.pdf,6,VICTIM’S AGE,6.0,False,52.5,540.6580200195312,#231F20,False,all_caps,12,False,Futura-Book,0.3333333333333333
test8.pdf,6,SEX,6.0,False,196.5120086669922,540.6580200195312,#231F20,False,all_caps,3,False,Futura-Book,0.0
test8.pdf,6,DATE OF INCIDENT,6.0,False,304.51202392578125,540.6580200195312,#231F20,False,all_caps,16,False,Futura-Book,0.3333333333333333
test8.pdf,6,DESCRIBE PRODUCT INVOLVED,6.0,False,52.5,564.6580200195312,#231F20,False,all_caps,25,False,Futura-Book,0.0
test8.pdf,6,PRODUCT BRAND NAME/MANUFACTURER,6.0,False,52.5,588.6580200195312,#231F20,False,all_caps,31,False,Futura-Book,0.0
test8.pdf,6,IS PRODUCT INVOLVED STILL AVAILABLE?,6.0,False,52.5,612.6580200195312,#231F20,False,all_caps,36,False,Futura-Book,0.2
test8.pdf,6,l YES,6.0,False,198.34979248046875,612.6580200195312,#231F20,False,mixed,5,True,Carta,0.0
test8.pdf,6,l NO,6.0,False,247.27980041503906,612.6580200195312,#231F20,False,mixed,4,True,Carta,0.5
test8.pdf,6,PRODUCT MODEL AND SERIAL NUMBER,6.0,False,304.50360107421875,612.6580200195312,#231F20,False,all_caps,31,False,Futura-Book,0.2
test8.pdf,6,WHEN WAS THE PRODUCT PURCHASED?,6.0,False,52.499420166015625,636.6580200195312,#231F20,False,all_caps,31,False,Futura-Book,0.6
test8.pdf,6,"This information is collected by authority of 15 U.S.C. 2054 and may be shared with product manufacturers, distributors, or retailers.",8.0,False,52.5,656.9940185546875,#231F20,False,mixed,134,False,Futura-Book,0.4090909090909091
test8.pdf,6,"No names or other personal information, however, will be disclosed without explicit permission.",8.0,False,52.5,666.9940185546875,#231F20,False,sentence,95,False,Futura-Book,0.38461538461538464
test8.pdf,6,U.S. Consumer Product Safety Commission,11.0,False,124.5,707.498046875,#231F20,False,capitalized,39,False,Futura-Heavy,0.16666666666666666
test8.pdf,6,"Washington, DC 20207",11.0,False,124.5,720.497802734375,#231F20,False,mixed,20,False,Futura-Book,0.0
test8.pdf,6,TC-49,7.0,False,558.52001953125,736.8260498046875,#231F20,False,sentence,5,False,Futura-Heavy,0.0
test8.pdf,6,PLEASE DUPLICATE THIS FORM FOR FUTURE USE.,7.0,False,52.499847412109375,759.825927734375,#231F20,False,all_caps,42,False,Futura-Heavy,0.2857142857142857
test8.pdf,6,CPSC FORM 175A (6/96)       OMB CLEARANCE NO. 3041-0029,7.0,False,366.779541015625,759.825927734375,#231F20,False,mixed,55,False,Futura-Book,0.1
test8.pdf,7,8,9.0,False,43.0,776.2218627929688,#231F20,True,mixed,1,True,NewBaskerville-Italic,0.0
test8.pdf,7,"*A male, 3, was playing in his yard",10.5,False,416.0,78.240478515625,#231F20,False,sentence,35,True,NewBaskerville-Roman,0.5
test8.pdf,7,on playground climbing equipment,10.5,False,402.0003356933594,91.24053955078125,#231F20,False,mixed,32,True,NewBaskerville-Roman,0.25
test8.pdf,7,when his scarf caught on the climb-,10.5,False,402.0003356933594,104.2406005859375,#231F20,False,mixed,35,True,NewBaskerville-Roman,0.5714285714285714
test8.pdf,7,ing apparatus. His mother found,10.5,False,402.0003356933594,117.24066162109375,#231F20,False,mixed,31,True,NewBaskerville-Roman,0.2
test8.pdf,7,him hanging from the playground,10.5,False,402.0003356933594,130.24072265625,#231F20,False,mixed,31,True,NewBaskerville-Roman,0.6
test8.pdf,7,equipment. The cause of death was,10.5,False,402.0003356933594,143.24078369140625,#231F20,False,mixed,33,True,NewBaskerville-Roman,0.5
test8.pdf,7,asphyxia.,10.5,False,402.0003356933594,156.2408447265625,#231F20,False,mixed,9,True,NewBaskerville-Roman,0.0
test8.pdf,7,(Delores Jones-Butler for Carolyn,10.5,False,402.0003356933594,177.2408447265625,#231F20,False,mixed,33,True,NewBaskerville-Roman,0.2
test8.pdf,7,"Rivercomb, M.D., Medical Examiner,",10.5,False,402.0003356933594,190.24090576171875,#231F20,False,capitalized,34,True,NewBaskerville-Roman,0.4
test8.pdf,7,"Philadelphia, PA)",10.5,False,402.0003356933594,203.240966796875,#231F20,False,mixed,17,True,NewBaskerville-Roman,0.0
test8.pdf,7,"A male, 5 months was found",10.5,False,416.0,229.2410888671875,#231F20,False,sentence,26,True,NewBaskerville-Roman,0.3333333333333333
test8.pdf,7,wedged between a mattress and the,10.5,False,402.0003356933594,242.24114990234375,#231F20,False,mixed,33,True,NewBaskerville-Roman,0.6666666666666666
test8.pdf,7,metal grating at the foot of an adult,10.5,False,402.0003356933594,255.2412109375,#231F20,False,mixed,37,True,NewBaskerville-Roman,0.5
test8.pdf,7,bed. The victim was taken to the hos-,10.5,False,402.0003356933594,268.24127197265625,#231F20,False,mixed,37,True,NewBaskerville-Roman,0.5
test8.pdf,7,"pital, where he died. The cause of",10.5,False,402.0003356933594,281.2413330078125,#231F20,False,mixed,34,True,NewBaskerville-Roman,0.5714285714285714
test8.pdf,7,death was mechanical asphyxia.,10.5,False,402.0003356933594,294.24139404296875,#231F20,False,mixed,30,True,NewBaskerville-Roman,0.25
test8.pdf,7,"(D. Jones for John Jofko, M.D.,",10.5,False,402.0003356933594,311.24090576171875,#231F20,False,mixed,31,True,NewBaskerville-Roman,0.5714285714285714
test8.pdf,7,Medical Examiner and William,10.5,False,402.0003356933594,324.240966796875,#231F20,False,mixed,28,True,NewBaskerville-Roman,0.25
test8.pdf,7,"Massello, III, M.D., Pathologist,",10.5,False,402.0003356933594,337.24102783203125,#231F20,False,mixed,33,True,NewBaskerville-Roman,0.4
test8.pdf,7,"Western District, Roanoke, VA)",10.5,False,402.0003356933594,350.2410888671875,#231F20,False,mixed,30,True,NewBaskerville-Roman,0.0
test8.pdf,7,"A male, 3 months, was placed face",10.5,False,416.0,376.2411804199219,#231F20,False,sentence,33,True,NewBaskerville-Roman,0.2857142857142857
test8.pdf,7,down on a soft adult pillow inside his,10.5,False,402.0003356933594,389.2412414550781,#231F20,False,mixed,38,True,NewBaskerville-Roman,0.5
test8.pdf,7,bassinet to sleep. He was found unre-,10.5,False,402.0003356933594,402.2413024902344,#231F20,False,mixed,37,True,NewBaskerville-Roman,0.42857142857142855
test8.pdf,7,sponsive. The cause of death was po-,10.5,False,402.0003356933594,415.2413635253906,#231F20,False,mixed,36,True,NewBaskerville-Roman,0.42857142857142855
test8.pdf,7,sitional asphyxia.,10.5,False,402.0003356933594,428.2414245605469,#231F20,False,mixed,18,True,NewBaskerville-Roman,0.0
test8.pdf,7,"(Manfred C. Borges, Jr., M.D.,",10.5,False,402.0003356933594,445.2419738769531,#231F20,False,capitalized,30,True,NewBaskerville-Roman,0.3333333333333333
test8.pdf,7,"Associate Medical Examiner, Collier",10.5,False,402.0003356933594,458.2420349121094,#231F20,False,capitalized,35,True,NewBaskerville-Roman,0.0
test8.pdf,7,"County, Naples, FL)",10.5,False,402.0003356933594,471.2420959472656,#231F20,False,mixed,19,True,NewBaskerville-Roman,0.0
test8.pdf,7,"*A male, 7 months, was gagging",10.5,False,416.0,497.2421875,#231F20,False,sentence,30,True,NewBaskerville-Roman,0.3333333333333333
test8.pdf,7,"on a piece of balloon, when his fa-",10.5,False,402.0003356933594,510.24224853515625,#231F20,False,mixed,35,True,NewBaskerville-Roman,0.625
test8.pdf,7,ther found him. The father also,10.5,False,402.0003356933594,523.2423095703125,#231F20,False,mixed,31,True,NewBaskerville-Roman,0.3333333333333333
test8.pdf,7,found several balloons lying on the,10.5,False,402.0003356933594,536.2423706054688,#231F20,False,mixed,35,True,NewBaskerville-Roman,0.3333333333333333
test8.pdf,7,floor. The cause of death was asphyx-,10.5,False,402.0003356933594,549.242431640625,#231F20,False,mixed,37,True,NewBaskerville-Roman,0.42857142857142855
test8.pdf,7,ia and upper airway obstruction.,10.5,False,402.0003356933594,562.2424926757812,#231F20,False,mixed,32,True,NewBaskerville-Roman,0.2
test8.pdf,7,(Antoinette J. Tibbs for L.,10.5,False,402.0003356933594,579.2420043945312,#231F20,False,mixed,27,True,NewBaskerville-Roman,0.2
test8.pdf,7,"Sathyavagiswaran, M.D., Chief",10.5,False,402.0003356933594,592.2420043945312,#231F20,False,capitalized,29,True,NewBaskerville-Roman,0.5
test8.pdf,7,"Medical Examiner, Los Angeles",10.5,False,402.0003356933594,605.2420654296875,#231F20,False,capitalized,29,True,NewBaskerville-Roman,0.0
test8.pdf,7,"County, Los Angeles, CA)",10.5,False,402.0003356933594,618.2421264648438,#231F20,False,mixed,24,True,NewBaskerville-Roman,0.0
test8.pdf,7,"A female, 7 months, was placed",10.5,False,416.0,644.2422485351562,#231F20,False,sentence,30,True,NewBaskerville-Roman,0.3333333333333333
test8.pdf,7,on an adult-size bed to sleep. She was,10.5,False,402.0003356933594,657.2422485351562,#231F20,False,mixed,38,True,NewBaskerville-Roman,0.5555555555555556
test8.pdf,7,found wedged between the head-,10.5,False,402.0003356933594,670.2423095703125,#231F20,False,mixed,30,True,NewBaskerville-Roman,0.4
test8.pdf,7,board and the mattress of the bed.,10.5,False,402.0003356933594,683.2423706054688,#231F20,False,mixed,34,True,NewBaskerville-Roman,0.5714285714285714
test8.pdf,7,The cause of death was positional as-,10.5,False,402.0003356933594,696.242431640625,#231F20,False,sentence,37,True,NewBaskerville-Roman,0.5714285714285714
test8.pdf,7,phyxia.,10.5,False,402.0003356933594,709.2424926757812,#231F20,False,mixed,7,True,NewBaskerville-Roman,0.0
test8.pdf,7,"(Rebecca Bluedorn, RN, for",10.5,False,402.0003356933594,726.2420043945312,#231F20,False,mixed,26,True,NewBaskerville-Roman,0.25
test8.pdf,7,"Theodore Soboslay, M.D., Coroner,",10.5,False,402.0003356933594,739.2420043945312,#231F20,False,capitalized,33,True,NewBaskerville-Roman,0.4
test8.pdf,7,"Trunbull County, Warren, OH)",10.5,False,402.0003356933594,752.2420654296875,#231F20,False,mixed,28,True,NewBaskerville-Roman,0.0
test8.pdf,7,"During the months of January, February",10.5,False,220.0006866455078,78.1021728515625,#231F20,True,mixed,38,True,NewBaskerville-Italic,0.5
test8.pdf,7,"and March 1999, 1,013 cases were",10.5,False,220.0006866455078,91.10223388671875,#231F20,True,mixed,32,True,NewBaskerville-Italic,0.2857142857142857
test8.pdf,7,reported to CPSC. Included here are,10.5,False,220.0006866455078,104.102294921875,#231F20,True,mixed,35,True,NewBaskerville-Italic,0.5
test8.pdf,7,samples of cases to illustrate the type and,10.5,False,220.0006866455078,117.10235595703125,#231F20,True,mixed,43,True,NewBaskerville-Italic,0.5
test8.pdf,7,nature of the reported incidents.,10.5,False,220.0006866455078,130.1024169921875,#231F20,True,mixed,33,True,NewBaskerville-Italic,0.4
test8.pdf,7,ASPHYXIATIONS/,12.0,False,220.0,183.03602600097656,#00879C,False,all_caps,14,False,Futura-Heavy,0.0
test8.pdf,7,SUFFOCATIONS,12.0,False,220.0,199.0355987548828,#00879C,False,all_caps,12,False,Futura-Heavy,0.0
test8.pdf,7,"*A male, 3 months, was found",10.5,False,234.0,217.10052490234375,#231F20,False,sentence,28,True,NewBaskerville-Roman,0.3333333333333333
test8.pdf,7,trapped between the mattress and,10.5,False,220.00035095214844,230.1005859375,#231F20,False,mixed,32,True,NewBaskerville-Roman,0.6
test8.pdf,7,the side of his crib by his mother.,10.5,False,220.00035095214844,243.10064697265625,#231F20,False,mixed,35,True,NewBaskerville-Roman,0.625
test8.pdf,7,The child’s father attempted CPR.,10.5,False,220.00035095214844,256.1007080078125,#231F20,False,mixed,33,True,NewBaskerville-Roman,0.3333333333333333
test8.pdf,7,The cause of death was positional,10.5,False,220.00035095214844,269.10076904296875,#231F20,False,sentence,33,True,NewBaskerville-Roman,0.5
test8.pdf,7,asphyxia.,10.5,False,220.00035095214844,282.100830078125,#231F20,False,mixed,9,True,NewBaskerville-Roman,0.0
test8.pdf,7,"(Drew Toler for Thomas Young,",10.5,False,220.00035095214844,303.100830078125,#231F20,False,mixed,29,True,NewBaskerville-Roman,0.2
test8.pdf,7,"M.D., Pathologist, Jackson County,",10.5,False,220.00035095214844,316.10089111328125,#231F20,False,capitalized,34,True,NewBaskerville-Roman,0.4
test8.pdf,7,"Kansas City, MO)",10.5,False,220.00035095214844,329.1009521484375,#231F20,False,mixed,16,True,NewBaskerville-Roman,0.0
test8.pdf,7,"*A female, 8 months, was swing-",10.5,False,234.0,360.1011657714844,#231F20,False,sentence,31,True,NewBaskerville-Roman,0.3333333333333333
test8.pdf,7,ing in an infant swing. She caught,10.5,False,220.00035095214844,373.1012268066406,#231F20,False,mixed,34,True,NewBaskerville-Roman,0.42857142857142855
test8.pdf,7,her neck on the shoulder harness,10.5,False,220.00035095214844,386.1012878417969,#231F20,False,mixed,32,True,NewBaskerville-Roman,0.5
test8.pdf,7,strap of the swing and died. The,10.5,False,220.00035095214844,399.1013488769531,#231F20,False,mixed,32,True,NewBaskerville-Roman,0.5714285714285714
test8.pdf,7,cause of death was accidental hang-,10.5,False,220.00035095214844,412.1014099121094,#231F20,False,mixed,35,True,NewBaskerville-Roman,0.3333333333333333
test8.pdf,7,ing.,10.5,False,220.00035095214844,425.1014709472656,#231F20,False,mixed,4,True,NewBaskerville-Roman,0.0
test8.pdf,7,"(Mary Coffman for Jeffrey Barnard,",10.5,False,220.00035095214844,446.1014709472656,#231F20,False,mixed,34,True,NewBaskerville-Roman,0.2
test8.pdf,7,"M.D., Medical Examiner, Dallas",10.5,False,220.00035095214844,459.1015319824219,#231F20,False,capitalized,30,True,NewBaskerville-Roman,0.4
test8.pdf,7,"County, Dallas, TX)",10.5,False,220.00035095214844,472.1015930175781,#231F20,False,mixed,19,True,NewBaskerville-Roman,0.0
test8.pdf,7,"A female, 1, was placed in a",10.5,False,234.0,503.101806640625,#231F20,False,sentence,28,True,NewBaskerville-Roman,0.5714285714285714
test8.pdf,7,daybed to sleep. She was later found,10.5,False,220.00035095214844,516.1018676757812,#231F20,False,mixed,36,True,NewBaskerville-Roman,0.42857142857142855
test8.pdf,7,by her mother with her head be-,10.5,False,220.00035095214844,529.1019287109375,#231F20,False,mixed,31,True,NewBaskerville-Roman,0.7142857142857143
test8.pdf,7,tween the metal rails of the head-,10.5,False,220.00035095214844,542.1019897460938,#231F20,False,mixed,34,True,NewBaskerville-Roman,0.42857142857142855
test8.pdf,7,board and her body resting on the,10.5,False,220.00035095214844,555.10205078125,#231F20,False,mixed,33,True,NewBaskerville-Roman,0.5714285714285714
test8.pdf,7,metal mattress frame of the bed.,10.5,False,220.00035095214844,568.1021118164062,#231F20,False,mixed,32,True,NewBaskerville-Roman,0.3333333333333333
test8.pdf,7,The cause of death was asphyxia.,10.5,False,220.00035095214844,581.1021118164062,#231F20,False,sentence,32,True,NewBaskerville-Roman,0.5
test8.pdf,7,"(Terry Browne, Deputy Coroner for",10.5,False,220.00035095214844,602.1021118164062,#231F20,False,mixed,33,True,NewBaskerville-Roman,0.2
test8.pdf,7,"Cyril H. Wecht, M.D., J.D., Coroner,",10.5,False,220.00035095214844,615.1021728515625,#231F20,False,capitalized,36,True,NewBaskerville-Roman,0.375
test8.pdf,7,"Allegheny County, Pittsburgh, PA)",10.5,False,220.00035095214844,628.1022338867188,#231F20,False,mixed,33,True,NewBaskerville-Roman,0.0
test8.pdf,7,Consumer Product Safety Review Spring 1999,10.0,False,43.0,39.15998077392578,#231F20,False,mixed,42,False,Futura-Heavy,0.0
test8.pdf,7,MECAP,39.0,False,60.0,93.62200927734375,#FFFFFF,False,all_caps,5,False,Futura-Heavy,0.0
test8.pdf,7,NEWS,39.0,False,60.0,130.621337890625,#FFFFFF,False,all_caps,4,False,Futura-Heavy,0.0
test8.pdf,7,Medical Examiners and,10.0,False,60.0,178.75,#FFFFFF,False,mixed,21,False,Futura-Heavy,0.3333333333333333
test8.pdf,7,Coroners Alert Project and,10.0,False,60.0,190.75,#FFFFFF,False,mixed,26,False,Futura-Heavy,0.25
test8.pdf,7,Emergency Physicians,10.0,False,60.0,202.75,#FFFFFF,False,capitalized,20,False,Futura-Heavy,0.0
test8.pdf,7,Reporting System,10.0,False,60.0,214.75,#FFFFFF,False,capitalized,16,False,Futura-Heavy,0.0
test8.pdf,7,The MECAP-EPRS Project is,10.0,False,60.0,238.75,#FFFFFF,False,mixed,25,False,Futura,0.4
test8.pdf,7,designed to collect timely,10.0,False,60.0,250.75,#FFFFFF,False,mixed,26,False,Futura,0.25
test8.pdf,7,information on deaths and,10.0,False,60.0,262.75,#FFFFFF,False,mixed,25,False,Futura,0.5
test8.pdf,7,injuries involving consumer,10.0,False,60.0,274.75,#FFFFFF,False,mixed,27,False,Futura,0.0
test8.pdf,7,products. Please contact us,10.0,False,60.0,286.75,#FFFFFF,False,mixed,27,False,Futura,0.0
test8.pdf,7,whenever you encounter a,10.0,False,60.0,298.75,#FFFFFF,False,mixed,24,False,Futura,0.5
test8.pdf,7,death or situation that you,10.0,False,60.0,310.75,#FFFFFF,False,mixed,27,False,Futura,0.6
test8.pdf,7,believe should be considered,10.0,False,60.0,322.75,#FFFFFF,False,mixed,28,False,Futura,0.5
test8.pdf,7,during a safety evaluation of,10.0,False,60.0,334.75,#FFFFFF,False,mixed,29,False,Futura,0.6
test8.pdf,7,a product.,10.0,False,60.0,346.75,#FFFFFF,False,mixed,10,False,Futura,0.5
test8.pdf,7,To report a case or ask for,10.0,False,60.0,370.75,#FFFFFF,False,sentence,27,False,Futura,0.5714285714285714
test8.pdf,7,"information about MECAP,",10.0,False,60.0,382.75,#FFFFFF,False,mixed,24,False,Futura,0.3333333333333333
test8.pdf,7,please call our toll-free,10.0,False,60.0,394.75,#FFFFFF,False,mixed,25,False,Futura,0.2
test8.pdf,7,"number, 1-800-638-8095,",10.0,False,60.0,406.75,#FFFFFF,False,mixed,23,False,Futura,0.0
test8.pdf,7,"or our toll-free fax number,",10.0,False,60.0,418.75,#FFFFFF,False,mixed,28,False,Futura,0.3333333333333333
test8.pdf,7,"1-800-809-0924, or send a",10.0,False,60.0,430.75,#FFFFFF,False,mixed,25,False,Futura,0.2857142857142857
test8.pdf,7,message via Internet to,10.0,False,60.0,442.75,#FFFFFF,False,mixed,23,False,Futura,0.25
test8.pdf,7,AMCDONAL@CPSC.GOV.,10.0,False,60.0,454.75,#FFFFFF,False,all_caps,18,False,Futura,0.0
test8.pdf,7,*Indicates cases selected for,10.0,False,60.0,610.75,#231F20,False,sentence,29,False,Futura,0.25
test8.pdf,7,CPSC follow-up investigations.,10.0,False,60.0,622.75,#231F20,False,sentence,30,False,Futura,0.25
test8.pdf,7,Cases reported but not,10.0,False,60.0,634.75,#231F20,False,sentence,22,False,Futura,0.5
test8.pdf,7,selected for follow-up also,10.0,False,60.0,646.75,#231F20,False,mixed,27,False,Futura,0.4
test8.pdf,7,are important to CPSC. Every,10.0,False,60.0,658.75,#231F20,False,mixed,28,False,Futura,0.4
test8.pdf,7,MECAP report is included in,10.0,False,60.0,670.75,#231F20,False,sentence,27,False,Futura,0.4
test8.pdf,7,CPSC’s injury data base and,10.0,False,60.0,682.75,#231F20,False,sentence,27,False,Futura,0.3333333333333333
test8.pdf,7,will be used to assess the,10.0,False,60.0,694.75,#231F20,False,mixed,26,False,Futura,0.6666666666666666
test8.pdf,7,hazards associated with,10.0,False,60.0,706.75,#231F20,False,mixed,23,False,Futura,0.3333333333333333
test8.pdf,7,consumer products.,10.0,False,60.0,718.75,#231F20,False,mixed,18,False,Futura,0.0
test8.pdf,8,9,9.0,False,564.3200073242188,776.2218627929688,#231F20,True,mixed,1,True,NewBaskerville-Italic,0.0
test8.pdf,8,Consumer Product Safety Review Spring 1999,10.0,False,364.94000244140625,40.43000030517578,#231F20,False,mixed,42,False,Futura-Heavy,0.0
test8.pdf,8,"*A female, 24 weeks, was seated",10.5,False,57.0,78.240478515625,#231F20,False,sentence,31,True,NewBaskerville-Roman,0.3333333333333333
test8.pdf,8,in an infant swing. She slid down in,10.5,False,43.00035095214844,91.24053955078125,#231F20,False,mixed,36,True,NewBaskerville-Roman,0.625
test8.pdf,8,the seat and was strangled by the,10.5,False,43.00035095214844,104.2406005859375,#231F20,False,mixed,33,True,NewBaskerville-Roman,0.7142857142857143
test8.pdf,8,"waist strap. The swing’s lap belt,",10.5,False,43.00035095214844,117.24066162109375,#231F20,False,mixed,34,True,NewBaskerville-Roman,0.2857142857142857
test8.pdf,8,"which went between the infant’s legs,",10.5,False,43.00035095214844,130.24072265625,#231F20,False,mixed,37,True,NewBaskerville-Roman,0.5714285714285714
test8.pdf,8,was missing. The cause of death was,10.5,False,43.00035095214844,143.24078369140625,#231F20,False,mixed,35,True,NewBaskerville-Roman,0.5714285714285714
test8.pdf,8,asphyxia.,10.5,False,43.00035095214844,156.2408447265625,#231F20,False,mixed,9,True,NewBaskerville-Roman,0.0
test8.pdf,8,"(Butch M. Houston, M.D., Medical",10.5,False,43.00035095214844,177.2408447265625,#231F20,False,capitalized,32,True,NewBaskerville-Roman,0.5
test8.pdf,8,"Examiner, Milwaukee, WI)",10.5,False,43.00035095214844,190.24090576171875,#231F20,False,mixed,24,True,NewBaskerville-Roman,0.0
test8.pdf,8,POISONINGS,12.0,False,43.0,243.1759796142578,#00879C,False,all_caps,10,False,Futura-Heavy,0.0
test8.pdf,8,"A male, 68, used a propane",10.5,False,57.0,261.240478515625,#231F20,False,sentence,26,True,NewBaskerville-Roman,0.3333333333333333
test8.pdf,8,heater to warm an unvented camp-,10.5,False,43.00035095214844,274.24053955078125,#231F20,False,mixed,32,True,NewBaskerville-Roman,0.3333333333333333
test8.pdf,8,ing trailer during cold weather. He,10.5,False,43.00035095214844,287.2406005859375,#231F20,False,mixed,35,True,NewBaskerville-Roman,0.3333333333333333
test8.pdf,8,was found dead by his son. The,10.5,False,43.00035095214844,300.24066162109375,#231F20,False,mixed,30,True,NewBaskerville-Roman,0.5714285714285714
test8.pdf,8,cause of death was carbon monoxide,10.5,False,43.00035095214844,313.24072265625,#231F20,False,mixed,34,True,NewBaskerville-Roman,0.3333333333333333
test8.pdf,8,poisoning.,10.5,False,43.00035095214844,326.24078369140625,#231F20,False,mixed,10,True,NewBaskerville-Roman,0.0
test8.pdf,8,(Michael S. Birchmeyer for Mary,10.5,False,43.00035095214844,347.24078369140625,#231F20,False,mixed,31,True,NewBaskerville-Roman,0.4
test8.pdf,8,"Jumbelic, M.D., Chief Medical",10.5,False,43.00035095214844,360.2408447265625,#231F20,False,capitalized,29,True,NewBaskerville-Roman,0.4
test8.pdf,8,"Examiner, Onondaga County,",10.5,False,43.00035095214844,373.24090576171875,#231F20,False,capitalized,26,True,NewBaskerville-Roman,0.0
test8.pdf,8,"Syracuse, NY)",10.5,False,43.00035095214844,386.240966796875,#231F20,False,mixed,13,True,NewBaskerville-Roman,0.0
test8.pdf,8,"*Two males, 47 and 52, were",10.5,False,57.0,417.2411804199219,#231F20,False,sentence,27,True,NewBaskerville-Roman,0.3333333333333333
test8.pdf,8,found dead in their home. The gas,10.5,False,43.00035095214844,430.2412414550781,#231F20,False,mixed,33,True,NewBaskerville-Roman,0.42857142857142855
test8.pdf,8,furnace had malfunctioned. The,10.5,False,43.00035095214844,443.2413024902344,#231F20,False,mixed,30,True,NewBaskerville-Roman,0.5
test8.pdf,8,cause of death was carbon monoxide,10.5,False,43.00035095214844,456.2413635253906,#231F20,False,mixed,34,True,NewBaskerville-Roman,0.3333333333333333
test8.pdf,8,poisoning.,10.5,False,43.00035095214844,469.2414245605469,#231F20,False,mixed,10,True,NewBaskerville-Roman,0.0
test8.pdf,8,"(Venus Azar, M.D., Medical",10.5,False,43.00035095214844,490.2414245605469,#231F20,False,capitalized,26,True,NewBaskerville-Roman,0.4
test8.pdf,8,"Examiner, Richmond, VA)",10.5,False,43.00035095214844,503.2414855957031,#231F20,False,mixed,23,True,NewBaskerville-Roman,0.0
test8.pdf,8,DROWNINGS,12.0,False,43.0,556.176025390625,#00879C,False,all_caps,9,False,Futura-Heavy,0.0
test8.pdf,8,"A female, 2, went to an apartment",10.5,False,57.0,574.2405395507812,#231F20,False,sentence,33,True,NewBaskerville-Roman,0.42857142857142855
test8.pdf,8,complex playground with her 8-and,10.5,False,43.00035095214844,587.2405395507812,#231F20,False,mixed,33,True,NewBaskerville-Roman,0.5
test8.pdf,8,10-year-old cousins. The victim disap-,10.5,False,43.00035095214844,600.2406005859375,#231F20,False,mixed,38,True,NewBaskerville-Roman,0.14285714285714285
test8.pdf,8,peared. She was found floating face,10.5,False,43.00035095214844,613.2406616210938,#231F20,False,mixed,35,True,NewBaskerville-Roman,0.3333333333333333
test8.pdf,8,up in the apartment complex pool.,10.5,False,43.00035095214844,626.2406616210938,#231F20,False,mixed,33,True,NewBaskerville-Roman,0.5
test8.pdf,8,The victim gained access to the pool,10.5,False,43.00035095214844,639.24072265625,#231F20,False,sentence,36,True,NewBaskerville-Roman,0.42857142857142855
test8.pdf,8,through an open gate. The cause of,10.5,False,43.00035095214844,652.2407836914062,#231F20,False,mixed,34,True,NewBaskerville-Roman,0.5714285714285714
test8.pdf,8,death was drowning.,10.5,False,43.00035095214844,665.2408447265625,#231F20,False,mixed,19,True,NewBaskerville-Roman,0.3333333333333333
test8.pdf,8,"(Parviz Pakdaman, M.D., Medical",10.5,False,43.00035095214844,686.2408447265625,#231F20,False,capitalized,31,True,NewBaskerville-Roman,0.4
test8.pdf,8,"Examiner, Santa Clara County, San",10.5,False,43.00035095214844,699.2409057617188,#231F20,False,capitalized,33,True,NewBaskerville-Roman,0.0
test8.pdf,8,"Jose, CA)",10.5,False,43.00035095214844,712.2409057617188,#231F20,False,mixed,9,True,NewBaskerville-Roman,0.0
test8.pdf,8,"*A male, 39, was scuba diving. He",10.5,False,242.00054931640625,78.24041748046875,#231F20,False,mixed,33,True,NewBaskerville-Roman,0.42857142857142855
test8.pdf,8,called to his girl friend that he was,10.5,False,228.0009002685547,91.240478515625,#231F20,False,mixed,37,True,NewBaskerville-Roman,0.625
test8.pdf,8,having trouble with the regulator on,10.5,False,228.0009002685547,104.24053955078125,#231F20,False,mixed,36,True,NewBaskerville-Roman,0.6666666666666666
test8.pdf,8,his equipment and then sank below,10.5,False,228.0009002685547,117.2406005859375,#231F20,False,mixed,33,True,NewBaskerville-Roman,0.6666666666666666
test8.pdf,8,the water’s surface. He was recov-,10.5,False,228.0009002685547,130.24066162109375,#231F20,False,mixed,34,True,NewBaskerville-Roman,0.5714285714285714
test8.pdf,8,"ered, and CPR was attempted. The",10.5,False,228.0009002685547,143.24072265625,#231F20,False,mixed,32,True,NewBaskerville-Roman,0.5
test8.pdf,8,cause of death was drowning.,10.5,False,228.0009002685547,156.24078369140625,#231F20,False,mixed,28,True,NewBaskerville-Roman,0.4
test8.pdf,8,"(Gary G. Bluemink, M.D., Medical",10.5,False,228.0009002685547,177.24078369140625,#231F20,False,capitalized,32,True,NewBaskerville-Roman,0.3333333333333333
test8.pdf,8,"Examiner, Norfolk, VA)",10.5,False,228.0009002685547,190.2408447265625,#231F20,False,mixed,22,True,NewBaskerville-Roman,0.0
test8.pdf,8,FIRES,12.0,False,228.0,243.1759796142578,#00879C,False,all_caps,5,False,Futura-Heavy,0.0
test8.pdf,8,"A male, 86, died in a house fire",10.5,False,242.0,261.240478515625,#231F20,False,sentence,32,True,NewBaskerville-Roman,0.375
test8.pdf,8,caused by a faulty electric heater.,10.5,False,228.00035095214844,274.24053955078125,#231F20,False,mixed,35,True,NewBaskerville-Roman,0.3333333333333333
test8.pdf,8,The cause of death was burns to,10.5,False,228.00035095214844,287.2406005859375,#231F20,False,sentence,31,True,NewBaskerville-Roman,0.5714285714285714
test8.pdf,8,75% total body surface.,10.5,False,228.00035095214844,300.24066162109375,#231F20,False,mixed,23,True,NewBaskerville-Roman,0.0
test8.pdf,8,"(Samantha L. Wetzler, M.D.,",10.5,False,228.00035095214844,321.24066162109375,#231F20,False,capitalized,27,True,NewBaskerville-Roman,0.4
test8.pdf,8,"Medical Examiner, Richmond, VA)",10.5,False,228.00035095214844,334.24072265625,#231F20,False,mixed,31,True,NewBaskerville-Roman,0.0
test8.pdf,8,"A male, 18, died in a house fire.",10.5,False,242.0,365.2409362792969,#231F20,False,sentence,33,True,NewBaskerville-Roman,0.375
test8.pdf,8,His mother had poured gasoline,10.5,False,228.00035095214844,378.2409973144531,#231F20,False,sentence,30,True,NewBaskerville-Roman,0.4
test8.pdf,8,from one container to another in a,10.5,False,228.00035095214844,391.2410583496094,#231F20,False,mixed,34,True,NewBaskerville-Roman,0.5714285714285714
test8.pdf,8,utility room. A gas water heater in,10.5,False,228.00035095214844,404.2411193847656,#231F20,False,mixed,35,True,NewBaskerville-Roman,0.2857142857142857
test8.pdf,8,the room ignited fumes from the,10.5,False,228.00035095214844,417.2411804199219,#231F20,False,mixed,31,True,NewBaskerville-Roman,0.5
test8.pdf,8,gasoline. The cause of death was,10.5,False,228.00035095214844,430.2412414550781,#231F20,False,mixed,32,True,NewBaskerville-Roman,0.5
test8.pdf,8,smoke inhalation.,10.5,False,228.00035095214844,443.2413024902344,#231F20,False,mixed,17,True,NewBaskerville-Roman,0.0
test8.pdf,8,"(Susan Haddak for William R. Bell,",10.5,False,228.00035095214844,464.2413024902344,#231F20,False,mixed,34,True,NewBaskerville-Roman,0.16666666666666666
test8.pdf,8,"M.D., Medical Examiner and Gary",10.5,False,228.00035095214844,477.2413635253906,#231F20,False,mixed,31,True,NewBaskerville-Roman,0.5
test8.pdf,8,"D. Cumberland, M.D., Chief",10.5,False,228.00035095214844,490.2414245605469,#231F20,False,capitalized,26,True,NewBaskerville-Roman,0.6
test8.pdf,8,"Medical Examiner, Pensacola, FL)",10.5,False,228.00035095214844,503.2414855957031,#231F20,False,mixed,32,True,NewBaskerville-Roman,0.0
test8.pdf,8,"A female, 55, died in a house fire",10.5,False,242.0,534.24169921875,#231F20,False,sentence,34,True,NewBaskerville-Roman,0.375
test8.pdf,8,caused by a faulty electrical outlet.,10.5,False,228.00035095214844,547.2417602539062,#231F20,False,mixed,37,True,NewBaskerville-Roman,0.3333333333333333
test8.pdf,8,The cause of death was smoke in-,10.5,False,228.00035095214844,560.2418212890625,#231F20,False,sentence,32,True,NewBaskerville-Roman,0.5714285714285714
test8.pdf,8,halation.,10.5,False,228.00035095214844,573.2418823242188,#231F20,False,mixed,9,True,NewBaskerville-Roman,0.0
test8.pdf,8,"(Nancy Moore for John Butts, M.D.,",10.5,False,228.00035095214844,594.2418823242188,#231F20,False,mixed,34,True,NewBaskerville-Roman,0.42857142857142855
test8.pdf,8,"Chief Medical Examiner, Chapel",10.5,False,228.00035095214844,607.2418823242188,#231F20,False,capitalized,30,True,NewBaskerville-Roman,0.0
test8.pdf,8,"Hill, NC)",10.5,False,228.00035095214844,620.241943359375,#231F20,False,mixed,9,True,NewBaskerville-Roman,0.0
test8.pdf,8,"*A male, 88, died in a house",10.5,False,425.9998779296875,78.242431640625,#231F20,False,sentence,28,True,NewBaskerville-Roman,0.42857142857142855
test8.pdf,8,fire caused by a faulty heater con-,10.5,False,412.0002136230469,91.24249267578125,#231F20,False,mixed,35,True,NewBaskerville-Roman,0.2857142857142857
test8.pdf,8,trol on an electric blanket. The,10.5,False,412.0002136230469,104.2425537109375,#231F20,False,mixed,32,True,NewBaskerville-Roman,0.5
test8.pdf,8,cause of death was thermal burns.,10.5,False,412.0002136230469,117.24261474609375,#231F20,False,mixed,33,True,NewBaskerville-Roman,0.3333333333333333
test8.pdf,8,"(Nancy Moore for John Butts,",10.5,False,412.0002136230469,138.24261474609375,#231F20,False,mixed,28,True,NewBaskerville-Roman,0.2
test8.pdf,8,"M.D., Chief Medical Examiner,",10.5,False,412.0002136230469,151.24267578125,#231F20,False,capitalized,29,True,NewBaskerville-Roman,0.4
test8.pdf,8,"Chapel Hill, NC)",10.5,False,412.0002136230469,164.24273681640625,#231F20,False,mixed,16,True,NewBaskerville-Roman,0.0
test8.pdf,8,ELECTROCUTIONS,12.0,False,412.0,217.1759796142578,#00879C,False,all_caps,14,False,Futura-Heavy,0.0
test8.pdf,8,"A male, 31, was installing an ice-",10.5,False,426.0,235.240478515625,#231F20,False,sentence,34,True,NewBaskerville-Roman,0.42857142857142855
test8.pdf,8,maker at a friend’s house. He was,10.5,False,412.0003356933594,248.24053955078125,#231F20,False,mixed,33,True,NewBaskerville-Roman,0.625
test8.pdf,8,holding a water pipe in one hand,10.5,False,412.0003356933594,261.2406005859375,#231F20,False,mixed,32,True,NewBaskerville-Roman,0.2857142857142857
test8.pdf,8,and using cutters with the other,10.5,False,412.0003356933594,274.24066162109375,#231F20,False,mixed,32,True,NewBaskerville-Roman,0.6666666666666666
test8.pdf,8,hand. He cut a live 220 volt electri-,10.5,False,412.0003356933594,287.24072265625,#231F20,False,mixed,37,True,NewBaskerville-Roman,0.25
test8.pdf,8,cal conduit. The cause of death,10.5,False,412.0003356933594,300.24078369140625,#231F20,False,mixed,31,True,NewBaskerville-Roman,0.3333333333333333
test8.pdf,8,was electrocution.,10.5,False,412.0003356933594,313.2408447265625,#231F20,False,mixed,18,True,NewBaskerville-Roman,0.5
test8.pdf,8,"(Nancy Moore for John Butts,",10.5,False,412.0003356933594,334.2408447265625,#231F20,False,mixed,28,True,NewBaskerville-Roman,0.2
test8.pdf,8,"M.D., Chief Medical Examiner,",10.5,False,412.0003356933594,347.24090576171875,#231F20,False,capitalized,29,True,NewBaskerville-Roman,0.4
test8.pdf,8,"Chapel Hill, NC)",10.5,False,412.0003356933594,360.240966796875,#231F20,False,mixed,16,True,NewBaskerville-Roman,0.0
test8.pdf,8,"A female, 82, died while using a",10.5,False,426.0,391.2411804199219,#231F20,False,sentence,32,True,NewBaskerville-Roman,0.42857142857142855
test8.pdf,8,hedge trimmer. Her gold metal,10.5,False,412.0003356933594,404.2412414550781,#231F20,False,mixed,29,True,NewBaskerville-Roman,0.2
test8.pdf,8,necklace made contact with a,10.5,False,412.0003356933594,417.2413024902344,#231F20,False,mixed,28,True,NewBaskerville-Roman,0.4
test8.pdf,8,loosely-connected electrical plug,10.5,False,412.0003356933594,430.2413635253906,#231F20,False,mixed,33,True,NewBaskerville-Roman,0.0
test8.pdf,8,in the hedge trimmer. The cause,10.5,False,412.0003356933594,443.2414245605469,#231F20,False,mixed,31,True,NewBaskerville-Roman,0.5
test8.pdf,8,of death was electrocution.,10.5,False,412.0003356933594,456.2414855957031,#231F20,False,mixed,27,True,NewBaskerville-Roman,0.5
test8.pdf,8,"(Eroston A. Price, M.D., Medical",10.5,False,412.0003356933594,477.2414855957031,#231F20,False,capitalized,32,True,NewBaskerville-Roman,0.5
test8.pdf,8,"Examiner, Ft. Lauderdale, FL)",10.5,False,412.0003356933594,490.2415466308594,#231F20,False,mixed,29,True,NewBaskerville-Roman,0.0
test8.pdf,8,MISCELLANEOUS,12.0,False,412.0,543.176025390625,#00879C,False,all_caps,13,False,Futura-Heavy,0.0
test8.pdf,8,"A male, 2, hugged a 64-pound",10.5,False,426.0,561.2405395507812,#231F20,False,sentence,28,True,NewBaskerville-Roman,0.2857142857142857
test8.pdf,8,TV while watching his favorite,10.5,False,412.0003356933594,574.2405395507812,#231F20,False,sentence,30,True,NewBaskerville-Roman,0.4
test8.pdf,8,character on a TV show. The TV,10.5,False,412.0003356933594,587.2406005859375,#231F20,False,mixed,30,True,NewBaskerville-Roman,0.42857142857142855
test8.pdf,8,was on a particleboard stand. The,10.5,False,412.0003356933594,600.2406616210938,#231F20,False,mixed,33,True,NewBaskerville-Roman,0.6666666666666666
test8.pdf,8,TV fell off the stand onto the,10.5,False,412.0003356933594,613.2406616210938,#231F20,False,sentence,30,True,NewBaskerville-Roman,0.42857142857142855
test8.pdf,8,child. The cause of death was,10.5,False,412.0003356933594,626.24072265625,#231F20,False,mixed,29,True,NewBaskerville-Roman,0.5
test8.pdf,8,blunt force trauma of the head.,10.5,False,412.0003356933594,639.2407836914062,#231F20,False,mixed,31,True,NewBaskerville-Roman,0.3333333333333333
test8.pdf,8,"(Terry Browne, Deputy Coroner",10.5,False,412.0003356933594,660.2407836914062,#231F20,False,capitalized,29,True,NewBaskerville-Roman,0.0
test8.pdf,8,"for Cyril H. Wecht, M.D., J.D.,",10.5,False,412.0003356933594,673.2408447265625,#231F20,False,mixed,31,True,NewBaskerville-Roman,0.5
test8.pdf,8,"Allegheny County, Pittsburgh, PA)",10.5,False,412.0003356933594,686.2409057617188,#231F20,False,mixed,33,True,NewBaskerville-Roman,0.0
test8.pdf,8,"— Suzanne Newman, Directorate for",11.5,False,412.0,720.486328125,#231F20,True,mixed,33,True,NewBaskerville-Italic,0.25
test8.pdf,8,Epidemiology and Health Sciences,10.5,False,426.0001525878906,735.2401733398438,#231F20,True,mixed,32,True,NewBaskerville-Italic,0.25
test8.pdf,9,10,9.0,False,43.0,776.2218627929688,#231F20,True,mixed,2,True,NewBaskerville-Italic,0.0
test8.pdf,9,Consumer Product Safety Review Spring 1999,10.0,False,43.0,40.21997833251953,#231F20,False,mixed,42,False,Futura-Heavy,0.0
test8.pdf,9,CPSC Recalls,22.0,False,93.83000183105469,87.34602355957031,#00879C,False,mixed,12,False,Futura-Heavy,0.0
test8.pdf,9,The following product recalls were conducted by firms in cooperation with,9.0,False,43.0,133.8618927001953,#231F20,True,sentence,73,True,NewBaskerville-Italic,0.45454545454545453
test8.pdf,9,"CPSC. For more information about recalls, visit CPSC’s website at",9.0,False,43.0,144.86170959472656,#231F20,True,mixed,65,True,NewBaskerville-Italic,0.45454545454545453
test8.pdf,9,www.cpsc.gov.,9.0,False,43.0,155.8615264892578,#231F20,True,mixed,13,True,NewBaskerville-Italic,0.0
test8.pdf,9,"Product: About 78,000 power mowers by Toro Co. The mowers",9.0,True,43.0,177.16122436523438,#231F20,False,mixed,57,True,NewBaskerville-Roman,0.2727272727272727
test8.pdf,9,"are Lawn-Boy Silver Series, Four Cycle, walk-behind 21-inch mow-",9.0,False,43.00090026855469,188.8609161376953,#231F20,False,mixed,64,True,NewBaskerville-Roman,0.08333333333333333
test8.pdf,9,"ers. The model numbers are: 10200, 10202, 10212, 10236, 10302,",9.0,False,43.00090026855469,199.86073303222656,#231F20,False,mixed,62,True,NewBaskerville-Roman,0.2
test8.pdf,9,10307 (with serial number ranges 7900001-7999999); 10249,9.0,False,43.00090026855469,210.8605499267578,#231F20,False,mixed,56,True,NewBaskerville-Roman,0.125
test8.pdf,9,"(8900001-8999999); 10313, 10321 (7900001-8999999). The model",9.0,False,43.00090026855469,221.86036682128906,#231F20,False,mixed,60,True,NewBaskerville-Roman,0.125
test8.pdf,9,number and serial number are printed on a decal on the right,9.0,False,43.00090026855469,232.8601837158203,#231F20,False,mixed,60,True,NewBaskerville-Roman,0.5
test8.pdf,9,rear of the mower. Lawn-Boy dealers and mass merchant retail,9.0,False,43.00090026855469,243.86000061035156,#231F20,False,mixed,60,True,NewBaskerville-Roman,0.2727272727272727
test8.pdf,9,"outlets, including Sears, Lowe’s and Home Depot, sold these",9.0,False,43.00090026855469,254.8598175048828,#231F20,False,mixed,59,True,NewBaskerville-Roman,0.3
test8.pdf,9,mowers from January 1997 through November 1998 for between,9.0,False,43.00090026855469,265.859619140625,#231F20,False,mixed,58,True,NewBaskerville-Roman,0.4444444444444444
test8.pdf,9,$280 and $400.,9.0,False,43.00090026855469,276.85943603515625,#231F20,False,mixed,14,True,NewBaskerville-Roman,0.3333333333333333
test8.pdf,9,Problem: Interference with the mower’s mulching fan can cause,9.0,False,43.00090026855469,287.1593933105469,#231F20,False,mixed,61,True,Futura-Heavy,0.4
test8.pdf,9,the mower blade to crack and break off. Broken pieces of the,9.0,False,43.00090026855469,298.8590393066406,#231F20,False,mixed,60,True,NewBaskerville-Roman,0.5
test8.pdf,9,"blade can be propelled from under the mower, possibly injuring",9.0,False,43.00090026855469,309.85882568359375,#231F20,False,mixed,62,True,NewBaskerville-Roman,0.5
test8.pdf,9,"someone. One consumer was struck on the ankle while mowing,",9.0,False,43.00090026855469,320.8586120605469,#231F20,False,mixed,59,True,NewBaskerville-Roman,0.4
test8.pdf,9,resulting in a bruised tendon.,9.0,False,43.00090026855469,331.8583984375,#231F20,False,mixed,30,True,NewBaskerville-Roman,0.4
test8.pdf,9,What to do: Stop using the mowers until they are repaired.,9.0,False,43.00090026855469,342.1583251953125,#231F20,False,mixed,58,True,Futura-Heavy,0.6363636363636364
test8.pdf,9,Contact Lawn-Boy at 1-800-444-8676 between 7:30 a.m. and 4:30,9.0,True,43.00090408325195,353.85797119140625,#231F20,False,mixed,61,True,NewBaskerville-Roman,0.3125
test8.pdf,9,p.m. CDT M-F or at www.lawnboy.com to locate the nearest,9.0,False,43.000885009765625,364.8577575683594,#231F20,False,mixed,56,True,NewBaskerville-Roman,0.42857142857142855
test8.pdf,9,Lawn-Boy service dealer for free repair or for more information.,9.0,False,43.000885009765625,375.8575439453125,#231F20,False,mixed,64,True,NewBaskerville-Roman,0.36363636363636365
test8.pdf,9,"Product: About 274,000 battery-powered children’s riding vehicles",9.0,True,43.000885009765625,397.15728759765625,#231F20,False,mixed,65,True,Futura-Heavy,0.2
test8.pdf,9,"by Peg Perego. The vehicles run on 12 volts, powered by two 6-volt",9.0,False,43.00090026855469,408.85693359375,#231F20,False,mixed,66,True,NewBaskerville-Roman,0.2857142857142857
test8.pdf,9,batteries and were manufactured before December 1997. The,9.0,False,43.00090026855469,419.8567199707031,#231F20,False,mixed,57,True,NewBaskerville-Roman,0.5
test8.pdf,9,"plastic vehicles have the following model names: Corral 270,",9.0,False,43.00090026855469,430.85650634765625,#231F20,False,mixed,60,True,NewBaskerville-Roman,0.2222222222222222
test8.pdf,9,"Diablo, Dragon, Gaucho, Gaucho Grande, Gaucho High Torque,",9.0,False,43.00090026855469,441.8562927246094,#231F20,False,capitalized,58,True,NewBaskerville-Roman,0.0
test8.pdf,9,"Gaucho Sport, Magica, Magnum, Ranger GT, Thunderbolt,",9.0,False,43.00090026855469,452.8560791015625,#231F20,False,mixed,53,True,NewBaskerville-Roman,0.0
test8.pdf,9,"Thundercat, and Tornado. The model name and Peg Perego ap-",9.0,False,43.00090026855469,463.8558654785156,#231F20,False,mixed,58,True,NewBaskerville-Roman,0.3
test8.pdf,9,pear on each vehicle. Peg Perego vehicles are intended for chil-,9.0,False,43.00090026855469,474.85565185546875,#231F20,False,mixed,64,True,NewBaskerville-Roman,0.36363636363636365
test8.pdf,9,dren from 3 to 8 years old and have speed ranges from 2.5 to 5,9.0,False,43.00090026855469,485.8554382324219,#231F20,False,mixed,62,True,NewBaskerville-Roman,0.375
test8.pdf,9,mph. Toy stores and retail catalogs sold the vehicles nationwide,9.0,False,43.00090026855469,496.855224609375,#231F20,False,mixed,64,True,NewBaskerville-Roman,0.2
test8.pdf,9,from 1990 through 1997 for about $100 to $550. Vehicles made,9.0,False,43.00090026855469,507.85504150390625,#231F20,False,mixed,60,True,NewBaskerville-Roman,0.45454545454545453
test8.pdf,9,"since 1998 and 6-volt, single battery vehicles are not recalled.",9.0,False,43.00090026855469,518.8547973632812,#231F20,False,mixed,64,True,NewBaskerville-Roman,0.2727272727272727
test8.pdf,9,Problem: The pedals can stick and electrical components can,9.0,False,43.00090026855469,529.1547241210938,#231F20,False,mixed,59,True,Futura-Heavy,0.4444444444444444
test8.pdf,9,"overheat, presenting fire and injury hazards to children. There",9.0,False,43.00090026855469,540.8543701171875,#231F20,False,mixed,63,True,NewBaskerville-Roman,0.3333333333333333
test8.pdf,9,have been about 320 reports of electrical components overheat-,9.0,False,43.00090026855469,551.8541870117188,#231F20,False,mixed,62,True,NewBaskerville-Roman,0.4444444444444444
test8.pdf,9,"ing or pedals sticking. Thirty fires have been reported, resulting",9.0,False,43.00090026855469,562.8539428710938,#231F20,False,mixed,66,True,NewBaskerville-Roman,0.3
test8.pdf,9,in one child suffering second-degree burns to his hand and at,9.0,False,43.00090026855469,573.853759765625,#231F20,False,mixed,61,True,NewBaskerville-Roman,0.4166666666666667
test8.pdf,9,"least $55,000 in property damage. One child suffered a concus-",9.0,False,43.00090026855469,584.8535766601562,#231F20,False,mixed,62,True,NewBaskerville-Roman,0.18181818181818182
test8.pdf,9,sion and six children were bruised when accelerator pedals stuck,9.0,False,43.00090026855469,595.8533325195312,#231F20,False,mixed,64,True,NewBaskerville-Roman,0.3
test8.pdf,9,"and the vehicles hit trees, fences, walls, or parked automobiles.",9.0,False,43.00090026855469,606.8531494140625,#231F20,False,mixed,65,True,NewBaskerville-Roman,0.3
test8.pdf,9,What to do: Remove the vehicles’ batteries right away and don’t,9.0,False,43.00090026855469,617.1531372070312,#231F20,False,mixed,63,True,Futura-Heavy,0.5833333333333334
test8.pdf,9,let children use them until repairs are made. Contact Peg Perego,9.0,False,43.00089645385742,628.852783203125,#231F20,False,mixed,64,True,NewBaskerville-Roman,0.2727272727272727
test8.pdf,9,at 1-888-893-7903 between 8 a.m. and 8 p.m. EST M-F or at,9.0,False,43.00089645385742,639.8526000976562,#231F20,False,mixed,57,True,NewBaskerville-Roman,0.5
test8.pdf,9,www.perego.com/recall1.htm to order a free repair kit that can,9.0,False,43.00089645385742,650.8523559570312,#231F20,False,mixed,62,True,NewBaskerville-Roman,0.3076923076923077
test8.pdf,9,be installed by consumers or by an authorized Peg Perego service,9.0,False,43.00089645385742,661.8521728515625,#231F20,False,mixed,64,True,NewBaskerville-Roman,0.45454545454545453
test8.pdf,9,center. Service centers will not have repair kits.,9.0,False,43.00089645385742,672.8519897460938,#231F20,False,mixed,50,True,NewBaskerville-Roman,0.375
test8.pdf,9,"Product: About 1,000,000 carbon monoxide alarms distributed by",9.0,True,43.00089645385742,694.1517333984375,#231F20,False,mixed,62,True,NewBaskerville-Roman,0.2
test8.pdf,9,"Kidde Safety, including 650,000 Nighthawks and 350,000",9.0,False,43.001800537109375,705.8513793945312,#231F20,False,mixed,54,True,NewBaskerville-Roman,0.1111111111111111
test8.pdf,9,Lifesavers. The Nighthawk models were made between November,9.0,False,43.001800537109375,716.8511962890625,#231F20,False,mixed,59,True,NewBaskerville-Roman,0.375
test8.pdf,9,"8, 1998 and March 9, 1999. The manufacturing date is on the",9.0,False,43.001800537109375,727.8510131835938,#231F20,False,mixed,59,True,NewBaskerville-Roman,0.4166666666666667
test8.pdf,9,"back of the unit as year, month, day. “NIGHTHAWK” and",9.0,False,43.001800537109375,738.8507690429688,#231F20,False,mixed,53,True,NewBaskerville-Roman,0.4
test8.pdf,9,“Carbon Monoxide Alarm” are on the front of the unit. If,9.0,False,43.001800537109375,749.8505859375,#231F20,False,mixed,56,True,NewBaskerville-Roman,0.5454545454545454
test8.pdf,9,"“Carbon Monoxide Detector” is on the front, the unit is not part",9.0,False,316.0014953613281,134.34059143066406,#231F20,False,mixed,64,True,NewBaskerville-Roman,0.5
test8.pdf,9,of the recall. The Lifesaver units being recalled are models 9CO-1,9.0,False,316.0014953613281,145.3404083251953,#231F20,False,mixed,66,True,NewBaskerville-Roman,0.4166666666666667
test8.pdf,9,"and 9CO-1C made between June 1, 1997 and January 31, 1998.",9.0,False,316.0014953613281,156.34022521972656,#231F20,False,mixed,58,True,NewBaskerville-Roman,0.25
test8.pdf,9,The manufacturing date is on the back of the unit as the first six,9.0,False,316.0014953613281,167.3400421142578,#231F20,False,sentence,66,True,NewBaskerville-Roman,0.5714285714285714
test8.pdf,9,"numbers in the serial number, located above the UPC code. The",9.0,False,316.0014953613281,178.33985900878906,#231F20,False,mixed,61,True,NewBaskerville-Roman,0.45454545454545453
test8.pdf,9,"date is written as day, month, year. “LIFESAVER” and “Carbon",9.0,False,316.0014953613281,189.3396759033203,#231F20,False,mixed,60,True,NewBaskerville-Roman,0.3
test8.pdf,9,Monoxide Alarm” are on the front of the unit. Hardware and,9.0,False,316.0014953613281,200.33949279785156,#231F20,False,mixed,58,True,NewBaskerville-Roman,0.5454545454545454
test8.pdf,9,mass merchandise stores nationwide sold the alarms beginning in,9.0,False,316.0014953613281,211.3393096923828,#231F20,False,mixed,63,True,NewBaskerville-Roman,0.2222222222222222
test8.pdf,9,1998 for about $20 to $50.,9.0,False,316.0014953613281,222.33912658691406,#231F20,False,mixed,26,True,NewBaskerville-Roman,0.5
test8.pdf,9,"Problem: The Lifesaver models could alarm late or not at all, and",9.0,False,316.0014953613281,232.63906860351562,#231F20,False,mixed,65,True,Futura-Heavy,0.5
test8.pdf,9,the Nighthawk models could alarm late. The alarms are used to,9.0,False,316.0014953613281,244.33876037597656,#231F20,False,mixed,61,True,NewBaskerville-Roman,0.36363636363636365
test8.pdf,9,detect carbon monoxide (CO) leaking from fuel burning appli-,9.0,False,316.0014953613281,255.3385772705078,#231F20,False,mixed,60,True,NewBaskerville-Roman,0.1111111111111111
test8.pdf,9,"ances. When they don’t work, consumers can be unknowingly ex-",9.0,False,316.0014953613281,266.33837890625,#231F20,False,mixed,61,True,NewBaskerville-Roman,0.5454545454545454
test8.pdf,9,posed to hazardous levels of CO and suffer injury or death. Kidde,9.0,False,316.0014953613281,277.33819580078125,#231F20,False,mixed,65,True,NewBaskerville-Roman,0.3333333333333333
test8.pdf,9,Safety and CPSC are not aware of any injuries involving these,9.0,False,316.0014953613281,288.3380126953125,#231F20,False,mixed,61,True,NewBaskerville-Roman,0.5454545454545454
test8.pdf,9,products.,9.0,False,316.0014953613281,299.3377990722656,#231F20,False,mixed,9,True,NewBaskerville-Roman,0.0
test8.pdf,9,What to do: Visit the Kidde Safety recall web site at,9.0,False,316.0014953613281,309.6377258300781,#231F20,False,mixed,53,True,Futura-Heavy,0.45454545454545453
test8.pdf,9,www.nhawk.com and follow the instructions or call 1-888-543-,9.0,True,318.2506103515625,321.3373718261719,#231F20,False,mixed,60,True,NewBaskerville-Roman,0.25
test8.pdf,9,3346 between 8 a.m. and 8 p.m. EST M-S for help identifying re-,9.0,True,316.00244140625,332.337158203125,#231F20,False,mixed,63,True,NewBaskerville-Bold,0.5625
test8.pdf,9,called units and to get a postage-paid envelope to return the,9.0,False,316.00244140625,343.3369445800781,#231F20,False,mixed,61,True,NewBaskerville-Roman,0.4166666666666667
test8.pdf,9,alarm. Lifesaver models will be repaired; Nighthawk models will,9.0,False,316.00244140625,354.33673095703125,#231F20,False,mixed,63,True,NewBaskerville-Roman,0.3333333333333333
test8.pdf,9,"be tested, and repaired if needed. All returned alarms will be re-",9.0,False,316.00244140625,365.3365173339844,#231F20,False,mixed,66,True,NewBaskerville-Roman,0.5833333333333334
test8.pdf,9,certified to UL-2034. Kidde says it will return consumers’ alarms,9.0,False,316.00244140625,376.3363037109375,#231F20,False,mixed,65,True,NewBaskerville-Roman,0.2727272727272727
test8.pdf,9,within 30 days.,9.0,False,316.00244140625,387.3360900878906,#231F20,False,mixed,15,True,NewBaskerville-Roman,0.0
test8.pdf,9,"Product: About 424,000 GE Spacemaker radio cassette players dis-",9.0,True,316.00244140625,408.6358337402344,#231F20,False,mixed,64,True,NewBaskerville-Roman,0.1
test8.pdf,9,tributed by Thomson Consumer Electronics. The model number,9.0,False,316.00238037109375,420.3354797363281,#231F20,False,mixed,58,True,NewBaskerville-Roman,0.25
test8.pdf,9,is 7-4285 and is located on the top of the unit. It may or may not,9.0,False,316.00238037109375,431.33526611328125,#231F20,False,mixed,66,True,NewBaskerville-Roman,0.5882352941176471
test8.pdf,9,be followed by a letter. The player is designed for under-the-cabi-,9.0,False,316.00238037109375,442.3350524902344,#231F20,False,mixed,67,True,NewBaskerville-Roman,0.6153846153846154
test8.pdf,9,"net use. Each has an AM/FM stereo cassette player, a light, and a",9.0,False,316.00238037109375,453.3348388671875,#231F20,False,mixed,65,True,NewBaskerville-Roman,0.5
test8.pdf,9,programmable appliance outlet with timer. The outlet is on the,9.0,False,316.00238037109375,464.3346252441406,#231F20,False,mixed,62,True,NewBaskerville-Roman,0.5
test8.pdf,9,left side of the unit. “GE Spacemaker...AM/FM Stereo Cassette,9.0,False,316.00238037109375,475.33441162109375,#231F20,False,mixed,61,True,NewBaskerville-Roman,0.2727272727272727
test8.pdf,9,Player...Programmable Appliance Outlet” is on the front of the,9.0,False,316.00238037109375,486.3341979980469,#231F20,False,mixed,62,True,NewBaskerville-Roman,0.5
test8.pdf,9,"unit. Department, electronic and discount stores nationwide sold",9.0,False,316.00238037109375,497.333984375,#231F20,False,mixed,64,True,NewBaskerville-Roman,0.125
test8.pdf,9,the radio cassette players from January 1992 through December,9.0,False,316.00238037109375,508.33380126953125,#231F20,False,mixed,61,True,NewBaskerville-Roman,0.3333333333333333
test8.pdf,9,1995 for about $50 to $80.,9.0,False,316.00238037109375,519.3335571289062,#231F20,False,mixed,26,True,NewBaskerville-Roman,0.5
test8.pdf,9,"Problem: The player has an appliance outlet that can overheat,",9.0,False,316.00238037109375,529.6334838867188,#231F20,False,mixed,62,True,Futura-Heavy,0.5
test8.pdf,9,presenting a fire hazard. Thomson Consumer Electronics has re-,9.0,False,316.00238037109375,541.3331298828125,#231F20,False,mixed,62,True,NewBaskerville-Roman,0.3333333333333333
test8.pdf,9,ceived three reports of the appliance outlets overheating and,9.0,False,316.00238037109375,552.3329467773438,#231F20,False,mixed,61,True,NewBaskerville-Roman,0.3333333333333333
test8.pdf,9,"catching fire, causing minor property damage. No injuries were",9.0,False,316.00238037109375,563.3327026367188,#231F20,False,mixed,62,True,NewBaskerville-Roman,0.2222222222222222
test8.pdf,9,reported.,9.0,False,316.00238037109375,574.33251953125,#231F20,False,mixed,9,True,NewBaskerville-Roman,0.0
test8.pdf,9,What to do: Unplug the units and call Thomson at 1-800-464-7022,9.0,True,316.00238037109375,584.6325073242188,#231F20,False,mixed,63,True,Futura-Heavy,0.42857142857142855
test8.pdf,9,anytime for instructions and a free replacement unit or contact,9.0,False,316.00238037109375,596.3320922851562,#231F20,False,mixed,63,True,NewBaskerville-Roman,0.4
test8.pdf,9,Thomson at www.home-electronics.net/recall or write Thomson,9.0,False,316.00238037109375,607.3319091796875,#231F20,False,mixed,59,True,NewBaskerville-Roman,0.2
test8.pdf,9,"Consumer Electronics, Spacemaker Recall, INH 950, P.O. Box",9.0,False,316.00238037109375,618.3317260742188,#231F20,False,mixed,58,True,NewBaskerville-Roman,0.1111111111111111
test8.pdf,9,"6127, Indianapolis, IN 46206-6127",9.0,False,316.00238037109375,629.33154296875,#231F20,False,mixed,33,True,NewBaskerville-Roman,0.2
test8.pdf,9,"— Marc Schoem and Terri Rogers, Office of Compliance",11.5,False,316.0,652.46630859375,#231F20,True,mixed,52,True,NewBaskerville-Italic,0.25
test8.pdf,10,11,9.0,False,559.6400146484375,777.2318725585938,#231F20,True,mixed,2,True,NewBaskerville-Italic,0.0
test8.pdf,10,Consumer Product Safety Review Spring 1999,10.0,False,364.94000244140625,40.43000030517578,#231F20,False,mixed,42,False,Futura-Heavy,0.0
test8.pdf,10,NHTSA Recalls,22.0,False,159.35000610351562,102.69599914550781,#00879C,False,mixed,13,False,Futura-Heavy,0.0
test8.pdf,10,The National Highway Traffic Safety Administration (NHTSA) is the gov-,9.0,False,43.0,135.2118682861328,#231F20,True,mixed,70,True,NewBaskerville-Italic,0.3
test8.pdf,10,ernment agency responsible for improving safety on our Nation’s highways.,9.0,False,43.0,145.2117462158203,#231F20,True,mixed,73,True,NewBaskerville-Italic,0.36363636363636365
test8.pdf,10,"As part of its efforts to achieve this goal, NHTSA is authorized to order",9.0,False,43.0,155.2116241455078,#231F20,True,mixed,73,True,NewBaskerville-Italic,0.5
test8.pdf,10,manufacturers to recall and repair vehicles or items of motor vehicle equip-,9.0,False,43.0,165.2115020751953,#231F20,True,mixed,76,True,NewBaskerville-Italic,0.3333333333333333
test8.pdf,10,"ment (including air bags, tires, and child safety seats).",9.0,False,43.0,175.2113800048828,#231F20,True,mixed,57,True,NewBaskerville-Italic,0.1111111111111111
test8.pdf,10,The following safety recall campaigns are being conducted in coopera-,9.0,False,57.00040054321289,195.21119689941406,#231F20,True,sentence,69,True,NewBaskerville-Italic,0.4
test8.pdf,10,"tion with NHTSA. For more information about NHTSA recall activities,",9.0,False,43.0,205.21107482910156,#231F20,True,mixed,68,True,NewBaskerville-Italic,0.4
test8.pdf,10,you can access NHTSA on the Internet at http://www.nhtsa.dot.gov or by,9.0,False,43.0,215.21095275878906,#231F20,True,mixed,70,True,NewBaskerville-Italic,0.4666666666666667
test8.pdf,10,calling the NHTSA Auto Safety Hotline at 1-888-DASH-2-DOT (1-888-,9.0,False,43.0,225.21083068847656,#231F20,True,mixed,65,True,NewBaskerville-Italic,0.14285714285714285
test8.pdf,10,327-4236).,9.0,False,43.0,235.21070861816406,#231F20,True,mixed,10,True,NewBaskerville-Italic,0.0
test8.pdf,10,AmTran Corporation,9.0,False,43.0,254.51065063476562,#00879C,False,mixed,18,False,Futura-Heavy,0.0
test8.pdf,10,"AmTran is recalling 8,217 1993-1999 Genesis, FE, 1996-1999 RE,",9.0,True,43.0,268.2100830078125,#231F20,False,mixed,62,True,NewBaskerville-Roman,0.16666666666666666
test8.pdf,10,"1997-1999 Conventional, and 1993-1997 Volunteer school buses",9.0,True,43.00000762939453,278.2099609375,#231F20,False,mixed,60,True,NewBaskerville-Bold,0.1111111111111111
test8.pdf,10,equipped with flip seats at the emergency exits. The seat cushion,9.0,False,43.0,288.2098388671875,#231F20,False,mixed,65,True,NewBaskerville-Roman,0.36363636363636365
test8.pdf,10,hinge on the combination flip seat is located in such a manner that,9.0,False,43.0,298.2097473144531,#231F20,False,mixed,67,True,NewBaskerville-Roman,0.5384615384615384
test8.pdf,10,it is within easy reach of the passenger sitting in the seat located be-,9.0,False,43.0,308.20965576171875,#231F20,False,mixed,72,True,NewBaskerville-Roman,0.5
test8.pdf,10,hind the combo flip seat. The hinges on the combo flip seat can,9.0,False,43.0,318.2095642089844,#231F20,False,mixed,63,True,NewBaskerville-Roman,0.38461538461538464
test8.pdf,10,"pinch or sever fingers, resulting in personal injury. [NHTSA Recall",9.0,False,43.0,328.20947265625,#231F20,False,mixed,67,True,NewBaskerville-Roman,0.2
test8.pdf,10,No. 99V061/ AmTran Recall No. 99-303],9.0,False,43.0,338.2093811035156,#231F20,False,mixed,37,True,NewBaskerville-Roman,0.2857142857142857
test8.pdf,10,Bayerische Motoren Werke,9.0,False,43.0,357.5093078613281,#00879C,False,capitalized,24,False,Futura-Heavy,0.0
test8.pdf,10,"BMW is recalling 32,500 1999 BMW 323i and 328i vehicles built",9.0,True,43.0,371.2087707519531,#231F20,False,mixed,61,True,NewBaskerville-Roman,0.16666666666666666
test8.pdf,10,with a side air bag system consisting of door-mounted thorax air,9.0,False,43.00001525878906,381.20867919921875,#231F20,False,mixed,64,True,NewBaskerville-Roman,0.25
test8.pdf,10,"bags (rear door air bags are optional), a Head Protection System",9.0,False,43.00001525878906,391.2085876464844,#231F20,False,mixed,64,True,NewBaskerville-Roman,0.18181818181818182
test8.pdf,10,"(HPS) for front occupants, a central electronic sensor and diagnos-",9.0,False,43.00001525878906,401.20849609375,#231F20,False,sentence,67,True,NewBaskerville-Roman,0.3
test8.pdf,10,"tic system, left and right satellite impact sensors, and associated",9.0,False,43.00001525878906,411.2084045410156,#231F20,False,mixed,67,True,NewBaskerville-Roman,0.2
test8.pdf,10,"wiring, manufactured from June 1998 through March 1999. This",9.0,False,43.00001525878906,421.20831298828125,#231F20,False,mixed,60,True,NewBaskerville-Roman,0.3333333333333333
test8.pdf,10,"system is unduly sensitive to certain non-crash impacts, such as con-",9.0,False,43.00001525878906,431.2082214355469,#231F20,False,mixed,69,True,NewBaskerville-Roman,0.3333333333333333
test8.pdf,10,tacting large potholes or curbs at substantial speed. This could,9.0,False,43.00001525878906,441.2081298828125,#231F20,False,mixed,64,True,NewBaskerville-Roman,0.3
test8.pdf,10,cause the side air bag and HPS to deploy without an actual side,9.0,False,43.00001525878906,451.2080383300781,#231F20,False,mixed,63,True,NewBaskerville-Roman,0.3076923076923077
test8.pdf,10,crash. Owners who do not receive the free remedy within a reason-,9.0,False,43.00001525878906,461.20794677734375,#231F20,False,mixed,65,True,NewBaskerville-Roman,0.4166666666666667
test8.pdf,10,able time should contact BMW at 1-800-831-1117. [NHTSA Recall,9.0,False,43.00001525878906,471.2078552246094,#231F20,False,mixed,61,True,NewBaskerville-Roman,0.16666666666666666
test8.pdf,10,No. 99V063],9.0,False,43.00001525878906,481.207763671875,#231F20,False,capitalized,11,True,NewBaskerville-Roman,0.5
test8.pdf,10,DaimlerChrysler,9.0,False,43.00001525878906,500.5076904296875,#00879C,False,sentence,15,False,Futura-Heavy,0.0
test8.pdf,10,"Chrysler is recalling 263,000 1995-1997 Dodge Ram van and wagon",9.0,True,43.00001525878906,514.2071533203125,#231F20,False,mixed,63,True,NewBaskerville-Roman,0.16666666666666666
test8.pdf,10,model vehicles manufactured from August 1994 through August,9.0,False,43.00000762939453,524.2070922851562,#231F20,False,mixed,59,True,NewBaskerville-Roman,0.25
test8.pdf,10,1997. If water/road salt gets on the interior floor of the vehicle in,9.0,False,43.00000762939453,534.2069702148438,#231F20,False,mixed,69,True,NewBaskerville-Roman,0.42857142857142855
test8.pdf,10,"the proximity of the air bag electronic control module (AECM),",9.0,False,43.00000762939453,544.2068481445312,#231F20,False,mixed,62,True,NewBaskerville-Roman,0.3
test8.pdf,10,the AECM can corrode. The resulting corrosion can cause the dri-,9.0,False,43.00000762939453,554.206787109375,#231F20,False,mixed,64,True,NewBaskerville-Roman,0.45454545454545453
test8.pdf,10,ver side air bag to deploy inadvertently. Deployment of the air bag,9.0,False,43.00000762939453,564.2066650390625,#231F20,False,mixed,67,True,NewBaskerville-Roman,0.25
test8.pdf,10,"without warning could cause a driver to lose vehicle control, in-",9.0,False,43.00000762939453,574.20654296875,#231F20,False,mixed,65,True,NewBaskerville-Roman,0.2727272727272727
test8.pdf,10,creasing the risk of a crash and personal injury. Owners who do,9.0,False,43.00000762939453,584.2064819335938,#231F20,False,mixed,63,True,NewBaskerville-Roman,0.5
test8.pdf,10,not receive the free remedy within a reasonable time should con-,9.0,False,43.00000762939453,594.2063598632812,#231F20,False,mixed,64,True,NewBaskerville-Roman,0.36363636363636365
test8.pdf,10,tact Chrysler at 1-800-992-1997. [NHTSA Recall No.,9.0,False,43.00000762939453,604.2062377929688,#231F20,False,mixed,50,True,NewBaskerville-Roman,0.2
test8.pdf,10,99V023/Chrysler Recall No. 815],9.0,False,43.00000762939453,614.2061157226562,#231F20,False,mixed,31,True,NewBaskerville-Roman,0.2
test8.pdf,10,Ford Motor Company,9.0,False,43.00000762939453,633.506103515625,#00879C,False,capitalized,18,False,Futura-Heavy,0.0
test8.pdf,10,"Ford is recalling 757,000 1992-1997 Ford Aerostar Mini Vans man-",9.0,True,43.00000762939453,647.2055053710938,#231F20,False,mixed,64,True,NewBaskerville-Roman,0.08333333333333333
test8.pdf,10,ufactured from August 1991 through August 1997. These vehicles,9.0,False,43.0,657.2054443359375,#231F20,False,mixed,62,True,NewBaskerville-Roman,0.3333333333333333
test8.pdf,10,were produced with a higher than specified electrical load through,9.0,False,43.0,667.205322265625,#231F20,False,mixed,66,True,NewBaskerville-Roman,0.5
test8.pdf,10,the accessory power feed circuit that connects to the A2 (accesso-,9.0,False,43.0,677.2052001953125,#231F20,False,mixed,66,True,NewBaskerville-Roman,0.36363636363636365
test8.pdf,10,"ry) terminal within the ignition switch. As a result, during startup,",9.0,False,43.0,687.2051391601562,#231F20,False,mixed,69,True,NewBaskerville-Roman,0.36363636363636365
test8.pdf,10,electrical arcing of the A2 terminal to the terminal bridge could,9.0,False,43.0,697.2050170898438,#231F20,False,mixed,65,True,NewBaskerville-Roman,0.36363636363636365
test8.pdf,10,"potentially cause pitting of the bridge. This condition, over time,",9.0,False,43.0,707.2048950195312,#231F20,False,mixed,67,True,NewBaskerville-Roman,0.4
test8.pdf,10,could create a short circuit and allow current to flow through the,9.0,False,43.0,717.204833984375,#231F20,False,mixed,66,True,NewBaskerville-Roman,0.4166666666666667
test8.pdf,10,"ground wiring, causing overheating and the potential for a vehicle",9.0,False,43.0,727.2047119140625,#231F20,False,mixed,66,True,NewBaskerville-Roman,0.4
test8.pdf,10,fire. Owners who do not receive the free remedy within a reason-,9.0,False,43.0,737.2046508789062,#231F20,False,mixed,64,True,NewBaskerville-Roman,0.4166666666666667
test8.pdf,10,able time should contact Ford at 1-800-392-3673. [NHTSA Recall,9.0,False,43.0,747.2045288085938,#231F20,False,mixed,62,True,NewBaskerville-Roman,0.16666666666666666
test8.pdf,10,No. 99V029/Ford Recall No. 99S02],9.0,False,43.0,757.2044067382812,#231F20,False,capitalized,33,True,NewBaskerville-Roman,0.3333333333333333
test8.pdf,10,"Ford will also recall 895,000 certain 1997-1999 RHD Explorer",9.0,True,316.0,135.3518829345703,#231F20,False,mixed,60,True,NewBaskerville-Roman,0.09090909090909091
test8.pdf,10,equipped with 4.0L OHV/SOHC engines and speed control built,9.0,False,316.0,145.3517608642578,#231F20,False,mixed,59,True,NewBaskerville-Roman,0.18181818181818182
test8.pdf,10,"from May 29, 1996 through March 4, 1999; 1998-1999",9.0,True,316.0,155.3516387939453,#231F20,False,mixed,50,True,NewBaskerville-Roman,0.2
test8.pdf,10,Explorer/Mountaineers equipped with 4.0L OHV/SOHC or 5.0L,9.0,True,316.0,165.3515167236328,#231F20,False,mixed,57,True,NewBaskerville-Bold,0.18181818181818182
test8.pdf,10,"engines or 1998-1999 Rangers equipped with 2.5L, 3.0L FFV/EFI",9.0,True,316.0,175.3513946533203,#231F20,False,mixed,61,True,NewBaskerville-Roman,0.15384615384615385
test8.pdf,10,"or 4.0L engines and speed control built from January 5, 1998",9.0,False,316.00091552734375,185.3512725830078,#231F20,False,mixed,60,True,NewBaskerville-Roman,0.25
test8.pdf,10,"through March 4, 1999; 1998-1999 Mustangs equipped with 3.8L,",9.0,True,316.00091552734375,195.3511505126953,#231F20,False,mixed,61,True,NewBaskerville-Roman,0.18181818181818182
test8.pdf,10,4.6L 2-valve or 4-valve engines and speed control built from March,9.0,False,316.0018310546875,205.3510284423828,#231F20,False,mixed,66,True,NewBaskerville-Roman,0.21428571428571427
test8.pdf,10,"2, 1998 through March 4, 1999; 1999 F250/F350/F450/F550 (over",9.0,True,316.0018310546875,215.3509063720703,#231F20,False,mixed,61,True,NewBaskerville-Roman,0.16666666666666666
test8.pdf,10,"8,500 lbs.) trucks equipped with 5.4L or 6.8L engines and speed",9.0,False,316.0018005371094,225.3507843017578,#231F20,False,mixed,63,True,NewBaskerville-Roman,0.21428571428571427
test8.pdf,10,"control built from March 2, 1998 through March 4, 1999; and",9.0,False,316.0018005371094,235.3506622314453,#231F20,False,mixed,59,True,NewBaskerville-Roman,0.2727272727272727
test8.pdf,10,1999 F-53 stripped chassis equipped with 5.4L or 6.8L engines and,9.0,True,316.0018005371094,245.3505401611328,#231F20,False,mixed,65,True,NewBaskerville-Bold,0.21428571428571427
test8.pdf,10,"speed control built from March 2, 1998 through March 4, 1999.",9.0,False,316.0018005371094,255.3504180908203,#231F20,False,mixed,61,True,NewBaskerville-Roman,0.18181818181818182
test8.pdf,10,The speed control cable can interfere with the speed control servo,9.0,False,316.0018005371094,265.35028076171875,#231F20,False,sentence,66,True,NewBaskerville-Roman,0.36363636363636365
test8.pdf,10,pulley and not allow the throttle to return to idle when disengag-,9.0,False,316.0018005371094,275.35015869140625,#231F20,False,mixed,66,True,NewBaskerville-Roman,0.5
test8.pdf,10,ing the speed control. If the speed control is used and this condi-,9.0,False,316.0018005371094,285.35003662109375,#231F20,False,mixed,67,True,NewBaskerville-Roman,0.46153846153846156
test8.pdf,10,"tion is present, a stuck throttle could result, increasing the",9.0,False,316.0018005371094,295.34991455078125,#231F20,False,mixed,62,True,NewBaskerville-Roman,0.3
test8.pdf,10,potential for a crash.  Owners who do not receive the free remedy,9.0,False,316.0018005371094,305.3498229980469,#231F20,False,mixed,65,True,NewBaskerville-Roman,0.5
test8.pdf,10,within a reasonable time should contact Ford at 1-800-392-3673.,9.0,False,316.0018005371094,315.3497314453125,#231F20,False,mixed,63,True,NewBaskerville-Roman,0.25
test8.pdf,10,[NHTSA Recall No. 99V062/Ford Recall No. 99S09],9.0,False,316.0018005371094,325.3496398925781,#231F20,False,mixed,47,True,NewBaskerville-Roman,0.25
test8.pdf,10,Harley-Davidson Motor Company,9.0,False,316.0018005371094,344.6495666503906,#00879C,False,capitalized,29,False,Futura-Heavy,0.0
test8.pdf,10,"Harley-Davidson is recalling 14,211 1999 FLHT, FLHTC, FL-",9.0,True,316.0018005371094,358.3490295410156,#231F20,False,mixed,57,True,NewBaskerville-Roman,0.1
test8.pdf,10,"HTCUI,  FLHTCI, FLHTPI, FLTR, FLTRI, FLHR, FLHPI,",9.0,True,316.0018005371094,368.34893798828125,#231F20,False,all_caps,49,True,NewBaskerville-Bold,0.0
test8.pdf,10,"FLHP, FLHRCI, FXDL, FXDWG, FXDS CONV, FXD, and FXDX",9.0,True,316.0018005371094,378.3488464355469,#231F20,False,mixed,51,True,NewBaskerville-Bold,0.1111111111111111
test8.pdf,10,motorcycles manufactured from February 1998 through January,9.0,False,316.0018005371094,388.3487548828125,#231F20,False,mixed,59,True,NewBaskerville-Roman,0.2857142857142857
test8.pdf,10,1999. The engine cam bolt can lose its clamp load and/or break.,9.0,False,316.0018005371094,398.3486633300781,#231F20,False,mixed,63,True,NewBaskerville-Roman,0.38461538461538464
test8.pdf,10,This condition can cause the engine to quit running with or without,9.0,False,316.0018005371094,408.34857177734375,#231F20,False,sentence,67,True,NewBaskerville-Roman,0.5
test8.pdf,10,"prior warning. In some instances, the engine could run erratically",9.0,False,316.0018005371094,418.3484802246094,#231F20,False,mixed,66,True,NewBaskerville-Roman,0.3
test8.pdf,10,before quitting. Owners who do not receive the free remedy within a,9.0,False,316.0018005371094,428.348388671875,#231F20,False,mixed,67,True,NewBaskerville-Roman,0.5
test8.pdf,10,reasonable time should contact Harley-Davidson at 1-414-342-4680.,9.0,False,316.0018005371094,438.3482971191406,#231F20,False,mixed,65,True,NewBaskerville-Roman,0.18181818181818182
test8.pdf,10,[NHTSA Recall No. 99V003/Harley-Davidson Recall No. 095],9.0,False,316.0018005371094,448.34820556640625,#231F20,False,mixed,56,True,NewBaskerville-Roman,0.2222222222222222
test8.pdf,10,General Motors Corporation,9.0,False,316.0018005371094,467.64813232421875,#00879C,False,capitalized,26,False,Futura-Heavy,0.0
test8.pdf,10,"GM is recalling 2,090 1996-1998 Chevrolet Astro and GMC Safari",9.0,True,316.0018005371094,481.34759521484375,#231F20,False,mixed,62,True,NewBaskerville-Roman,0.16666666666666666
test8.pdf,10,minivans equipped with integrated child seats and manufactured,9.0,True,316.0018005371094,491.3475036621094,#231F20,False,mixed,62,True,NewBaskerville-Bold,0.25
test8.pdf,10,from May 1996 through September 1997. Some of these vehicles,9.0,False,316.0018005371094,501.347412109375,#231F20,False,mixed,60,True,NewBaskerville-Roman,0.5
test8.pdf,10,may be missing a seat belt retractor clutch spring and/or pawl,9.0,False,316.0018005371094,511.34735107421875,#231F20,False,mixed,62,True,NewBaskerville-Roman,0.3333333333333333
test8.pdf,10,"spring in the child seat. If the clutch spring was missing, the seat",9.0,False,316.0018005371094,521.3472290039062,#231F20,False,mixed,68,True,NewBaskerville-Roman,0.46153846153846156
test8.pdf,10,belt would lock in the retracted position and could not be used. If,9.0,False,316.0018005371094,531.3471069335938,#231F20,False,mixed,67,True,NewBaskerville-Roman,0.46153846153846156
test8.pdf,10,"the pawl spring was missing, the seat belt restraint would continu-",9.0,False,316.0018005371094,541.3470458984375,#231F20,False,mixed,67,True,NewBaskerville-Roman,0.2727272727272727
test8.pdf,10,ally play out and not lock. These conditions could increase the oc-,9.0,False,316.0018005371094,551.3469848632812,#231F20,False,mixed,67,True,NewBaskerville-Roman,0.4166666666666667
test8.pdf,10,cupant’s risk of injury in the event of a vehicle crash. Dealers will,9.0,False,316.0018005371094,561.3468627929688,#231F20,False,mixed,69,True,NewBaskerville-Roman,0.5
test8.pdf,10,"inspect the seat belts on the child seats, and if necessary, replace",9.0,False,316.0018005371094,571.3467407226562,#231F20,False,mixed,68,True,NewBaskerville-Roman,0.4166666666666667
test8.pdf,10,the child seat. Owners who do not receive the free remedy within,9.0,False,316.0018005371094,581.3466186523438,#231F20,False,mixed,64,True,NewBaskerville-Roman,0.4166666666666667
test8.pdf,10,a reasonable time should contact Chevrolet at 1-800-222-1020 or,9.0,False,316.0018005371094,591.3464965820312,#231F20,False,mixed,63,True,NewBaskerville-Roman,0.3333333333333333
test8.pdf,10,GMC at 1-800-462-8782. [NHTSA Recall No. 99V009/GM Recall,9.0,False,316.0018005371094,601.346435546875,#231F20,False,mixed,57,True,NewBaskerville-Roman,0.16666666666666666
test8.pdf,10,No. 98071],9.0,False,316.0018005371094,611.3463134765625,#231F20,False,sentence,10,True,NewBaskerville-Roman,0.5
test8.pdf,10,"GM is also recalling 988,587 1994 Chevrolet C10, C20, C30,",9.0,True,316.0018005371094,621.34619140625,#231F20,False,mixed,58,True,NewBaskerville-Roman,0.09090909090909091
test8.pdf,10,"C3500, Suburban, GMC C15, C25, C35, C3500, and Suburban ve-",9.0,True,316.0018005371094,631.3461303710938,#231F20,False,mixed,59,True,NewBaskerville-Bold,0.2
test8.pdf,10,hicles manufactured from March 1993 through September 1994.,9.0,True,316.0018005371094,641.3460083007812,#231F20,False,mixed,59,True,NewBaskerville-Bold,0.25
test8.pdf,10,These vehicles were built with the polarity of the wiring for the,9.0,False,316.0018005371094,651.3458862304688,#231F20,False,sentence,65,True,NewBaskerville-Roman,0.6666666666666666
test8.pdf,10,brake switch reversed from what was specified on the switch draw-,9.0,False,316.0018005371094,661.3457641601562,#231F20,False,mixed,65,True,NewBaskerville-Roman,0.45454545454545453
test8.pdf,10,"ing. With the reversed polarity, the contacts in the brake switch",9.0,False,316.0018005371094,671.3456420898438,#231F20,False,mixed,65,True,NewBaskerville-Roman,0.45454545454545453
test8.pdf,10,can wear out prematurely. The brake switch will perform normal-,9.0,False,316.0018005371094,681.3455810546875,#231F20,False,mixed,63,True,NewBaskerville-Roman,0.4
test8.pdf,10,"ly until the brake switch contacts wear out, resulting in loss of the",9.0,False,316.0018005371094,691.345458984375,#231F20,False,mixed,69,True,NewBaskerville-Roman,0.46153846153846156
test8.pdf,10,brake lamps without any warning to the driver. This would fail to,9.0,False,316.0018005371094,701.3453979492188,#231F20,False,mixed,65,True,NewBaskerville-Roman,0.4166666666666667
test8.pdf,10,warn a following driver that the vehicle is braking and could lead,9.0,False,316.0018005371094,711.3452758789062,#231F20,False,mixed,66,True,NewBaskerville-Roman,0.4166666666666667
test8.pdf,10,to a crash. Owners who do not receive the free remedy within a,9.0,False,316.0018005371094,721.3451538085938,#231F20,False,mixed,62,True,NewBaskerville-Roman,0.5384615384615384
test8.pdf,10,reasonable time should contact Chevrolet at 1-800-222-1020 or,9.0,False,316.0018005371094,731.3450927734375,#231F20,False,mixed,61,True,NewBaskerville-Roman,0.2727272727272727
test8.pdf,10,GMC at 1-800-462-8782. [NHTSA Recall No. 99V025/GM Recall,9.0,False,316.0018005371094,741.344970703125,#231F20,False,mixed,57,True,NewBaskerville-Roman,0.16666666666666666
test8.pdf,10,No. 98065],9.0,False,316.0018005371094,751.3449096679688,#231F20,False,sentence,10,True,NewBaskerville-Roman,0.5
test8.pdf,11,United States Government,10.0,False,109.0,104.35999298095703,#231F20,False,capitalized,24,False,Futura,0.0
test8.pdf,11,Information,10.0,False,109.0,116.35999298095703,#231F20,False,capitalized,11,False,Futura,0.0
test8.pdf,11,Order Processing Code: *5822,14.0,False,43.0,131.03199768066406,#231F20,False,mixed,28,False,Futura,0.0
test8.pdf,11,Credit card orders are welcome!,10.0,False,43.0,152.3599853515625,#231F20,False,sentence,31,False,Futura,0.2
test8.pdf,11,Fax your orders (202) 512-2250,10.0,False,43.0,164.3599853515625,#231F20,False,sentence,30,False,Futura,0.16666666666666666
test8.pdf,11,Phone your orders (202) 512-1800,10.0,False,43.0,176.3599853515625,#231F20,False,sentence,32,False,Futura,0.16666666666666666
test8.pdf,11,"l YES, please send ____ subscriptions to:",14.0,False,43.0,193.47999572753906,#231F20,False,mixed,41,True,Carta,0.14285714285714285
test8.pdf,11,Consumer Product Safety Review (SAFRE) at $10.00 a,10.0,False,43.0,214.3599853515625,#231F20,False,mixed,50,False,Futura-Heavy,0.2222222222222222
test8.pdf,11,year ($12.50 foreign).,10.0,False,43.0,226.3599853515625,#231F20,False,mixed,22,False,Futura-Heavy,0.0
test8.pdf,11,The total cost of my order is $ ______________.,10.0,False,43.0,252.3599853515625,#231F20,False,sentence,47,False,Futura,0.5
test8.pdf,11,Price includes regular shipping & handling and is subject to change.,7.0,False,43.0,266.8559875488281,#231F20,False,sentence,68,False,Futura,0.3
test8.pdf,11,Company or personal name   (Please print or type),7.0,False,43.0,294.8559875488281,#231F20,False,mixed,49,False,Futura,0.25
test8.pdf,11,Additional address/attention line,7.0,False,43.0,315.8559875488281,#231F20,False,sentence,33,False,Futura,0.0
test8.pdf,11,Street address,7.0,False,43.0,336.8559875488281,#231F20,False,sentence,14,False,Futura,0.0
test8.pdf,11,"City, State, Zip code",7.0,False,43.0,357.8559875488281,#231F20,False,mixed,21,False,Futura,0.0
test8.pdf,11,Daytime phone including area code,7.0,False,43.0,378.8559875488281,#231F20,False,sentence,33,False,Futura,0.0
test8.pdf,11,Puchase order number (optional),7.0,False,43.0,399.8559875488281,#231F20,False,sentence,31,False,Futura,0.0
test8.pdf,11,Don’t miss a single issue of the quarterly Consumer Product Safety Review.,10.0,False,52.0,62.95001983642578,#FFFFFF,False,mixed,74,False,Futura-Heavy,0.38461538461538464
test8.pdf,11,Complete the subscription form below or visit CPSC’s web site at http://www.cpsc.gov.,10.0,False,52.0,75.95001983642578,#FFFFFF,False,mixed,85,False,Futura-Heavy,0.3125
test8.pdf,11,"For privacy protection, check box below:",10.0,False,313.0,104.35999298095703,#231F20,False,sentence,40,False,Futura-Heavy,0.3333333333333333
test8.pdf,11,l Do not make my name available to other mailers,16.0,False,313.0,117.87998962402344,#231F20,False,mixed,48,True,Carta,0.5
test8.pdf,11,Check method of payment:,10.0,False,313.0,144.3599853515625,#231F20,False,sentence,24,False,Futura-Heavy,0.25
test8.pdf,11,l Check payable to: Superintendent of Documents,16.0,False,313.0,157.87998962402344,#231F20,False,mixed,47,True,Carta,0.2857142857142857
test8.pdf,11,l GPO Deposit Account  lllllll – l,16.0,False,313.0,180.87998962402344,#231F20,False,mixed,34,True,Carta,0.0
test8.pdf,11,l VISA      l Mastercard,16.0,False,312.9999694824219,208.87998962402344,#231F20,False,mixed,24,True,Carta,0.0
test8.pdf,11,llllllllllllllllllll,16.0,False,313.0,233.87998962402344,#231F20,False,mixed,20,True,Carta,0.0
test8.pdf,11,Expiration date  llll,16.0,False,313.0,257.8800048828125,#231F20,False,sentence,21,True,Futura,0.0
test8.pdf,11,Authorizing signature                                                    5/96,10.0,False,313.0,293.3599853515625,#231F20,False,sentence,77,False,Futura,0.0
test8.pdf,11,Mail to:,10.0,False,313.0,313.3599853515625,#231F20,False,sentence,8,False,Futura,0.5
test8.pdf,11,Superintendent of Documents,10.0,False,313.0,325.3599853515625,#231F20,False,mixed,27,False,Futura-Heavy,0.3333333333333333
test8.pdf,11,P.O. Box 371954,10.0,False,313.0,337.3599853515625,#231F20,False,mixed,15,False,Futura-Heavy,0.25
test8.pdf,11,"Pittsburgh, PA 15250-7954",10.0,False,313.0,349.3599853515625,#231F20,False,mixed,25,False,Futura-Heavy,0.0
test8.pdf,11,Important: Please include this completed order form with,10.0,False,313.0,371.3599853515625,#231F20,False,mixed,56,False,Futura,0.25
test8.pdf,11,your remittance.,10.0,False,313.0,381.3599853515625,#231F20,False,mixed,16,False,Futura,0.5
test8.pdf,11,Thank you for your order!,10.0,False,313.0,398.3599853515625,#231F20,False,sentence,25,False,Futura,0.6
test8.pdf,11,Consumer Product Safety Review is published quarterly by the U.S.,8.0,False,56.0,440.42608642578125,#231F20,True,mixed,65,True,NewBaskerville-Italic,0.36363636363636365
test8.pdf,11,"Consumer Product Safety Commission, Washington, DC 20207.",8.0,False,56.0,449.42608642578125,#231F20,False,mixed,57,True,NewBaskerville-Roman,0.0
test8.pdf,11,"For subscription inquiries, contact:",8.0,True,56.0,458.42608642578125,#231F20,False,sentence,36,True,NewBaskerville-Bold,0.25
test8.pdf,11,Superintendent of Documents (see above).,8.0,False,56.0,467.42608642578125,#231F20,False,mixed,40,True,NewBaskerville-Roman,0.4
test8.pdf,11,"For editorial correspondence, contact:",8.0,True,56.0,476.42608642578125,#231F20,False,sentence,38,True,NewBaskerville-Bold,0.25
test8.pdf,11,"Nancy Sachs, CPSC, nsachs@cpsc.gov",8.0,False,56.0,485.42608642578125,#231F20,False,mixed,34,True,NewBaskerville-Roman,0.0
test8.pdf,11,Phone: 301-504-0554/Fax: 301-504-0407.,8.0,False,56.0,494.42608642578125,#231F20,False,mixed,38,True,NewBaskerville-Roman,0.0
test8.pdf,11,"For marketing inquiries, contact:",8.0,True,56.0,503.42608642578125,#231F20,False,sentence,33,True,NewBaskerville-Bold,0.25
test8.pdf,11,"Lynn Barclay, CPSC, lbarclay@cpsc.gov",8.0,False,56.0,512.4260864257812,#231F20,False,mixed,37,True,NewBaskerville-Roman,0.0
test8.pdf,11,"Lola Springer, CPSC",8.0,False,56.0,521.4260864257812,#231F20,False,mixed,19,True,NewBaskerville-Roman,0.0
test8.pdf,11,Phone: 301-504-0106/Fax: 301-713-0047.,8.0,False,56.0,530.4260864257812,#231F20,False,mixed,38,True,NewBaskerville-Roman,0.0
test8.pdf,11,To report consumer product-related injuries or for information on prod-,8.0,False,313.0,440.42608642578125,#231F20,False,sentence,71,True,NewBaskerville-Roman,0.36363636363636365
test8.pdf,11,"uct safety, including recalls, contact CPSC by:",8.0,False,313.0,449.42608642578125,#231F20,False,mixed,47,True,NewBaskerville-Roman,0.14285714285714285
test8.pdf,11,Toll-free Hotline: 1-800-638-2772,8.0,True,313.0,458.42608642578125,#231F20,False,mixed,33,True,NewBaskerville-Bold,0.0
test8.pdf,11,World Wide Web: http://www.cpsc.gov,8.0,True,313.0,467.42608642578125,#231F20,False,mixed,35,True,NewBaskerville-Bold,0.0
test8.pdf,11,Internet Gopher: cpsc.gov,8.0,True,313.0,476.42608642578125,#231F20,False,mixed,25,True,NewBaskerville-Bold,0.0
test8.pdf,11,E-mail address: info@cpsc.gov,8.0,True,313.0,485.42608642578125,#231F20,False,sentence,29,True,NewBaskerville-Bold,0.0
test8.pdf,11,Fax-on-demand service: call 301-504-0051 from the handset of a fax,8.0,True,313.0,494.42608642578125,#231F20,False,sentence,66,True,NewBaskerville-Bold,0.35714285714285715
test8.pdf,11,machine,8.0,False,313.0,503.42608642578125,#231F20,False,mixed,7,True,NewBaskerville-Roman,0.0
test8.pdf,11,TTY for hearing and speech-impaired: 1-800-638-8270,8.0,True,313.0,512.4260864257812,#231F20,False,sentence,51,True,NewBaskerville-Bold,0.2
test8.pdf,11,$,14.0,False,28.0,414.1134338378906,#231F20,False,mixed,1,False,ZapfDingbats,0.0
test8.pdf,11,U.S. CONSUMER PRODUCT SAFETY COMMISSION,10.0,True,41.29999923706055,560.2176513671875,#231F20,False,all_caps,39,True,NewBaskerville-Bold,0.16666666666666666
test8.pdf,11,"WASHINGTON, D.C. 20207",10.0,True,99.00999450683594,573.2176513671875,#231F20,False,mixed,22,True,NewBaskerville-Bold,0.25
test8.pdf,11,OFFICIAL BUSINESS,7.0,False,129.94000244140625,597.93603515625,#231F20,False,all_caps,17,False,Futura-Book,0.0
test8.pdf,11,"PENALTY FOR PRIVATE USE, $300",7.0,False,108.2302017211914,607.9362182617188,#231F20,False,mixed,29,False,Futura-Book,0.2
test8.pdf,11,An Equal Opportunity Employer,7.0,False,113.45010375976562,617.9364013671875,#231F20,False,capitalized,29,False,Futura-Book,0.25
test8.pdf,11,Comments?,8.0,False,232.19000244140625,483.92608642578125,#231F20,False,capitalized,9,True,NewBaskerville-Roman,0.0
test8.pdf,11,Please,8.0,False,241.9499969482422,490.92608642578125,#231F20,False,capitalized,6,True,NewBaskerville-Roman,0.0
test8.pdf,11,contact us!,8.0,False,233.88040161132812,497.92608642578125,#231F20,False,mixed,11,True,NewBaskerville-Roman,0.0
test9.pdf,0,Monterey Bay,42.720001220703125,True,516.2874755859375,255.898681640625,#4348AA,False,capitalized,12,False,Arial-BoldMT,0.0
test9.pdf,0,National Marine Sanctuary,42.720001220703125,True,464.9294738769531,127.73870849609375,#4348AA,False,capitalized,25,False,Arial-BoldMT,0.0
test9.pdf,0,Marine Protected Area Planning Process,34.08000183105469,False,384.6705017089844,103.25872802734375,#000000,False,capitalized,38,False,ArialMT,0.0
test9.pdf,0,"April 18, 2008",34.08000183105469,False,335.4692077636719,306.5390930175781,#000000,False,sentence,14,False,ArialMT,0.0
test9.pdf,0,Sanctuary Advisory Council Meeting,34.08000183105469,False,237.07000732421875,137.5806884765625,#000000,False,capitalized,34,False,ArialMT,0.0
test9.pdf,1,The National Marine Sanctuaries Act,34.08000183105469,True,506.5904846191406,102.5386962890625,#4348AA,False,capitalized,35,False,Arial-BoldMT,0.2
test9.pdf,1,•Congress mandated that national marine sanctuaries be,25.68000030517578,False,464.92291259765625,31.97869873046875,#000000,False,sentence,54,False,ArialMT,0.2857142857142857
test9.pdf,1,managed to protect biodiversity and ecosystem components,25.68000030517578,False,434.2096252441406,41.32623291015625,#000000,False,mixed,56,False,ArialMT,0.2857142857142857
test9.pdf,1,"•Focus is on protection and management of natural habitats,",25.68000030517578,False,351.41729736328125,31.97869873046875,#000000,False,sentence,59,False,ArialMT,0.4444444444444444
test9.pdf,1,"populations, biological communities and ecological processes",25.68000030517578,False,320.7040100097656,41.32623291015625,#000000,False,mixed,60,False,ArialMT,0.16666666666666666
test9.pdf,1,•The NMSA provides for a comprehensive and coordinated,25.68000030517578,False,237.91168212890625,31.97869873046875,#000000,False,mixed,54,False,ArialMT,0.5
test9.pdf,1,approach to conservation and management of special marine,25.68000030517578,False,207.19839477539062,41.32623291015625,#000000,False,mixed,57,False,ArialMT,0.375
test9.pdf,1,areas: ecosystem-based management,25.68000030517578,False,176.485107421875,41.32623291015625,#000000,False,mixed,33,False,ArialMT,0.0
test9.pdf,1,•NMSA may complement single species management of the,25.68000030517578,False,93.69279479980469,31.97869873046875,#000000,False,sentence,53,False,ArialMT,0.25
test9.pdf,1,"Magnuson-Stevens Act, the ESA and MMPA",25.68000030517578,False,62.979515075683594,41.32623291015625,#000000,False,mixed,38,False,ArialMT,0.2857142857142857
test9.pdf,2,Impacts to ecosystem components in MBNMS,34.08000183105469,True,521.2305297851562,21.65869140625,#4348AA,False,mixed,40,False,Arial-BoldMT,0.3333333333333333
test9.pdf,2,•,21.360000610351562,False,446.1543273925781,38.21868896484375,#000000,False,mixed,1,False,ArialMT,0.0
test9.pdf,2,Natural and anthropogenic impacts to ecosystem components of the,21.360000610351562,False,446.1543273925781,67.01629638671875,#000000,False,sentence,64,False,ArialMT,0.4444444444444444
test9.pdf,2,MBNMS,21.360000610351562,False,423.10687255859375,67.01629638671875,#000000,False,all_caps,5,False,ArialMT,0.0
test9.pdf,2,–,21.360000610351562,False,395.0184631347656,76.60693359375,#000000,False,mixed,1,False,ArialMT,0.0
test9.pdf,2,"Seasonal upwelling, El nino, climate change, etc.",21.360000610351562,False,395.033447265625,100.6134033203125,#000000,False,mixed,49,False,ArialMT,0.0
test9.pdf,2,–,21.360000610351562,False,366.7100830078125,76.6260986328125,#000000,False,mixed,1,False,ArialMT,0.0
test9.pdf,2,"Pollution, invasive species, disease, destructive fishing practices",21.360000610351562,False,366.71435546875,100.6134033203125,#000000,False,sentence,67,False,ArialMT,0.0
test9.pdf,2,"(over fishing, trawling impacts to benthic environment), coastal",21.360000610351562,False,343.6669006347656,100.6134033203125,#000000,False,mixed,64,False,ArialMT,0.25
test9.pdf,2,"development, aquaculture, etc.",21.360000610351562,False,320.61944580078125,100.6134033203125,#000000,False,mixed,30,False,ArialMT,0.0
test9.pdf,2,•,21.360000610351562,False,263.3746337890625,38.2208251953125,#000000,False,mixed,1,True,Times-Roman,0.0
test9.pdf,2,Tools to address impacts,21.360000610351562,False,264.2312316894531,67.01837158203125,#000000,False,sentence,24,False,ArialMT,0.25
test9.pdf,2,–,21.360000610351562,False,235.90786743164062,76.6090087890625,#000000,False,mixed,1,False,ArialMT,0.0
test9.pdf,2,"Water quality programs, effective fishery management practices",21.360000610351562,False,235.91213989257812,100.6134033203125,#000000,False,sentence,62,False,ArialMT,0.0
test9.pdf,2,"(by the PFMC), marine zoning:",21.360000610351562,False,212.8647003173828,100.6134033203125,#000000,False,mixed,29,False,ArialMT,0.4
test9.pdf,2,–,21.360000610351562,False,184.5413360595703,76.604736328125,#000000,False,mixed,1,False,ArialMT,0.0
test9.pdf,2,MPAs to address impacts to ecological interactions among,21.360000610351562,False,184.5520477294922,100.613525390625,#000000,False,sentence,56,False,ArialMT,0.25
test9.pdf,2,"biological populations, communities, and their habitat, and future",21.360000610351562,False,161.50460815429688,100.613525390625,#000000,False,mixed,66,False,ArialMT,0.375
test9.pdf,2,impacts to the system,21.360000610351562,False,138.46690368652344,100.61578369140625,#000000,False,mixed,21,False,ArialMT,0.5
test9.pdf,2,Use of complementary tools to reach multiple management objectives,21.360000610351562,False,82.0743408203125,37.091949462890625,#000000,False,sentence,66,False,ArialMT,0.2222222222222222
test9.pdf,3,MPAs as a tool for,34.08000183105469,True,548.1105346679688,240.5386962890625,#4348AA,False,sentence,18,False,Arial-BoldMT,0.6
test9.pdf,3,ecosystem-based management,34.08000183105469,True,507.0714416503906,135.89947509765625,#4348AA,False,mixed,26,False,Arial-BoldMT,0.0
test9.pdf,3,Research has shown that carefully crafted MPAs can be,25.68000030517578,False,454.6029052734375,38.21868896484375,#000000,False,mixed,53,False,ArialMT,0.4444444444444444
test9.pdf,3,effective tools for maintaining and improving:,25.68000030517578,False,426.9969177246094,38.21868896484375,#000000,False,mixed,46,False,ArialMT,0.3333333333333333
test9.pdf,3,Populations,25.68000030517578,False,371.56292724609375,58.22405242919922,#4348AA,False,capitalized,11,False,ArialMT,0.0
test9.pdf,3,•,25.68000030517578,False,343.9627990722656,38.21868896484375,#000000,False,mixed,1,False,ArialMT,0.0
test9.pdf,3,species diversity,21.360000610351562,False,344.87432861328125,61.25872802734375,#000000,False,mixed,17,False,ArialMT,0.0
test9.pdf,3,•,21.360000610351562,False,320.8656921386719,38.2113037109375,#000000,False,mixed,1,False,ArialMT,0.0
test9.pdf,3,species number and size,21.360000610351562,False,320.8742370605469,57.45269775390625,#000000,False,mixed,23,False,ArialMT,0.25
test9.pdf,3,•,21.360000610351562,False,297.5918273925781,38.20733642578125,#000000,False,mixed,1,False,ArialMT,0.0
test9.pdf,3,larger fish produce many more young that are healthier and,21.360000610351562,False,297.59393310546875,57.45849609375,#000000,False,mixed,58,False,ArialMT,0.4
test9.pdf,3,more likely to survive,21.360000610351562,False,286.31585693359375,38.213134765625,#000000,False,mixed,22,False,ArialMT,0.5
test9.pdf,3,Communities,25.68000030517578,False,247.0028076171875,58.22405242919922,#4348AA,False,capitalized,11,False,ArialMT,0.0
test9.pdf,3,•,25.68000030517578,False,219.40292358398438,38.21868896484375,#000000,False,mixed,1,False,ArialMT,0.0
test9.pdf,3,community structure such as trophic structure in foodwebs,21.360000610351562,False,220.31443786621094,61.25872802734375,#000000,False,mixed,57,False,ArialMT,0.375
test9.pdf,3,•,21.360000610351562,False,196.07083129882812,38.2113037109375,#000000,False,mixed,1,False,ArialMT,0.0
test9.pdf,3,benthic habitat quality (more complex and heterogeneous),21.360000610351562,False,196.0751495361328,57.45849609375,#000000,False,mixed,56,False,ArialMT,0.2857142857142857
test9.pdf,3,Ecosystems,25.68000030517578,False,168.5228271484375,65.42406463623047,#4348AA,False,capitalized,10,False,ArialMT,0.0
test9.pdf,3,•,25.68000030517578,False,140.92282104492188,38.21868896484375,#000000,False,mixed,1,False,ArialMT,0.0
test9.pdf,3,ecosystem productivity and stability,21.360000610351562,False,141.83433532714844,61.25872802734375,#000000,False,mixed,36,False,ArialMT,0.25
test9.pdf,3,•,21.360000610351562,False,117.82569885253906,38.2113037109375,#000000,False,mixed,1,False,ArialMT,0.0
test9.pdf,3,"ecosystem resiliency: ability to recover, resist and reverse natural and",21.360000610351562,False,117.83424377441406,57.5867919921875,#000000,False,mixed,72,False,ArialMT,0.3
test9.pdf,3,human disturbances,21.360000610351562,False,106.29984283447266,38.2132568359375,#000000,False,mixed,18,False,ArialMT,0.0
test9.pdf,3,•,21.360000610351562,False,71.5257568359375,38.2132568359375,#000000,False,mixed,1,False,ArialMT,0.0
test9.pdf,3,serve as research areas to better distinguish between natural and,21.360000610351562,False,71.512939453125,57.58447265625,#000000,False,mixed,65,False,ArialMT,0.4
test9.pdf,3,anthropogenic perturbations to ecosystem components,21.360000610351562,False,48.46549987792969,38.2109375,#000000,False,mixed,51,False,ArialMT,0.2
test9.pdf,4,Existing Protections,34.08000183105469,True,529.6305541992188,211.0186767578125,#4348AA,False,capitalized,20,False,Arial-BoldMT,0.0
test9.pdf,4,EFH-RCA-MLPA,34.08000183105469,True,488.5914001464844,245.3372802734375,#4348AA,False,all_caps,12,False,Arial-BoldMT,0.0
test9.pdf,4,Existing spatial management measures in state and federal waters of the,21.360000610351562,False,405.8344421386719,40.37872314453125,#000000,False,sentence,71,False,ArialMT,0.36363636363636365
test9.pdf,4,"Sanctuary provide valuable protections from impacts in certain habitats,",21.360000610351562,False,380.15972900390625,47.81201171875,#000000,False,sentence,72,False,ArialMT,0.2222222222222222
test9.pdf,4,but habitats further offshore are either:,21.360000610351562,False,354.4850158691406,47.81201171875,#000000,False,mixed,41,False,ArialMT,0.5
test9.pdf,4,"-Not adequately represented in existing MPAs, or",21.360000610351562,False,318.2370910644531,47.81201171875,#000000,False,mixed,48,False,ArialMT,0.42857142857142855
test9.pdf,4,- Not adequately protected by the gear based restrictions associated with,21.360000610351562,False,281.75421142578125,47.81201171875,#000000,False,sentence,73,False,ArialMT,0.4
test9.pdf,4,EFH or the RCAs,21.360000610351562,False,245.50628662109375,19.01873779296875,#000000,False,mixed,15,False,ArialMT,0.5
test9.pdf,4,-,21.360000610351562,False,232.60484313964844,19.01873779296875,#000000,False,mixed,1,False,ArialMT,0.0
test9.pdf,4,Fishery-based MPAs,21.360000610351562,False,214.91876220703125,55.907470703125,#000000,False,mixed,18,False,ArialMT,0.0
test9.pdf,4,target single species - not ecological interactions,21.360000610351562,False,209.03623962402344,272.0535888671875,#000000,False,mixed,51,False,ArialMT,0.16666666666666666
test9.pdf,4,of non target species and their habitat,21.360000610351562,False,208.09640502929688,19.02301025390625,#000000,False,mixed,39,False,ArialMT,0.42857142857142855
test9.pdf,5,Existing MBNMS Zoning,34.08000183105469,True,525.7904663085938,210.7786865234375,#4348AA,False,mixed,21,False,Arial-BoldMT,0.0
test9.pdf,5,Zones or MPAs are a not a new tool of spatial management for,25.68000030517578,False,429.8828125,31.97869873046875,#000000,False,mixed,60,False,ArialMT,0.5384615384615384
test9.pdf,5,the MBNMS:,25.68000030517578,False,399.1695251464844,46.38519287109375,#000000,False,mixed,10,False,ArialMT,0.5
test9.pdf,5,• Certain human activities otherwise prohibited throughout the,25.68000030517578,False,357.9017639160156,31.97869873046875,#000000,False,sentence,62,False,ArialMT,0.14285714285714285
test9.pdf,5,"Sanctuary are allowed (motorized personal watercraft, harbor",25.68000030517578,False,327.1884765625,46.38519287109375,#000000,False,sentence,60,False,ArialMT,0.14285714285714285
test9.pdf,5,"dredge disposal, jade collecting)",25.68000030517578,False,296.4751892089844,46.38519287109375,#000000,False,mixed,33,False,ArialMT,0.0
test9.pdf,5,• Certain human activities are specifically prohibited (shark,25.68000030517578,False,213.682861328125,31.97869873046875,#000000,False,sentence,61,False,ArialMT,0.14285714285714285
test9.pdf,5,"chumming, low over-flights)",25.68000030517578,False,182.96957397460938,46.38519287109375,#000000,False,mixed,27,False,ArialMT,0.25
test9.pdf,6,MPAs in federal waters of the MBNMS,34.08000183105469,True,496.99041748046875,88.37872314453125,#4348AA,False,mixed,35,False,Arial-BoldMT,0.42857142857142855
test9.pdf,6,as an ecosystem-based tool to address,34.08000183105469,True,455.9513244628906,76.85968017578125,#4348AA,False,mixed,37,False,Arial-BoldMT,0.42857142857142855
test9.pdf,6,•,25.68000030517578,False,394.3628234863281,76.85870361328125,#000000,False,mixed,1,False,ArialMT,0.0
test9.pdf,6,Preservation of unique and rare areas in their natural,25.68000030517578,False,394.3628234863281,105.6561279296875,#000000,False,sentence,54,False,ArialMT,0.4444444444444444
test9.pdf,6,state for the benefit of future generations,25.68000030517578,False,363.6495361328125,105.6561279296875,#000000,False,mixed,43,False,ArialMT,0.42857142857142855
test9.pdf,6,• Preservation of areas where natural ecosystem,25.68000030517578,False,289.9736022949219,76.86883544921875,#000000,False,sentence,47,False,ArialMT,0.3333333333333333
test9.pdf,6,components are maintained and/or restored,25.68000030517578,False,259.23980712890625,105.6588134765625,#000000,False,mixed,41,False,ArialMT,0.5
test9.pdf,6,•,25.68000030517578,False,185.5587158203125,76.85870361328125,#000000,False,mixed,1,False,ArialMT,0.0
test9.pdf,6,Designation of research areas to differentiate,25.68000030517578,False,185.5587158203125,105.6561279296875,#000000,False,sentence,46,False,ArialMT,0.3333333333333333
test9.pdf,6,between natural variation versus human impacts to,25.68000030517578,False,154.84542846679688,105.6561279296875,#000000,False,mixed,49,False,ArialMT,0.2857142857142857
test9.pdf,6,ecological processes and components.,25.68000030517578,False,124.13214874267578,105.6561279296875,#000000,False,mixed,36,False,ArialMT,0.25
test9.pdf,7,….unique and rare areas… ….for the,34.08000183105469,True,525.070556640625,90.0587158203125,#4348AA,False,mixed,34,False,Arial-BoldMT,0.5
test9.pdf,7,benefit of future generations,34.08000183105469,True,484.0314025878906,154.8583984375,#4348AA,False,mixed,29,False,Arial-BoldMT,0.25
test9.pdf,7,•,25.68000030517578,False,439.2427978515625,70.37872314453125,#000000,False,mixed,1,False,ArialMT,0.0
test9.pdf,7,The NMSA states that the NMSP will maintain for future,25.68000030517578,False,439.2427978515625,99.17608642578125,#000000,False,mixed,54,False,ArialMT,0.5
test9.pdf,7,"generations the habitat, and ecological services, of the",25.68000030517578,False,408.5295104980469,99.17608642578125,#000000,False,mixed,56,False,ArialMT,0.5
test9.pdf,7,natural assemblages of living resources,25.68000030517578,False,377.81622314453125,99.17608642578125,#000000,False,mixed,39,False,ArialMT,0.2
test9.pdf,7,•,25.68000030517578,False,304.1402893066406,70.3887939453125,#000000,False,mixed,1,False,ArialMT,0.0
test9.pdf,7,Intrinsic or inherent value: areas of unique and,25.68000030517578,False,304.11981201171875,99.17608642578125,#000000,False,sentence,48,False,ArialMT,0.375
test9.pdf,7,exceptional natural qualities,25.68000030517578,False,273.4065246582031,99.17608642578125,#000000,False,mixed,29,False,ArialMT,0.0
test9.pdf,7,•,25.68000030517578,False,199.73062133789062,70.3887939453125,#000000,False,mixed,1,False,ArialMT,0.0
test9.pdf,7,Examples may include deep-sea coral and sponge,25.68000030517578,False,199.71771240234375,99.17608642578125,#000000,False,sentence,46,False,ArialMT,0.125
test9.pdf,7,"communities, chemosynthetic biological communities",25.68000030517578,False,169.00442504882812,99.17608642578125,#000000,False,mixed,50,False,ArialMT,0.0
test9.pdf,7,•,25.68000030517578,False,95.0973892211914,70.3887939453125,#000000,False,mixed,1,False,ArialMT,0.0
test9.pdf,7,Proactively steward special places within the MBNMS,25.68000030517578,False,95.07691955566406,99.17608642578125,#000000,False,mixed,51,False,ArialMT,0.14285714285714285
test9.pdf,8,….areas where natural ecosystem,34.08000183105469,True,522.430419921875,133.25872802734375,#4348AA,False,mixed,31,False,Arial-BoldMT,0.25
test9.pdf,8,components are maintained and/or restored,34.08000183105469,True,481.62982177734375,51.657470703125,#4348AA,False,mixed,41,False,Arial-BoldMT,0.5
test9.pdf,8,•,25.68000030517578,False,441.642822265625,44.69873046875,#000000,False,mixed,1,False,ArialMT,0.0
test9.pdf,8,"Fishing activities have altered population abundances, and",25.68000030517578,False,441.642822265625,73.49609375,#000000,False,sentence,58,False,ArialMT,0.2857142857142857
test9.pdf,8,"size and age structure of species, community composition,",25.68000030517578,False,414.0368347167969,73.49609375,#000000,False,mixed,57,False,ArialMT,0.25
test9.pdf,8,and habitat structure.,25.68000030517578,False,386.43084716796875,73.49609375,#000000,False,mixed,22,False,ArialMT,0.3333333333333333
test9.pdf,8,•,25.68000030517578,False,317.7368469238281,44.70880126953125,#000000,False,mixed,1,True,Times-Roman,0.0
test9.pdf,8,Impacts of fishing on community and ecosystem structure,25.68000030517578,False,318.76141357421875,73.498779296875,#000000,False,sentence,55,False,ArialMT,0.375
test9.pdf,8,still not well understood.,25.68000030517578,False,291.1554260253906,73.498779296875,#000000,False,mixed,26,False,ArialMT,0.25
test9.pdf,8,•,25.68000030517578,False,222.46144104003906,44.71148681640625,#000000,False,mixed,1,True,Times-Roman,0.0
test9.pdf,8,Precautionary approach dictates setting aside a few areas,25.68000030517578,False,223.48092651367188,73.498779296875,#000000,False,sentence,57,False,ArialMT,0.25
test9.pdf,8,where human activities are minimized to hedge against,25.68000030517578,False,195.87490844726562,73.498779296875,#000000,False,mixed,53,False,ArialMT,0.5
test9.pdf,8,scientific and management uncertainty.,25.68000030517578,False,168.2689208984375,73.498779296875,#000000,False,mixed,38,False,ArialMT,0.25
test9.pdf,8,•,25.68000030517578,False,99.57491302490234,44.71148681640625,#000000,False,mixed,1,True,Times-Roman,0.0
test9.pdf,8,Intact ecosystem components are also more resilient to,25.68000030517578,False,100.59961700439453,73.498779296875,#000000,False,sentence,54,False,ArialMT,0.375
test9.pdf,8,natural and anthropogenic impacts.,25.68000030517578,False,72.99361419677734,73.498779296875,#000000,False,mixed,34,False,ArialMT,0.25
test9.pdf,9,….research areas to differentiate between,34.08000183105469,True,512.83056640625,51.1787109375,#4348AA,False,mixed,41,False,Arial-BoldMT,0.4
test9.pdf,9,natural variation and human impacts ……,34.08000183105469,True,471.7914123535156,51.1787109375,#4348AA,False,mixed,38,False,Arial-BoldMT,0.2
test9.pdf,9,•Developing an understanding of the interactions of living marine,25.68000030517578,False,420.04290771484375,19.0186767578125,#000000,False,sentence,65,False,ArialMT,0.4444444444444444
test9.pdf,9,resources is key to effective management.,25.68000030517578,False,389.3296203613281,28.3662109375,#000000,False,mixed,41,False,ArialMT,0.3333333333333333
test9.pdf,9,•Setting aside areas of the Sanctuary as MPAs can provide critical,25.68000030517578,False,327.87738037109375,19.0186767578125,#000000,False,mixed,66,False,ArialMT,0.36363636363636365
test9.pdf,9,research opportunities in offshore habitats in order to distinguish,25.68000030517578,False,297.1640930175781,28.3662109375,#000000,False,mixed,67,False,ArialMT,0.3333333333333333
test9.pdf,9,natural variation from human induced impacts,25.68000030517578,False,266.4508056640625,28.3662109375,#000000,False,mixed,44,False,ArialMT,0.16666666666666666
test9.pdf,9,•While the new MPAs in state waters do afford the opportunity to,25.68000030517578,False,174.2852783203125,19.0186767578125,#000000,False,mixed,64,False,ArialMT,0.5
test9.pdf,9,"distinguish human induced change from natural variation,",25.68000030517578,False,143.57199096679688,28.3662109375,#000000,False,mixed,56,False,ArialMT,0.14285714285714285
test9.pdf,9,offshore habitats are not adequately represented,25.68000030517578,False,112.85871887207031,28.3662109375,#000000,False,mixed,48,False,ArialMT,0.3333333333333333
test9.pdf,10,MPAs in federal waters of the MBNMS,34.08000183105469,True,496.99041748046875,88.37872314453125,#4348AA,False,mixed,35,False,Arial-BoldMT,0.42857142857142855
test9.pdf,10,as an ecosystem-based tool to address,34.08000183105469,True,455.9513244628906,76.85968017578125,#4348AA,False,mixed,37,False,Arial-BoldMT,0.42857142857142855
test9.pdf,10,•,25.68000030517578,False,394.3628234863281,76.85870361328125,#000000,False,mixed,1,False,ArialMT,0.0
test9.pdf,10,Preservation of unique and rare areas in their natural,25.68000030517578,False,394.3628234863281,105.6561279296875,#000000,False,sentence,54,False,ArialMT,0.4444444444444444
test9.pdf,10,state for the benefit of future generations,25.68000030517578,False,363.6495361328125,105.6561279296875,#000000,False,mixed,43,False,ArialMT,0.42857142857142855
test9.pdf,10,• Preservation of areas where natural ecosystem,25.68000030517578,False,289.9736022949219,76.86883544921875,#000000,False,sentence,47,False,ArialMT,0.3333333333333333
test9.pdf,10,components are maintained and/or restored,25.68000030517578,False,259.23980712890625,105.6588134765625,#000000,False,mixed,41,False,ArialMT,0.5
test9.pdf,10,•,25.68000030517578,False,185.5587158203125,76.85870361328125,#000000,False,mixed,1,False,ArialMT,0.0
test9.pdf,10,Designation of research areas to differentiate,25.68000030517578,False,185.5587158203125,105.6561279296875,#000000,False,sentence,46,False,ArialMT,0.3333333333333333
test9.pdf,10,between natural variation versus human impacts to,25.68000030517578,False,154.84542846679688,105.6561279296875,#000000,False,mixed,49,False,ArialMT,0.2857142857142857
test9.pdf,10,ecological processes and components.,25.68000030517578,False,124.13214874267578,105.6561279296875,#000000,False,mixed,36,False,ArialMT,0.25
test9.pdf,11,The Decision - clarifications,34.08000183105469,True,540.6704711914062,169.0186767578125,#4348AA,False,mixed,29,False,Arial-BoldMT,0.3333333333333333
test9.pdf,11,•Was not a comment on existing conservative management measures,21.360000610351562,False,491.5144348144531,51.1787109375,#000000,False,sentence,63,False,ArialMT,0.4444444444444444
test9.pdf,11,by the PFMC - recent stock assessments show improvements to some,21.360000610351562,False,460.79876708984375,60.53436279296875,#000000,False,mixed,64,False,ArialMT,0.4
test9.pdf,11,fishery stocks.,21.360000610351562,False,430.0830993652344,60.53436279296875,#000000,False,mixed,15,False,ArialMT,0.0
test9.pdf,11,•Does not mean the MBNMS wants to manage fisheries - the CDFG and,21.360000610351562,False,394.3264465332031,51.1787109375,#000000,False,mixed,65,False,ArialMT,0.5
test9.pdf,11,PFMC/NMFS manage fisheries.,21.360000610351562,False,363.61077880859375,60.53436279296875,#000000,False,mixed,27,False,ArialMT,0.0
test9.pdf,11,"•Was made after an evaluation of current management measures,",21.360000610351562,False,327.8541259765625,51.1787109375,#000000,False,sentence,61,False,ArialMT,0.4444444444444444
test9.pdf,11,including supplemental information provided to the MBNMS by the,21.360000610351562,False,297.1384582519531,60.53436279296875,#000000,False,mixed,63,False,ArialMT,0.4444444444444444
test9.pdf,11,"ACSF, at meeting MBNMS MPA objectives",21.360000610351562,False,266.42279052734375,60.53436279296875,#000000,False,mixed,37,False,ArialMT,0.16666666666666666
test9.pdf,11,"•Included many hours of work by stakeholders, including scientists, on",21.360000610351562,False,230.43118286132812,51.1787109375,#000000,False,sentence,70,False,ArialMT,0.3
test9.pdf,11,the MBNMS MPA working group,21.360000610351562,False,199.7154998779297,60.53436279296875,#000000,False,mixed,27,False,ArialMT,0.2
test9.pdf,11,"•Process is coordinated with our local partners at CDFG, PFMC, NMFS",21.360000610351562,False,157.95669555664062,51.1787109375,#000000,False,mixed,67,False,ArialMT,0.36363636363636365
test9.pdf,11,"•Affects only the federal portions of the MBNMS, not any other west",21.360000610351562,False,120.51261901855469,51.1787109375,#000000,False,mixed,67,False,ArialMT,0.5833333333333334
test9.pdf,11,coast sanctuary,21.360000610351562,False,89.79693603515625,60.53436279296875,#000000,False,mixed,15,False,ArialMT,0.0
test9.pdf,11,•Does not automatically require a change to the Designation Document,21.360000610351562,False,47.80317687988281,51.1787109375,#000000,False,mixed,68,False,ArialMT,0.5
test9.pdf,12,Clarification of Purpose,34.08000183105469,True,527.4705200195312,192.2987060546875,#4348AA,False,mixed,24,False,Arial-BoldMT,0.3333333333333333
test9.pdf,12,•,25.68000030517578,False,458.68280029296875,63.898681640625,#000000,False,mixed,1,False,ArialMT,0.0
test9.pdf,12,The primary purpose for this decision is the protection of,25.68000030517578,False,458.68280029296875,92.69610595703125,#000000,False,sentence,58,False,ArialMT,0.6
test9.pdf,12,biodiversity and ecosystem components of the Sanctuary,25.68000030517578,False,427.9695129394531,92.69610595703125,#000000,False,mixed,54,False,ArialMT,0.42857142857142855
test9.pdf,12,•,25.68000030517578,False,386.4449462890625,63.9088134765625,#000000,False,mixed,1,False,ArialMT,0.0
test9.pdf,12,The immediate action is to evaluate opportunities for,25.68000030517578,False,386.4424133300781,92.69610595703125,#000000,False,sentence,53,False,ArialMT,0.5
test9.pdf,12,"enhancing or modifying existing PFMC MPAs, or creating",25.68000030517578,False,355.7291259765625,92.69610595703125,#000000,False,mixed,54,False,ArialMT,0.25
test9.pdf,12,additional MPAs to meet MMNMS goals.,25.68000030517578,False,325.0158386230469,92.69610595703125,#000000,False,mixed,36,False,ArialMT,0.16666666666666666
test9.pdf,12,•,25.68000030517578,False,283.49127197265625,63.9088134765625,#000000,False,mixed,1,False,ArialMT,0.0
test9.pdf,12,Any future action would not be taken for the purpose of,25.68000030517578,False,283.48101806640625,92.69610595703125,#000000,False,sentence,55,False,ArialMT,0.5454545454545454
test9.pdf,12,managing any single human activity or impact,25.68000030517578,False,252.76773071289062,92.69610595703125,#000000,False,mixed,44,False,ArialMT,0.2857142857142857
test9.pdf,13,The Process Ahead,34.08000183105469,True,538.5105590820312,237.1787109375,#4348AA,False,capitalized,17,False,Arial-BoldMT,0.3333333333333333
test9.pdf,13,•Asking the PFMC and SAC for input on how best to build on,25.68000030517578,False,484.1229248046875,25.49871826171875,#000000,False,mixed,58,False,ArialMT,0.5384615384615384
test9.pdf,13,the efforts of the MPA working group to ensure an effective,25.68000030517578,False,453.4096374511719,35.10302734375,#000000,False,mixed,59,False,ArialMT,0.45454545454545453
test9.pdf,13,and timely public process:,25.68000030517578,False,422.69635009765625,35.10302734375,#000000,False,mixed,26,False,ArialMT,0.25
test9.pdf,13,"– Attended the April PFMC meeting week of April 7, 2008",25.68000030517578,False,349.0028991699219,63.89031982421875,#4348AA,False,mixed,55,False,ArialMT,0.2
test9.pdf,13,– Coordinated with NOAA Fisheries in drafting the Rational,25.68000030517578,False,312.0428161621094,63.898681640625,#4348AA,False,mixed,58,False,ArialMT,0.375
test9.pdf,13,for the MPA Decision,25.68000030517578,False,281.32952880859375,86.54405975341797,#4348AA,False,mixed,20,False,ArialMT,0.5
test9.pdf,13,•Asking for input on “Concepts for a Process” and proposed,25.68000030517578,False,207.642822265625,25.49871826171875,#000000,False,mixed,58,False,ArialMT,0.5
test9.pdf,13,timeline (see handouts),25.68000030517578,False,176.92953491210938,35.10302734375,#000000,False,mixed,23,False,ArialMT,0.0
test9.pdf,14,Process Concepts (1-5),34.08000183105469,True,525.7904663085938,211.49871826171875,#4348AA,False,mixed,22,False,Arial-BoldMT,0.0
test9.pdf,14,1.,25.68000030517578,False,484.4745178222656,64.138671875,#000000,False,mixed,2,True,TimesNewRomanPSMT,0.0
test9.pdf,14,The process ahead should capitalize on previous work,21.360000610351562,False,485.5144348144531,102.7786865234375,#000000,False,sentence,52,False,ArialMT,0.375
test9.pdf,14,2.,21.360000610351562,False,432.7125244140625,64.138427734375,#000000,False,mixed,2,False,ArialMT,0.0
test9.pdf,14,The membership of the MPA working group should remain,21.360000610351562,False,432.7146301269531,102.5416259765625,#000000,False,mixed,53,False,ArialMT,0.4444444444444444
test9.pdf,14,"approximately the same, some adjustment may be warranted",21.360000610351562,False,407.0399169921875,99.67938232421875,#000000,False,mixed,56,False,ArialMT,0.5
test9.pdf,14,3.,21.360000610351562,False,355.9254455566406,64.1363525390625,#000000,False,mixed,2,False,ArialMT,0.0
test9.pdf,14,Science members should remain involved but serve as subject matter,21.360000610351562,False,355.91473388671875,99.66851806640625,#000000,False,sentence,66,False,ArialMT,0.3
test9.pdf,14,"experts, not as stakeholders. A separate but public science panel",21.360000610351562,False,330.2400207519531,102.53076171875,#000000,False,mixed,65,False,ArialMT,0.4
test9.pdf,14,should be convened to evaluate eventual proposals - include PFMC,21.360000610351562,False,304.5543518066406,102.53076171875,#000000,False,mixed,64,False,ArialMT,0.3333333333333333
test9.pdf,14,SSC members as part of science panel,21.360000610351562,False,278.879638671875,101.41470336914062,#4348AA,False,sentence,36,False,ArialMT,0.2857142857142857
test9.pdf,14,4.,21.360000610351562,False,227.51434326171875,64.138671875,#000000,False,mixed,2,False,ArialMT,0.0
test9.pdf,14,Working group meetings should be professionally facilitated,21.360000610351562,False,227.51434326171875,93.86761474609375,#000000,False,sentence,59,False,ArialMT,0.2857142857142857
test9.pdf,14,5.,21.360000610351562,False,176.14353942871094,64.134521484375,#000000,False,mixed,2,False,ArialMT,0.0
test9.pdf,14,Working group and science panel meetings should be public and any,21.360000610351562,False,176.15423583984375,93.8499755859375,#000000,False,sentence,65,False,ArialMT,0.45454545454545453
test9.pdf,14,products made publicly available,21.360000610351562,False,150.7144775390625,102.54351806640625,#000000,False,mixed,32,False,ArialMT,0.0
test9.pdf,15,Process Concepts (6-11+),34.08000183105469,True,544.9904174804688,198.5386962890625,#4348AA,False,mixed,24,False,Arial-BoldMT,0.0
test9.pdf,15,6.,25.68000030517578,False,503.6745300292969,61.97869873046875,#000000,False,mixed,2,True,TimesNewRomanPSMT,0.0
test9.pdf,15,The MPA planning process should provide for dialogue with and input,21.360000610351562,False,504.7144470214844,100.37872314453125,#000000,False,mixed,67,False,ArialMT,0.45454545454545453
test9.pdf,15,from PFMC (prior to the NEPA phase and frequently),21.360000610351562,False,477.5872497558594,98.9476318359375,#000000,False,mixed,50,False,ArialMT,0.4444444444444444
test9.pdf,15,7.,21.360000610351562,False,426.4798583984375,61.970947265625,#000000,False,mixed,2,False,ArialMT,0.0
test9.pdf,15,There is a need for socioeconomic study,21.360000610351562,False,426.47344970703125,97.6162109375,#000000,False,sentence,39,False,ArialMT,0.5714285714285714
test9.pdf,15,8.,21.360000610351562,False,375.1026611328125,61.98773193359375,#000000,False,mixed,2,False,ArialMT,0.0
test9.pdf,15,A starting point for discussions should be the Areas of Interest,21.360000610351562,False,375.11334228515625,97.50732421875,#000000,False,mixed,64,False,ArialMT,0.5454545454545454
test9.pdf,15,identified by the working group adjacent to MPAs in state waters,21.360000610351562,False,349.4386291503906,98.93841552734375,#000000,False,mixed,64,False,ArialMT,0.36363636363636365
test9.pdf,15,9.,21.360000610351562,False,298.0678405761719,61.985595703125,#000000,False,mixed,2,False,ArialMT,0.0
test9.pdf,15,Adjacent State and Federal  waters MPAs should generally have,21.360000610351562,False,298.0742492675781,97.50732421875,#000000,False,mixed,61,False,ArialMT,0.3333333333333333
test9.pdf,15,parallel regulations,21.360000610351562,False,272.3995361328125,98.93841552734375,#000000,False,mixed,20,False,ArialMT,0.0
test9.pdf,15,10. The working group will have approx. 6 meetings over 6 months to,21.360000610351562,False,221.0287322998047,61.985595703125,#000000,False,mixed,67,False,ArialMT,0.38461538461538464
test9.pdf,15,develop proposals to forward to the SAC.,21.360000610351562,False,195.58897399902344,98.93841552734375,#000000,False,mixed,40,False,ArialMT,0.42857142857142855
test9.pdf,15,11. Decisions on implementing authority will be made in the future,21.360000610351562,False,144.21817016601562,61.985595703125,#000000,False,mixed,66,False,ArialMT,0.45454545454545453
test9.pdf,15,12. Include a thorough characterization of existing protective measures as,21.360000610351562,False,92.84736633300781,61.985595703125,#000000,False,mixed,74,False,ArialMT,0.3
test9.pdf,15,the status quo alternative and include the Davidson Seamount as part,21.360000610351562,False,67.19962310791016,97.81881713867188,#4348AA,False,mixed,68,False,ArialMT,0.36363636363636365
test9.pdf,15,of the Sanctuary when developing the alternatives,21.360000610351562,False,41.52490234375,97.82949829101562,#4348AA,False,mixed,49,False,ArialMT,0.5714285714285714
test9.pdf,18,Use and protection of marine resource,34.08000183105469,True,508.5105285644531,95.33868408203125,#4348AA,False,sentence,37,False,Arial-BoldMT,0.3333333333333333
test9.pdf,18,•,21.360000610351562,False,450.8476257324219,70.37872314453125,#000000,False,mixed,1,True,TimesNewRomanPSMT,0.0
test9.pdf,18,“to facilitate to the extent compatible with the primary objective of,21.360000610351562,False,450.8476257324219,99.1763916015625,#000000,False,mixed,69,True,TimesNewRomanPSMT,0.5454545454545454
test9.pdf,18,"resource protection, all public and private uses of the resources of",21.360000610351562,False,425.17291259765625,99.1763916015625,#000000,False,mixed,68,True,TimesNewRomanPSMT,0.45454545454545453
test9.pdf,18,these marine areas not prohibited pursuant to other authorities.”,21.360000610351562,False,399.4981994628906,99.1763916015625,#000000,False,mixed,65,True,TimesNewRomanPSMT,0.4444444444444444
test9.pdf,18,(Section 301(b)(6)),21.360000610351562,False,373.823486328125,99.1763916015625,#000000,False,sentence,19,True,TimesNewRomanPSMT,0.0
test9.pdf,18,•,21.360000610351562,False,343.1078186035156,70.38311767578125,#000000,False,mixed,1,True,TimesNewRomanPSMT,0.0
test9.pdf,18,This provision of the NMSA indicates that in the interest of,21.360000610351562,False,343.0907287597656,99.17620849609375,#000000,False,mixed,60,True,TimesNewRomanPSMT,0.6363636363636364
test9.pdf,18,"facilitating public and private uses of sanctuary resources, resource",21.360000610351562,False,317.416015625,99.17620849609375,#000000,False,mixed,69,True,TimesNewRomanPSMT,0.2222222222222222
test9.pdf,18,protection is the primary objective and therefore takes precedence.,21.360000610351562,False,291.7413024902344,99.17620849609375,#000000,False,mixed,67,True,TimesNewRomanPSMT,0.3333333333333333
test9.pdf,18,Human uses and/or activities should be facilitated only where,21.360000610351562,False,266.3015441894531,99.17620849609375,#000000,False,sentence,61,True,TimesNewRomanPSMT,0.6
test9.pdf,18,practicable in the context of resource protection.,21.360000610351562,False,240.62684631347656,99.17620849609375,#000000,False,mixed,50,True,TimesNewRomanPSMT,0.42857142857142855
test9.pdf,18,•,21.360000610351562,False,209.91116333007812,70.3829345703125,#000000,False,mixed,1,True,TimesNewRomanPSMT,0.0
test9.pdf,18,Vast portions (>98%)  of the MBNMS facilitate commercial and,21.360000610351562,False,209.89404296875,99.17620849609375,#000000,False,mixed,60,True,TimesNewRomanPSMT,0.3333333333333333
test9.pdf,18,recreational extraction. Less than 2% is off limits to all forms of,21.360000610351562,False,184.2193145751953,99.17620849609375,#000000,False,mixed,67,True,TimesNewRomanPSMT,0.5
test9.pdf,18,fishing in nearshore marine reserves implemented by the state.,21.360000610351562,False,158.5446014404297,99.17620849609375,#000000,False,mixed,62,True,TimesNewRomanPSMT,0.3333333333333333
